# Blender 5.1.0
# www.blender.org
mtllib modified_bottle.mtl
o bot.004
v -0.000000 2.622938 -0.588242
v 0.000000 3.137248 -0.563902
v 0.187922 2.622938 -0.558479
v 0.180401 3.137248 -0.535329
v 0.357450 2.622938 -0.472100
v 0.343143 3.137248 -0.452408
v 0.491987 2.622938 -0.337563
v 0.472295 3.137248 -0.323255
v 0.578366 2.622938 -0.168035
v 0.555216 3.137248 -0.160514
v 0.608130 2.622938 0.019887
v 0.583789 3.137248 0.019887
v 0.578366 2.622938 0.207810
v 0.555216 3.137248 0.200288
v 0.491987 2.622938 0.377337
v 0.472295 3.137248 0.363030
v 0.357450 2.622938 0.511875
v 0.343143 3.137248 0.492183
v 0.187922 2.622938 0.598253
v 0.180401 3.137248 0.575104
v 0.000000 2.622938 0.628017
v 0.000000 3.137248 0.603676
v -0.187922 2.622938 0.598253
v -0.180401 3.137248 0.575104
v -0.357450 2.622938 0.511874
v -0.343143 3.137248 0.492183
v -0.491987 2.622938 0.377337
v -0.472295 3.137248 0.363030
v -0.578366 2.622938 0.207810
v -0.555216 3.137248 0.200288
v -0.608130 2.622938 0.019887
v -0.583789 3.137248 0.019887
v -0.578366 2.622938 -0.168035
v -0.555216 3.137248 -0.160514
v -0.491987 2.622938 -0.337563
v -0.472295 3.137248 -0.323255
v -0.357450 2.622938 -0.472100
v -0.343143 3.137248 -0.452408
v -0.187922 2.622938 -0.558479
v -0.180401 3.137248 -0.535329
v 0.000000 3.640327 -0.585813
v 0.187172 3.640327 -0.556168
v 0.356021 3.640327 -0.470134
v 0.490022 3.640327 -0.336134
v 0.576055 3.640327 -0.167284
v 0.605700 3.640327 0.019887
v 0.576055 3.640327 0.207059
v 0.490022 3.640327 0.375909
v 0.356022 3.640327 0.509909
v 0.187172 3.640327 0.595942
v 0.000000 3.640327 0.625587
v -0.187172 3.640327 0.595942
v -0.356021 3.640327 0.509909
v -0.490022 3.640327 0.375909
v -0.576055 3.640327 0.207059
v -0.605700 3.640327 0.019887
v -0.576055 3.640327 -0.167284
v -0.490022 3.640327 -0.336134
v -0.356022 3.640327 -0.470134
v -0.187172 3.640327 -0.556168
v 0.000000 3.814165 -0.560282
v 0.179282 3.814165 -0.531886
v 0.341015 3.814165 -0.449479
v 0.469367 3.814165 -0.321128
v 0.551773 3.814165 -0.159395
v 0.580169 3.814165 0.019887
v 0.551773 3.814165 0.199169
v 0.469367 3.814165 0.360902
v 0.341015 3.814165 0.489254
v 0.179282 3.814165 0.571661
v 0.000000 3.814165 0.600056
v -0.179282 3.814165 0.571661
v -0.341015 3.814165 0.489254
v -0.469367 3.814165 0.360902
v -0.551773 3.814165 0.199169
v -0.580169 3.814165 0.019887
v -0.551773 3.814165 -0.159395
v -0.469367 3.814165 -0.321128
v -0.341015 3.814165 -0.449479
v -0.179282 3.814165 -0.531886
v 0.000000 3.970355 -0.516476
v 0.165745 3.970355 -0.490224
v 0.315266 3.970355 -0.414040
v 0.433927 3.970355 -0.295379
v 0.510112 3.970355 -0.145858
v 0.536363 3.970355 0.019887
v 0.510112 3.970355 0.185632
v 0.433927 3.970355 0.335154
v 0.315266 3.970355 0.453814
v 0.165745 3.970355 0.529999
v 0.000000 3.970355 0.556250
v -0.165745 3.970355 0.529999
v -0.315266 3.970355 0.453814
v -0.433927 3.970355 0.335154
v -0.510112 3.970355 0.185632
v -0.536363 3.970355 0.019887
v -0.510112 3.970355 -0.145858
v -0.433927 3.970355 -0.295379
v -0.315266 3.970355 -0.414040
v -0.165745 3.970355 -0.490224
v 0.000000 4.204804 -0.414322
v 0.134178 4.204804 -0.393071
v 0.255222 4.204804 -0.331396
v 0.351283 4.204804 -0.235335
v 0.412958 4.204804 -0.114291
v 0.434209 4.204804 0.019887
v 0.412958 4.204804 0.154065
v 0.351283 4.204804 0.275109
v 0.255222 4.204804 0.371170
v 0.134178 4.204804 0.432845
v 0.000000 4.204804 0.454097
v -0.134178 4.204804 0.432845
v -0.255222 4.204804 0.371170
v -0.351283 4.204804 0.275109
v -0.412958 4.204804 0.154065
v -0.434209 4.204804 0.019887
v -0.412958 4.204804 -0.114291
v -0.351283 4.204804 -0.235335
v -0.255222 4.204804 -0.331396
v -0.134178 4.204804 -0.393071
v 0.000000 4.345093 -0.176932
v 0.060820 4.345093 -0.167299
v 0.115687 4.345093 -0.139343
v 0.159230 4.345093 -0.095800
v 0.187186 4.345093 -0.040933
v 0.196819 4.345093 0.019887
v 0.187186 4.345093 0.080708
v 0.159230 4.345093 0.135574
v 0.115687 4.345093 0.179117
v 0.060820 4.345093 0.207073
v 0.000000 4.345093 0.216706
v -0.060820 4.345093 0.207073
v -0.115687 4.345093 0.179117
v -0.159230 4.345093 0.135574
v -0.187186 4.345093 0.080708
v -0.196819 4.345093 0.019887
v -0.187186 4.345093 -0.040933
v -0.159230 4.345093 -0.095800
v -0.115687 4.345093 -0.139343
v -0.060820 4.345093 -0.167299
v 0.000000 4.345093 -0.198886
v 0.067605 4.345093 -0.188178
v 0.128592 4.345093 -0.157104
v 0.176991 4.345093 -0.108704
v 0.208066 4.345093 -0.047717
v 0.218773 4.345093 0.019887
v 0.208066 4.345093 0.087492
v 0.176991 4.345093 0.148479
v 0.128592 4.345093 0.196878
v 0.067605 4.345093 0.227953
v 0.000000 4.345093 0.238660
v -0.067605 4.345093 0.227953
v -0.128592 4.345093 0.196878
v -0.176991 4.345093 0.148479
v -0.208065 4.345093 0.087492
v -0.218773 4.345093 0.019887
v -0.208065 4.345093 -0.047717
v -0.176991 4.345093 -0.108704
v -0.128592 4.345093 -0.157104
v -0.067605 4.345093 -0.188178
v 0.000000 4.364831 -0.198668
v 0.067537 4.364831 -0.187971
v 0.128463 4.364831 -0.156927
v 0.176815 4.364831 -0.108576
v 0.207858 4.364831 -0.047650
v 0.218555 4.364831 0.019887
v 0.207858 4.364831 0.087424
v 0.176815 4.364831 0.148350
v 0.128463 4.364831 0.196702
v 0.067537 4.364831 0.227745
v 0.000000 4.364831 0.238442
v -0.067537 4.364831 0.227745
v -0.128463 4.364831 0.196702
v -0.176814 4.364831 0.148350
v -0.207858 4.364831 0.087424
v -0.218555 4.364831 0.019887
v -0.207858 4.364831 -0.047650
v -0.176814 4.364831 -0.108576
v -0.128463 4.364831 -0.156927
v -0.067537 4.364831 -0.187971
v 0.000000 4.364831 -0.175840
v 0.060483 4.364831 -0.166261
v 0.115046 4.364831 -0.138460
v 0.158347 4.364831 -0.095159
v 0.186148 4.364831 -0.040596
v 0.195728 4.364831 0.019887
v 0.186148 4.364831 0.080370
v 0.158347 4.364831 0.134933
v 0.115046 4.364831 0.178234
v 0.060483 4.364831 0.206035
v 0.000000 4.364831 0.215615
v -0.060483 4.364831 0.206035
v -0.115046 4.364831 0.178234
v -0.158347 4.364831 0.134933
v -0.186148 4.364831 0.080370
v -0.195728 4.364831 0.019887
v -0.186148 4.364831 -0.040596
v -0.158347 4.364831 -0.095159
v -0.115046 4.364831 -0.138460
v -0.060483 4.364831 -0.166261
v 0.000000 4.379224 -0.171807
v 0.059237 4.379224 -0.162425
v 0.112675 4.379224 -0.135197
v 0.155084 4.379224 -0.092788
v 0.182312 4.379224 -0.039350
v 0.191695 4.379224 0.019887
v 0.182312 4.379224 0.079124
v 0.155084 4.379224 0.132562
v 0.112675 4.379224 0.174971
v 0.059237 4.379224 0.202200
v 0.000000 4.379224 0.211582
v -0.059237 4.379224 0.202200
v -0.112675 4.379224 0.174971
v -0.155084 4.379224 0.132562
v -0.182312 4.379224 0.079124
v -0.191695 4.379224 0.019887
v -0.182312 4.379224 -0.039350
v -0.155084 4.379224 -0.092788
v -0.112675 4.379224 -0.135197
v -0.059237 4.379224 -0.162425
v 0.000000 4.384564 -0.178503
v 0.061306 4.384564 -0.168793
v 0.116611 4.384564 -0.140614
v 0.160501 4.384564 -0.096724
v 0.188680 4.384564 -0.041419
v 0.198390 4.384564 0.019887
v 0.188680 4.384564 0.081193
v 0.160501 4.384564 0.136498
v 0.116611 4.384564 0.180388
v 0.061306 4.384564 0.208567
v 0.000000 4.384564 0.218277
v -0.061306 4.384564 0.208567
v -0.116611 4.384564 0.180388
v -0.160501 4.384564 0.136498
v -0.188680 4.384564 0.081193
v -0.198390 4.384564 0.019887
v -0.188680 4.384564 -0.041419
v -0.160501 4.384564 -0.096724
v -0.116611 4.384564 -0.140614
v -0.061306 4.384564 -0.168793
v 0.000000 4.589356 -0.129146
v 0.046054 4.589356 -0.121852
v 0.087599 4.589356 -0.100683
v 0.120570 4.589356 -0.067712
v 0.141739 4.589356 -0.026167
v 0.149033 4.589356 0.019887
v 0.141739 4.589356 0.065941
v 0.120570 4.589356 0.107487
v 0.087599 4.589356 0.140457
v 0.046054 4.589356 0.161626
v 0.000000 4.589356 0.168920
v -0.046054 4.589356 0.161626
v -0.087599 4.589356 0.140457
v -0.120570 4.589356 0.107487
v -0.141739 4.589356 0.065941
v -0.149033 4.589356 0.019887
v -0.141739 4.589356 -0.026167
v -0.120570 4.589356 -0.067712
v -0.087599 4.589356 -0.100683
v -0.046054 4.589356 -0.121852
v -0.000000 1.668005 -0.588242
v 0.187922 1.668005 -0.558479
v 0.357450 1.668005 -0.472100
v 0.491987 1.668005 -0.337562
v 0.578366 1.668005 -0.168035
v 0.608130 1.668005 0.019887
v 0.578366 1.668005 0.207810
v 0.491987 1.668005 0.377337
v 0.357450 1.668005 0.511874
v 0.187922 1.668005 0.598253
v -0.000000 1.668005 0.628017
v -0.187922 1.668005 0.598253
v -0.357450 1.668005 0.511874
v -0.491987 1.668005 0.377337
v -0.578366 1.668005 0.207810
v -0.608130 1.668005 0.019887
v -0.578366 1.668005 -0.168035
v -0.491987 1.668005 -0.337562
v -0.357450 1.668005 -0.472100
v -0.187922 1.668005 -0.558479
v -0.000000 0.794550 -0.588238
v 0.187921 0.794550 -0.558474
v 0.357447 0.794550 -0.472096
v 0.491984 0.794550 -0.337560
v 0.578361 0.794550 -0.168034
v 0.608125 0.794550 0.019887
v 0.578361 0.794550 0.207808
v 0.491984 0.794550 0.377334
v 0.357447 0.794550 0.511871
v 0.187921 0.794550 0.598249
v -0.000000 0.794550 0.628012
v -0.187921 0.794550 0.598248
v -0.357447 0.794550 0.511871
v -0.491984 0.794550 0.377334
v -0.578361 0.794550 0.207808
v -0.608125 0.794550 0.019887
v -0.578361 0.794550 -0.168034
v -0.491984 0.794550 -0.337560
v -0.357447 0.794550 -0.472096
v -0.187921 0.794550 -0.558474
v -0.000055 0.411917 -0.594321
v 0.189774 0.411917 -0.564269
v 0.361023 0.411917 -0.477018
v 0.496922 0.411917 -0.341112
v 0.584164 0.411917 -0.169862
v 0.614208 0.411917 0.019962
v 0.584120 0.411917 0.209772
v 0.496850 0.411917 0.380985
v 0.360951 0.411916 0.516844
v 0.189729 0.411916 0.604057
v -0.000055 0.411916 0.634096
v -0.189828 0.411916 0.604025
v -0.361023 0.411916 0.516792
v -0.496888 0.411916 0.380933
v -0.584130 0.411916 0.209740
v -0.614208 0.411916 0.019962
v -0.584174 0.411916 -0.169830
v -0.496960 0.411917 -0.341060
v -0.361094 0.411917 -0.476966
v -0.189872 0.411917 -0.564236
v 0.000037 0.267082 -0.057820
v -0.000118 0.267082 0.096349
v 0.023874 0.267082 -0.054044
v 0.044834 0.267082 -0.042000
v 0.061892 0.267082 -0.024942
v 0.073631 0.267082 -0.003981
v 0.076430 0.267082 0.019801
v 0.072395 0.267082 0.043410
v 0.061583 0.267082 0.064630
v 0.044743 0.267082 0.081470
v 0.023523 0.267082 0.092283
v -0.023996 0.267082 0.093646
v -0.044861 0.267082 0.081811
v -0.061583 0.267082 0.064630
v -0.072396 0.267082 0.043410
v -0.076121 0.267082 0.019887
v -0.072396 0.267082 -0.003636
v -0.061583 0.267082 -0.024856
v -0.044743 0.267082 -0.041696
v -0.023536 0.267082 -0.052829
v 0.061823 4.557276 -0.170385
v 0.000000 4.557276 -0.180177
v 0.117595 4.557276 -0.141968
v 0.161855 4.557276 -0.097707
v 0.190272 4.557276 -0.041936
v 0.200064 4.557276 0.019887
v 0.190272 4.557276 0.081710
v 0.161855 4.557276 0.137482
v 0.117595 4.557276 0.181742
v 0.061823 4.557276 0.210159
v 0.000000 4.557276 0.219951
v -0.061823 4.557276 0.210159
v -0.117595 4.557276 0.181742
v -0.161855 4.557276 0.137482
v -0.190272 4.557276 0.081710
v -0.200064 4.557276 0.019887
v -0.190272 4.557276 -0.041936
v -0.161855 4.557276 -0.097707
v -0.117595 4.557276 -0.141968
v -0.061823 4.557276 -0.170385
v 0.161855 4.426491 0.137482
v 0.117595 4.426491 0.181742
v 0.000000 4.426491 -0.180177
v 0.061823 4.426491 -0.170385
v -0.200064 4.426491 0.019887
v -0.190272 4.426491 -0.041936
v 0.061823 4.426491 0.210159
v 0.117595 4.426491 -0.141968
v -0.161855 4.426491 -0.097707
v 0.000000 4.426491 0.219951
v 0.161855 4.426491 -0.097707
v -0.117595 4.426491 -0.141968
v -0.061823 4.426491 0.210159
v 0.190272 4.426491 -0.041936
v -0.061823 4.426491 -0.170385
v -0.117595 4.426491 0.181742
v 0.200064 4.426491 0.019887
v -0.161855 4.426491 0.137482
v 0.190272 4.426491 0.081710
v -0.190272 4.426491 0.081710
v 0.069301 4.361541 -0.193398
v 0.000000 4.361541 -0.204374
v 0.131818 4.361542 -0.161544
v 0.181431 4.361542 -0.111930
v 0.213285 4.361542 -0.049413
v 0.224262 4.361542 0.019887
v 0.213285 4.361542 0.089188
v 0.181431 4.361542 0.151705
v 0.131818 4.361542 0.201319
v 0.069301 4.361542 0.233173
v 0.000000 4.361542 0.244149
v -0.069301 4.361542 0.233173
v -0.131818 4.361542 0.201319
v -0.181431 4.361542 0.151705
v -0.213285 4.361542 0.089188
v -0.224262 4.361542 0.019887
v -0.213285 4.361542 -0.049413
v -0.181431 4.361542 -0.111930
v -0.131818 4.361542 -0.161544
v -0.069301 4.361541 -0.193398
v 0.058720 4.367710 -0.160833
v 0.000000 4.367710 -0.170134
v 0.111691 4.367710 -0.133843
v 0.153730 4.367710 -0.091804
v 0.180720 4.367710 -0.038832
v 0.190021 4.367710 0.019887
v 0.180720 4.367710 0.078607
v 0.153730 4.367710 0.131579
v 0.111691 4.367710 0.173617
v 0.058720 4.367710 0.200608
v 0.000000 4.367710 0.209908
v -0.058720 4.367710 0.200608
v -0.111691 4.367710 0.173617
v -0.153730 4.367710 0.131579
v -0.180720 4.367710 0.078607
v -0.190021 4.367710 0.019887
v -0.180720 4.367710 -0.038832
v -0.153730 4.367710 -0.091804
v -0.111691 4.367710 -0.133843
v -0.058720 4.367710 -0.160833
v 0.056378 4.327030 -0.153626
v 0.000000 4.327030 -0.162555
v 0.107237 4.327030 -0.127712
v 0.147599 4.327030 -0.087350
v 0.173513 4.327030 -0.036491
v 0.182442 4.327030 0.019887
v 0.173513 4.327030 0.076265
v 0.147599 4.327030 0.127124
v 0.107237 4.327030 0.167486
v 0.056378 4.327030 0.193400
v 0.000000 4.327030 0.202330
v -0.056378 4.327030 0.193400
v -0.107237 4.327030 0.167486
v -0.147599 4.327030 0.127124
v -0.173513 4.327030 0.076265
v -0.182442 4.327030 0.019887
v -0.173513 4.327030 -0.036491
v -0.147599 4.327030 -0.087350
v -0.107237 4.327030 -0.127712
v -0.056378 4.327030 -0.153626
v 0.069301 4.348382 -0.193398
v 0.000000 4.348382 -0.204374
v 0.131818 4.348382 -0.161544
v 0.181431 4.348382 -0.111930
v 0.213285 4.348382 -0.049413
v 0.224262 4.348382 0.019887
v 0.213285 4.348382 0.089188
v 0.181431 4.348382 0.151705
v 0.131818 4.348382 0.201319
v 0.069301 4.348382 0.233173
v 0.000000 4.348382 0.244149
v -0.069301 4.348382 0.233173
v -0.131818 4.348382 0.201319
v -0.181431 4.348382 0.151705
v -0.213285 4.348382 0.089188
v -0.224262 4.348382 0.019887
v -0.213285 4.348382 -0.049413
v -0.181431 4.348382 -0.111930
v -0.131818 4.348382 -0.161544
v -0.069301 4.348382 -0.193398
v 0.164644 0.250445 -0.478374
v 0.340144 0.243975 -0.448281
v 0.468249 0.243975 -0.320176
v 0.498197 0.250445 -0.144674
v 0.524279 0.250445 0.022932
v 0.550497 0.243975 0.199120
v 0.468249 0.243975 0.360542
v 0.310248 0.250445 0.442740
v 0.159161 0.250445 0.519723
v -0.179152 0.243975 0.570895
v -0.306154 0.250445 0.446025
v -0.426058 0.250445 0.326121
v -0.550927 0.243975 0.199120
v -0.579268 0.243975 0.020183
v -0.499756 0.250445 -0.139194
v -0.422773 0.250445 -0.290281
v -0.340574 0.243975 -0.448281
v -0.179152 0.243975 -0.530529
v -0.002989 0.250445 -0.504924
v -0.000215 0.243975 0.599236
v 0.169945 0.075371 -0.383835
v 0.276210 0.054070 -0.360283
v 0.380190 0.054070 -0.256302
v 0.403752 0.075371 -0.150027
v 0.436203 0.075371 0.056892
v 0.446950 0.054070 0.165201
v 0.380190 0.054070 0.296225
v 0.286228 0.075371 0.351233
v -0.145294 0.054070 0.466965
v -0.226638 0.075371 0.394626
v -0.374714 0.075371 0.246550
v -0.447058 0.054070 0.165201
v -0.470061 0.054070 0.019961
v -0.426391 0.075371 -0.079730
v -0.331321 0.075371 -0.266316
v -0.276317 0.054070 -0.360283
v -0.145294 0.054070 -0.427043
v 0.099642 0.075371 0.446303
v -0.000054 0.054070 0.489969
v -0.036993 0.075371 -0.416611
v 0.076421 0.075371 -0.173300
v 0.097492 0.054070 -0.114418
v 0.134308 0.054070 -0.077602
v 0.193213 0.075371 -0.056509
v 0.206087 0.075371 0.032924
v 0.157647 0.054070 0.071110
v 0.134103 0.054070 0.117318
v 0.131661 0.075371 0.178993
v -0.051538 0.054070 0.178443
v -0.110743 0.075371 0.194637
v -0.174404 0.075371 0.130517
v -0.157647 0.054070 0.071110
v -0.165760 0.054070 0.019887
v -0.200050 0.075371 -0.031402
v -0.159101 0.075371 -0.111769
v -0.097431 0.054070 -0.114215
v -0.051232 0.054070 -0.137974
v 0.051294 0.075371 0.219942
v -0.000079 0.054070 0.185874
v -0.013085 0.075371 -0.187477
v 0.044636 0.236408 -0.128505
v 0.054113 0.224479 -0.055069
v 0.074970 0.224479 -0.034213
v 0.147850 0.236408 -0.024702
v 0.151152 0.236408 0.016678
v 0.087164 0.224479 0.048208
v 0.074146 0.224479 0.073757
v 0.085985 0.236408 0.143577
v 0.049440 0.236408 0.162198
v -0.029582 0.224479 0.110687
v -0.091273 0.236408 0.140602
v -0.120048 0.236408 0.110945
v -0.087164 0.224479 0.048208
v -0.091649 0.224479 0.019887
v -0.142299 0.236408 -0.029540
v -0.123678 0.236408 -0.066085
v -0.053870 0.224479 -0.054259
v -0.028357 0.224479 -0.068131
v 0.003070 0.236408 -0.135089
v -0.000315 0.224479 0.112445
v -0.000000 2.362468 -0.588236
v 0.187921 2.362468 -0.558473
v 0.187922 3.336614 -0.558479
v 0.000000 3.336614 -0.588243
v 0.357446 2.362468 -0.472095
v 0.357450 3.336614 -0.472100
v 0.491982 2.362468 -0.337559
v 0.491987 3.336614 -0.337563
v 0.578360 2.362468 -0.168033
v 0.578366 3.336614 -0.168035
v 0.608124 2.362468 0.019887
v 0.608130 3.336614 0.019887
v 0.578360 2.362468 0.207808
v 0.578366 3.336614 0.207810
v 0.491982 2.362468 0.377333
v 0.491987 3.336614 0.377337
v 0.357446 2.362468 0.511869
v 0.357450 3.336614 0.511875
v 0.187921 2.362468 0.598247
v 0.187922 3.336614 0.598253
v -0.000000 2.362468 0.628011
v 0.000000 3.336614 0.628017
v -0.187921 2.362468 0.598247
v -0.187922 3.336614 0.598253
v -0.357446 2.362468 0.511869
v -0.357450 3.336614 0.511875
v -0.491982 2.362468 0.377333
v -0.491987 3.336614 0.377337
v -0.578360 2.362468 0.207808
v -0.578366 3.336614 0.207810
v -0.608124 2.362468 0.019887
v -0.608130 3.336614 0.019887
v -0.578360 2.362468 -0.168033
v -0.578366 3.336614 -0.168035
v -0.491982 2.362468 -0.337559
v -0.491987 3.336614 -0.337563
v -0.357446 2.362468 -0.472095
v -0.357450 3.336614 -0.472100
v -0.187921 2.362468 -0.558473
v -0.187922 3.336614 -0.558479
v 0.060303 4.589357 -0.165707
v 0.000000 4.589357 -0.175258
v 0.114704 4.589357 -0.137989
v 0.157876 4.589357 -0.094816
v 0.185594 4.589357 -0.040416
v 0.195145 4.589357 0.019887
v 0.185594 4.589357 0.080190
v 0.157876 4.589357 0.134591
v 0.114704 4.589357 0.177763
v 0.060303 4.589357 0.205481
v 0.000000 4.589357 0.215032
v -0.060303 4.589357 0.205481
v -0.114703 4.589357 0.177763
v -0.157876 4.589357 0.134591
v -0.185594 4.589357 0.080190
v -0.195145 4.589357 0.019887
v -0.185594 4.589357 -0.040416
v -0.157876 4.589357 -0.094816
v -0.114703 4.589357 -0.137989
v -0.060303 4.589357 -0.165707
v 0.095131 2.362468 -0.580749
v 0.095132 3.336614 -0.580756
v 0.000000 2.879058 -0.588256
v 0.187927 2.879058 -0.558491
v 0.276082 2.362468 -0.521955
v 0.276085 3.336614 -0.521960
v 0.357458 2.879058 -0.472111
v 0.430008 2.362468 -0.410121
v 0.430013 3.336614 -0.410126
v 0.491998 2.879058 -0.337570
v 0.541842 2.362468 -0.256195
v 0.541848 3.336614 -0.256198
v 0.578378 2.879058 -0.168039
v 0.600637 2.362468 -0.075244
v 0.600643 3.336614 -0.075245
v 0.608143 2.879058 0.019887
v 0.600637 2.362468 0.115019
v 0.600643 3.336614 0.115020
v 0.578379 2.879058 0.207814
v 0.541842 2.362468 0.295970
v 0.541848 3.336614 0.295972
v 0.491998 2.879058 0.377345
v 0.430008 2.362468 0.449896
v 0.430013 3.336614 0.449900
v 0.357458 2.879058 0.511885
v 0.276082 2.362468 0.561729
v 0.276085 3.336614 0.561735
v 0.187927 2.879058 0.598266
v 0.095131 2.362468 0.620524
v 0.095132 3.336614 0.620530
v 0.000000 2.879058 0.628030
v -0.095131 2.362468 0.620524
v -0.095132 3.336614 0.620530
v -0.187927 2.879058 0.598266
v -0.276082 2.362468 0.561729
v -0.276085 3.336614 0.561735
v -0.357458 2.879058 0.511885
v -0.430008 2.362468 0.449896
v -0.430013 3.336614 0.449900
v -0.491998 2.879058 0.377345
v -0.541842 2.362468 0.295970
v -0.541848 3.336614 0.295972
v -0.578378 2.879058 0.207814
v -0.600637 2.362468 0.115019
v -0.600643 3.336614 0.115020
v -0.608143 2.879058 0.019887
v -0.600637 2.362468 -0.075244
v -0.600643 3.336614 -0.075245
v -0.578379 2.879058 -0.168039
v -0.541842 2.362468 -0.256195
v -0.541848 3.336614 -0.256198
v -0.491998 2.879058 -0.337570
v -0.430008 2.362468 -0.410121
v -0.430013 3.336614 -0.410126
v -0.357458 2.879058 -0.472111
v -0.276082 2.362468 -0.521955
v -0.276085 3.336614 -0.521960
v -0.187927 2.879058 -0.558491
v -0.095131 2.362468 -0.580749
v -0.095132 3.336614 -0.580756
v 0.094752 3.640327 -0.578356
v 0.274982 3.640327 -0.519795
v 0.428295 3.640327 -0.408407
v 0.539683 3.640327 -0.255095
v 0.598243 3.640327 -0.074865
v 0.598243 3.640327 0.114640
v 0.539683 3.640327 0.294869
v 0.428295 3.640327 0.448182
v 0.274982 3.640327 0.559570
v 0.094752 3.640327 0.618130
v -0.094752 3.640327 0.618130
v -0.274982 3.640327 0.559570
v -0.428295 3.640327 0.448182
v -0.539683 3.640327 0.294869
v -0.598243 3.640327 0.114640
v -0.598243 3.640327 -0.074865
v -0.539683 3.640327 -0.255095
v -0.428295 3.640327 -0.408407
v -0.274982 3.640327 -0.519795
v -0.094752 3.640327 -0.578356
v 0.583000 3.480309 0.209315
v 0.495929 3.480309 0.380201
v -0.189428 3.480309 0.602887
v -0.360314 3.480309 0.515816
v -0.583000 3.480309 -0.169541
v -0.495929 3.480309 -0.340426
v 0.583000 3.480309 -0.169541
v 0.613002 3.480309 0.019887
v 0.189428 3.480309 0.602887
v 0.000000 3.480309 0.632889
v -0.583000 3.480309 0.209315
v -0.613002 3.480309 0.019887
v -0.189428 3.480309 -0.563113
v 0.000000 3.480309 -0.593115
v 0.360314 3.480309 -0.476042
v 0.495929 3.480309 -0.340426
v 0.360314 3.480309 0.515816
v 0.189428 3.480309 -0.563113
v -0.495929 3.480309 0.380201
v -0.360314 3.480309 -0.476042
v 0.090758 3.814165 -0.553139
v 0.263391 3.814165 -0.497047
v 0.410241 3.814165 -0.390354
v 0.516934 3.814165 -0.243504
v 0.573026 3.814165 -0.070871
v 0.573026 3.814165 0.110646
v 0.516934 3.814165 0.283278
v 0.410241 3.814165 0.430129
v 0.263391 3.814165 0.536821
v 0.090758 3.814165 0.592913
v -0.090758 3.814165 0.592913
v -0.263391 3.814165 0.536821
v -0.410241 3.814165 0.430129
v -0.516934 3.814165 0.283278
v -0.573026 3.814165 0.110646
v -0.573026 3.814165 -0.070871
v -0.516934 3.814165 -0.243504
v -0.410241 3.814165 -0.390354
v -0.263391 3.814165 -0.497047
v -0.090758 3.814165 -0.553139
v -0.349593 3.745754 0.501061
v -0.481174 3.745754 0.369481
v 0.594764 3.745754 0.019887
v 0.565654 3.745754 0.203679
v -0.565654 3.745754 0.203679
v 0.481174 3.745754 0.369481
v -0.594764 3.745754 0.019887
v 0.349593 3.745754 0.501061
v 0.000000 3.745754 -0.574876
v 0.183792 3.745754 -0.545767
v -0.565654 3.745754 -0.163905
v 0.183792 3.745754 0.585541
v 0.349593 3.745754 -0.461287
v -0.481174 3.745754 -0.329706
v 0.000000 3.745754 0.614651
v 0.481174 3.745754 -0.329706
v -0.349593 3.745754 -0.461287
v -0.183792 3.745754 0.585541
v 0.565654 3.745754 -0.163905
v -0.183792 3.745754 -0.545767
v 0.083906 3.970355 -0.509872
v 0.243504 3.970355 -0.458016
v 0.379266 3.970355 -0.359379
v 0.477903 3.970355 -0.223617
v 0.529760 3.970355 -0.064018
v 0.529760 3.970355 0.103793
v 0.477903 3.970355 0.263391
v 0.379266 3.970355 0.399153
v 0.243504 3.970355 0.497790
v 0.083906 3.970355 0.549647
v -0.083906 3.970355 0.549647
v -0.243504 3.970355 0.497790
v -0.379266 3.970355 0.399153
v -0.477903 3.970355 0.263391
v -0.529760 3.970355 0.103793
v -0.529760 3.970355 -0.064018
v -0.477903 3.970355 -0.223617
v -0.379266 3.970355 -0.359379
v -0.243504 3.970355 -0.458016
v -0.083906 3.970355 -0.509872
v 0.173640 3.881521 0.554298
v 0.000000 3.881521 0.581800
v 0.330284 3.881521 -0.434709
v 0.454597 3.881521 -0.310397
v -0.454597 3.881521 -0.310397
v -0.330284 3.881521 -0.434709
v -0.173640 3.881521 0.554298
v 0.534410 3.881521 -0.153753
v -0.173640 3.881521 -0.514523
v -0.330284 3.881521 0.474484
v 0.561912 3.881521 0.019887
v 0.000000 3.881521 -0.542025
v -0.454597 3.881521 0.350171
v 0.534410 3.881521 0.193528
v -0.534410 3.881521 0.193528
v 0.454597 3.881521 0.350171
v -0.561912 3.881521 0.019887
v 0.330284 3.881521 0.474484
v 0.173640 3.881521 -0.514523
v -0.534410 3.881521 -0.153753
v 0.067925 4.204804 -0.408976
v 0.197127 4.204804 -0.366996
v 0.307032 4.204804 -0.287145
v 0.386883 4.204804 -0.177240
v 0.428864 4.204804 -0.048038
v 0.428864 4.204804 0.087813
v 0.386883 4.204804 0.217014
v 0.307032 4.204804 0.326920
v 0.197127 4.204804 0.406771
v 0.067925 4.204804 0.448751
v -0.067925 4.204804 0.448751
v -0.197127 4.204804 0.406771
v -0.307032 4.204804 0.326920
v -0.386883 4.204804 0.217014
v -0.428864 4.204804 0.087813
v -0.428864 4.204804 -0.048038
v -0.386883 4.204804 -0.177240
v -0.307032 4.204804 -0.287145
v -0.197127 4.204804 -0.366996
v -0.067925 4.204804 -0.408976
v 0.471944 4.090155 0.173231
v 0.401459 4.090155 0.311564
v -0.471944 4.090155 0.173231
v -0.496231 4.090155 0.019887
v 0.291677 4.090155 0.421347
v 0.000000 4.090155 -0.476344
v 0.153344 4.090155 -0.452056
v -0.471944 4.090155 -0.133457
v 0.153344 4.090155 0.491831
v 0.291677 4.090155 -0.381572
v -0.401459 4.090155 -0.271790
v 0.000000 4.090155 0.516118
v 0.401459 4.090155 -0.271790
v -0.291677 4.090155 -0.381572
v -0.153344 4.090155 0.491831
v 0.471944 4.090155 -0.133457
v -0.153344 4.090155 -0.452056
v -0.291677 4.090155 0.421347
v 0.496231 4.090155 0.019887
v -0.401459 4.090155 0.311565
v 0.028540 4.327030 -0.160309
v 0.082827 4.327030 -0.142670
v 0.129006 4.327030 -0.109119
v 0.162557 4.327030 -0.062940
v 0.180196 4.327030 -0.008653
v 0.180196 4.327030 0.048427
v 0.162557 4.327030 0.102714
v 0.129006 4.327030 0.148893
v 0.082827 4.327030 0.182445
v 0.028540 4.327030 0.200083
v -0.028540 4.327030 0.200083
v -0.082827 4.327030 0.182445
v -0.129006 4.327030 0.148893
v -0.162557 4.327030 0.102714
v -0.180196 4.327030 0.048427
v -0.180196 4.327030 -0.008653
v -0.162557 4.327030 -0.062940
v -0.129006 4.327030 -0.109119
v -0.082827 4.327030 -0.142670
v -0.028540 4.327030 -0.160309
v 0.267132 4.282979 -0.174195
v 0.314032 4.282979 -0.082148
v -0.194082 4.282979 -0.247244
v -0.102035 4.282979 -0.294145
v -0.102035 4.282979 0.333919
v -0.194082 4.282979 0.287019
v 0.330193 4.282979 0.019887
v 0.000000 4.282979 -0.310306
v -0.267132 4.282979 0.213970
v 0.314032 4.282979 0.121922
v -0.314032 4.282979 0.121922
v 0.267132 4.282979 0.213970
v -0.330193 4.282979 0.019887
v 0.194082 4.282979 0.287019
v 0.102035 4.282979 -0.294145
v -0.314032 4.282979 -0.082148
v 0.102035 4.282979 0.333919
v 0.194082 4.282979 -0.247244
v -0.267132 4.282979 -0.174195
v 0.000000 4.282979 0.350080
v 0.035081 4.348382 -0.201608
v 0.101810 4.348382 -0.179926
v 0.158573 4.348382 -0.138686
v 0.199813 4.348382 -0.081923
v 0.221495 4.348382 -0.015194
v 0.221495 4.348382 0.054969
v 0.199813 4.348382 0.121697
v 0.158573 4.348382 0.178460
v 0.101810 4.348382 0.219701
v 0.035081 4.348382 0.241382
v -0.035081 4.348382 0.241382
v -0.101810 4.348382 0.219701
v -0.158573 4.348382 0.178460
v -0.199813 4.348382 0.121697
v -0.221495 4.348382 0.054969
v -0.221495 4.348382 -0.015194
v -0.199813 4.348382 -0.081923
v -0.158573 4.348382 -0.138686
v -0.101810 4.348382 -0.179926
v -0.035081 4.348382 -0.201608
v 0.000000 4.345093 -0.187909
v 0.064213 4.345093 -0.177739
v -0.207796 4.345093 0.019887
v -0.197626 4.345093 -0.044325
v 0.122139 4.345093 0.187998
v 0.064213 4.345093 0.217513
v 0.122139 4.345093 -0.148223
v -0.168110 4.345093 -0.102252
v 0.000000 4.345093 0.227683
v 0.168111 4.345093 -0.102252
v -0.122139 4.345093 -0.148223
v -0.064212 4.345093 0.217513
v 0.197626 4.345093 -0.044325
v -0.064212 4.345093 -0.177739
v -0.122139 4.345093 0.187998
v 0.207796 4.345093 0.019887
v -0.168110 4.345093 0.142027
v 0.197626 4.345093 0.084100
v -0.197626 4.345093 0.084100
v 0.168111 4.345093 0.142027
v 0.035081 4.361541 -0.201608
v 0.101810 4.361541 -0.179926
v 0.158573 4.361541 -0.138686
v 0.199813 4.361541 -0.081923
v 0.221495 4.361541 -0.015194
v 0.221495 4.361541 0.054969
v 0.199813 4.361541 0.121697
v 0.158573 4.361541 0.178460
v 0.101810 4.361541 0.219701
v 0.035081 4.361541 0.241382
v -0.035081 4.361541 0.241382
v -0.101810 4.361541 0.219701
v -0.158573 4.361541 0.178460
v -0.199813 4.361541 0.121697
v -0.221495 4.361541 0.054969
v -0.221495 4.361541 -0.015194
v -0.199813 4.361541 -0.081923
v -0.158573 4.361541 -0.138686
v -0.101810 4.361541 -0.179926
v -0.035081 4.361541 -0.201608
v -0.069301 4.354962 -0.193398
v 0.000000 4.354962 -0.204374
v -0.131818 4.354962 0.201319
v -0.181431 4.354962 0.151705
v 0.224262 4.354962 0.019887
v 0.213285 4.354962 0.089188
v -0.213285 4.354962 0.089188
v 0.181431 4.354962 0.151705
v -0.224262 4.354962 0.019887
v 0.131818 4.354962 0.201319
v 0.069301 4.354962 -0.193398
v -0.213285 4.354962 -0.049413
v 0.069301 4.354962 0.233173
v 0.131818 4.354962 -0.161544
v -0.181431 4.354962 -0.111930
v 0.000000 4.354962 0.244149
v 0.181431 4.354962 -0.111930
v -0.131818 4.354962 -0.161544
v -0.069301 4.354962 0.233173
v 0.213285 4.354962 -0.049413
v 0.029725 4.367710 -0.167789
v 0.086265 4.367710 -0.149418
v 0.134361 4.367710 -0.114474
v 0.169305 4.367710 -0.066378
v 0.187676 4.367710 -0.009838
v 0.187676 4.367710 0.049612
v 0.169305 4.367710 0.106153
v 0.134361 4.367710 0.154249
v 0.086265 4.367710 0.189193
v 0.029725 4.367710 0.207564
v -0.029725 4.367710 0.207564
v -0.086265 4.367710 0.189193
v -0.134361 4.367710 0.154249
v -0.169305 4.367710 0.106153
v -0.187676 4.367710 0.049612
v -0.187676 4.367710 -0.009838
v -0.169305 4.367710 -0.066378
v -0.134361 4.367710 -0.114474
v -0.086265 4.367710 -0.149418
v -0.029725 4.367710 -0.167789
v -0.197003 4.364831 -0.044123
v -0.167581 4.364831 -0.101867
v 0.064010 4.364831 0.216890
v 0.000000 4.364831 0.227028
v 0.121755 4.364831 -0.147693
v 0.167581 4.364831 -0.101867
v -0.121754 4.364831 -0.147694
v -0.064010 4.364831 0.216890
v 0.197003 4.364831 -0.044123
v -0.064010 4.364831 -0.177116
v -0.121755 4.364831 0.187468
v 0.207141 4.364831 0.019887
v 0.000000 4.364831 -0.187254
v -0.167581 4.364831 0.141642
v 0.197003 4.364831 0.083897
v -0.197003 4.364831 0.083897
v 0.167581 4.364831 0.141642
v -0.207141 4.364831 0.019887
v 0.121755 4.364831 0.187468
v 0.064010 4.364831 -0.177116
v 0.029987 4.379224 -0.169442
v 0.087025 4.379224 -0.150910
v 0.135545 4.379224 -0.115658
v 0.170797 4.379224 -0.067138
v 0.189330 4.379224 -0.010100
v 0.189330 4.379224 0.049874
v 0.170797 4.379224 0.106912
v 0.135545 4.379224 0.155432
v 0.087025 4.379224 0.190684
v 0.029987 4.379224 0.209217
v -0.029987 4.379224 0.209217
v -0.087025 4.379224 0.190684
v -0.135545 4.379224 0.155432
v -0.170797 4.379224 0.106912
v -0.189330 4.379224 0.049874
v -0.189330 4.379224 -0.010100
v -0.170797 4.379224 -0.067138
v -0.135545 4.379224 -0.115658
v -0.087025 4.379224 -0.150909
v -0.029987 4.379224 -0.169442
v -0.153899 4.373467 0.131702
v -0.180919 4.373467 0.078672
v 0.180919 4.373467 0.078672
v 0.153899 4.373467 0.131702
v -0.190230 4.373467 0.019887
v 0.111814 4.373467 0.173786
v 0.000000 4.373467 -0.170343
v 0.058784 4.373467 -0.161032
v -0.180919 4.373467 -0.038897
v 0.058784 4.373467 0.200807
v 0.111814 4.373467 -0.134012
v -0.153899 4.373467 -0.091927
v 0.000000 4.373467 0.210117
v 0.153899 4.373467 -0.091927
v -0.111814 4.373467 -0.134012
v -0.058784 4.373467 0.200807
v 0.180919 4.373467 -0.038897
v -0.058784 4.373467 -0.161032
v -0.111814 4.373467 0.173786
v 0.190230 4.373467 0.019887
v 0.031034 4.384564 -0.176055
v 0.090065 4.384564 -0.156875
v 0.140279 4.384564 -0.120392
v 0.176762 4.384564 -0.070178
v 0.195942 4.384564 -0.011147
v 0.195942 4.384564 0.050921
v 0.176762 4.384564 0.109952
v 0.140279 4.384564 0.160167
v 0.090065 4.384564 0.196649
v 0.031034 4.384564 0.215830
v -0.031034 4.384564 0.215830
v -0.090065 4.384564 0.196649
v -0.140279 4.384564 0.160167
v -0.176762 4.384564 0.109952
v -0.195942 4.384564 0.050921
v -0.195942 4.384564 -0.011147
v -0.176762 4.384564 -0.070178
v -0.140279 4.384564 -0.120392
v -0.090065 4.384564 -0.156875
v -0.031034 4.384564 -0.176055
v 0.000000 4.382051 0.214930
v -0.060271 4.382051 0.205384
v 0.157793 4.382051 -0.094756
v 0.185496 4.382051 -0.040384
v -0.114643 4.382051 -0.137905
v -0.060271 4.382051 -0.165609
v -0.114643 4.382051 0.177680
v 0.195042 4.382051 0.019887
v 0.000000 4.382051 -0.175155
v -0.157793 4.382051 0.134530
v 0.185496 4.382051 0.080159
v -0.185496 4.382051 0.080159
v 0.157793 4.382051 0.134530
v -0.195042 4.382051 0.019887
v 0.114643 4.382051 0.177680
v 0.060271 4.382051 -0.165609
v -0.185496 4.382051 -0.040384
v 0.060271 4.382051 0.205384
v 0.114643 4.382051 -0.137905
v -0.157793 4.382051 -0.094756
v 0.031296 4.557276 -0.177709
v 0.090825 4.557276 -0.158366
v 0.141463 4.557276 -0.121576
v 0.178254 4.557276 -0.070938
v 0.197596 4.557276 -0.011409
v 0.197596 4.557276 0.051183
v 0.178254 4.557276 0.110712
v 0.141463 4.557276 0.161350
v 0.090825 4.557276 0.198141
v 0.031296 4.557276 0.217483
v -0.031296 4.557276 0.217483
v -0.090825 4.557276 0.198141
v -0.141463 4.557276 0.161350
v -0.178254 4.557276 0.110712
v -0.197596 4.557276 0.051183
v -0.197596 4.557276 -0.011409
v -0.178254 4.557276 -0.070938
v -0.141463 4.557276 -0.121576
v -0.090825 4.557276 -0.158366
v -0.031296 4.557276 -0.177709
v 0.161855 4.492806 0.137482
v 0.117472 4.393497 0.181573
v 0.000000 4.492806 -0.180177
v 0.061759 4.393497 -0.170186
v -0.200064 4.492806 0.019887
v -0.190073 4.393497 -0.041871
v 0.061759 4.393497 0.209960
v 0.117472 4.393497 -0.141799
v -0.161686 4.393497 -0.097584
v 0.000000 4.393497 0.219742
v 0.161686 4.393497 -0.097584
v -0.117472 4.393497 -0.141799
v -0.061758 4.393497 0.209960
v 0.190073 4.393497 -0.041871
v -0.061758 4.393497 -0.170186
v -0.117472 4.393497 0.181573
v 0.199855 4.393497 0.019887
v -0.161686 4.393497 0.137359
v 0.190073 4.393497 0.081646
v -0.190073 4.393497 0.081646
v 0.095132 1.668005 -0.580755
v 0.276085 1.668005 -0.521960
v 0.430013 1.668005 -0.410125
v 0.541848 1.668005 -0.256198
v 0.600643 1.668005 -0.075245
v 0.600643 1.668005 0.115020
v 0.541848 1.668005 0.295972
v 0.430013 1.668005 0.449900
v 0.276085 1.668005 0.561735
v 0.095132 1.668005 0.620530
v -0.095132 1.668005 0.620530
v -0.276085 1.668005 0.561735
v -0.430013 1.668005 0.449900
v -0.541848 1.668005 0.295972
v -0.600643 1.668005 0.115020
v -0.600643 1.668005 -0.075245
v -0.541848 1.668005 -0.256198
v -0.430013 1.668005 -0.410125
v -0.276085 1.668005 -0.521960
v -0.095132 1.668005 -0.580755
v 0.608121 2.081308 0.019887
v 0.578357 2.081308 -0.168032
v -0.000000 2.081308 0.628008
v 0.187920 2.081308 0.598244
v -0.608121 2.081308 0.019887
v -0.578357 2.081308 0.207807
v -0.000000 2.081308 -0.588233
v -0.187920 2.081308 -0.558470
v 0.491980 2.081308 -0.337557
v 0.357444 2.081308 -0.472093
v 0.357444 2.081308 0.511867
v 0.491980 2.081308 0.377331
v 0.187920 2.081308 -0.558470
v -0.491980 2.081308 0.377331
v -0.357444 2.081308 0.511867
v -0.357444 2.081308 -0.472093
v -0.491980 2.081308 -0.337557
v 0.578357 2.081308 0.207807
v -0.187920 2.081308 0.598244
v -0.578357 2.081308 -0.168032
v 0.095132 0.794551 -0.580751
v 0.276083 0.794550 -0.521956
v 0.430009 0.794550 -0.410122
v 0.541843 0.794550 -0.256196
v 0.600638 0.794550 -0.075245
v 0.600638 0.794550 0.115019
v 0.541843 0.794550 0.295970
v 0.430009 0.794550 0.449897
v 0.276083 0.794550 0.561731
v 0.095132 0.794550 0.620525
v -0.095132 0.794550 0.620525
v -0.276083 0.794550 0.561731
v -0.430009 0.794550 0.449897
v -0.541843 0.794550 0.295970
v -0.600638 0.794550 0.115019
v -0.600638 0.794550 -0.075245
v -0.541843 0.794550 -0.256196
v -0.430009 0.794550 -0.410122
v -0.276083 0.794550 -0.521956
v -0.095132 0.794551 -0.580751
v 0.357457 1.200030 -0.472110
v 0.187926 1.200030 -0.558491
v -0.491998 1.200030 -0.337570
v -0.578378 1.200030 -0.168039
v -0.000000 1.200030 0.628030
v 0.187926 1.200030 0.598265
v 0.491998 1.200030 -0.337570
v -0.357457 1.200030 -0.472110
v -0.187926 1.200030 0.598265
v 0.578378 1.200030 -0.168039
v -0.187926 1.200030 -0.558491
v -0.357457 1.200030 0.511885
v 0.608142 1.200030 0.019887
v -0.000000 1.200030 -0.588255
v -0.491998 1.200030 0.377344
v 0.578378 1.200030 0.207814
v -0.578378 1.200030 0.207814
v 0.491998 1.200030 0.377344
v -0.608142 1.200030 0.019887
v 0.357457 1.200030 0.511885
v 0.096042 0.411917 -0.586766
v 0.278832 0.411917 -0.527383
v 0.434321 0.411917 -0.414413
v 0.547283 0.411917 -0.258920
v 0.606657 0.411917 -0.076131
v 0.606634 0.411917 0.116052
v 0.547222 0.411916 0.298814
v 0.434246 0.411916 0.454263
v 0.278771 0.411916 0.567188
v 0.096019 0.411916 0.626544
v -0.096125 0.411916 0.626527
v -0.278858 0.411916 0.567144
v -0.434301 0.411916 0.454208
v -0.547245 0.411916 0.298769
v -0.606636 0.411916 0.116035
v -0.606659 0.411916 -0.076115
v -0.547305 0.411916 -0.258876
v -0.434376 0.411916 -0.414359
v -0.278918 0.411917 -0.527339
v -0.096148 0.411917 -0.586749
v -0.584155 0.545241 0.209698
v -0.496912 0.545241 0.380919
v 0.496907 0.545241 0.380925
v 0.584154 0.545241 0.209702
v -0.614219 0.545241 0.019896
v 0.361020 0.545241 0.516807
v 0.189801 0.545241 -0.564271
v -0.000007 0.545242 -0.594332
v -0.584160 0.545241 -0.169907
v 0.189795 0.545241 0.604047
v 0.361029 0.545241 -0.477027
v -0.496920 0.545241 -0.341132
v -0.000007 0.545241 0.634106
v 0.496916 0.545241 -0.341139
v -0.361038 0.545241 -0.477020
v -0.189808 0.545241 0.604043
v 0.584159 0.545241 -0.169911
v -0.189813 0.545241 -0.564267
v -0.361029 0.545241 0.516801
v 0.614219 0.545241 0.019896
v -0.000155 0.326156 0.613887
v -0.000549 0.327736 -0.568291
v 0.261707 0.244668 -0.490340
v 0.409227 0.243976 -0.389259
v 0.510301 0.244669 -0.241739
v 0.503467 0.279089 -0.059660
v 0.566196 0.244668 0.111528
v 0.515711 0.243976 0.283061
v 0.406610 0.244669 0.424720
v 0.231045 0.279089 0.474057
v -0.259237 0.244669 0.532105
v -0.360411 0.279089 0.380380
v -0.512137 0.244668 0.279205
v -0.572124 0.243976 0.110765
v -0.567124 0.244669 -0.067969
v -0.454089 0.279089 -0.211077
v -0.404752 0.244668 -0.386642
v -0.263093 0.243976 -0.495743
v 0.030527 4.589357 -0.172850
v 0.088592 4.589357 -0.153984
v 0.137985 4.589357 -0.118098
v 0.173871 4.589357 -0.068705
v 0.192738 4.589357 -0.010639
v 0.192738 4.589357 0.050414
v 0.173871 4.589357 0.108479
v 0.137985 4.589357 0.157872
v 0.088592 4.589357 0.193758
v 0.030527 4.589357 0.212625
v -0.030527 4.589357 0.212625
v -0.088592 4.589357 0.193758
v -0.137985 4.589357 0.157872
v -0.173871 4.589357 0.108479
v -0.192738 4.589357 0.050414
v -0.192738 4.589357 -0.010639
v -0.173871 4.589357 -0.068705
v -0.137985 4.589357 -0.118098
v -0.088592 4.589357 -0.153984
v -0.030527 4.589357 -0.172850
v 0.000000 4.585347 -0.179562
v 0.061633 4.585347 -0.169800
v 0.117233 4.585347 -0.141471
v 0.161358 4.585347 -0.097346
v 0.189687 4.585347 -0.041746
v 0.199449 4.585347 0.019887
v 0.189687 4.585347 0.081520
v 0.161358 4.585347 0.137120
v 0.117233 4.585347 0.181245
v 0.061633 4.585347 0.209575
v 0.000000 4.585347 0.219336
v -0.061633 4.585347 0.209575
v -0.117233 4.585347 0.181245
v -0.161358 4.585347 0.137120
v -0.189687 4.585347 0.081520
v -0.199449 4.585347 0.019887
v -0.189687 4.585347 -0.041746
v -0.161358 4.585347 -0.097346
v -0.117233 4.585347 -0.141471
v -0.061633 4.585347 -0.169800
v 0.161686 4.393497 0.137359
v 0.117595 4.492806 0.181742
v 0.000000 4.393497 -0.179967
v 0.061823 4.492806 -0.170385
v -0.199855 4.393497 0.019887
v -0.190272 4.492806 -0.041936
v 0.061823 4.492806 0.210159
v 0.117595 4.492806 -0.141968
v -0.161855 4.492806 -0.097707
v 0.000000 4.492806 0.219951
v 0.161855 4.492806 -0.097707
v -0.117595 4.492806 -0.141968
v -0.061823 4.492806 0.210159
v 0.190272 4.492806 -0.041936
v -0.061823 4.492806 -0.170385
v -0.117595 4.492806 0.181742
v 0.200064 4.492806 0.019887
v -0.161855 4.492806 0.137482
v 0.190272 4.492806 0.081710
v -0.190272 4.492806 0.081710
v -0.197596 4.426491 0.051183
v 0.178254 4.426491 0.110712
v -0.178254 4.426491 0.110712
v 0.197596 4.426491 0.051183
v -0.141463 4.426491 0.161350
v -0.031296 4.426491 -0.177709
v 0.197596 4.426491 -0.011409
v -0.090825 4.426491 0.198141
v -0.090825 4.426491 -0.158366
v 0.178254 4.426491 -0.070938
v -0.031296 4.426491 0.217483
v -0.141463 4.426491 -0.121576
v 0.141463 4.426491 -0.121576
v 0.031296 4.426491 0.217483
v -0.178254 4.426491 -0.070938
v 0.090825 4.426491 -0.158366
v 0.090825 4.426491 0.198141
v -0.197596 4.426491 -0.011409
v 0.031296 4.426491 -0.177709
v 0.141463 4.426491 0.161350
v 0.034189 4.364831 -0.195971
v 0.099219 4.364831 -0.174841
v 0.154538 4.364831 -0.134650
v 0.194729 4.364831 -0.079332
v 0.215858 4.364831 -0.014301
v 0.215858 4.364831 0.054076
v 0.194729 4.364831 0.119106
v 0.154538 4.364831 0.174425
v 0.099219 4.364831 0.214616
v 0.034189 4.364831 0.235746
v -0.034189 4.364831 0.235746
v -0.099219 4.364831 0.214616
v -0.154538 4.364831 0.174425
v -0.194729 4.364831 0.119106
v -0.215858 4.364831 0.054076
v -0.215858 4.364831 -0.014301
v -0.194729 4.364831 -0.079332
v -0.154538 4.364831 -0.134650
v -0.099219 4.364831 -0.174841
v -0.034189 4.364831 -0.195971
v 0.030618 4.364831 -0.173426
v 0.088856 4.364831 -0.154503
v 0.138397 4.364831 -0.118509
v 0.174390 4.364831 -0.068969
v 0.193313 4.364831 -0.010731
v 0.193313 4.364831 0.050505
v 0.174390 4.364831 0.108743
v 0.138397 4.364831 0.158284
v 0.088856 4.364831 0.194277
v 0.030618 4.364831 0.213200
v -0.030618 4.364831 0.213200
v -0.088856 4.364831 0.194277
v -0.138397 4.364831 0.158284
v -0.174390 4.364831 0.108743
v -0.193313 4.364831 0.050505
v -0.193313 4.364831 -0.010731
v -0.174390 4.364831 -0.068969
v -0.138397 4.364831 -0.118509
v -0.088856 4.364831 -0.154503
v -0.030618 4.364831 -0.173426
v 0.000000 4.364420 -0.203661
v 0.069080 4.364420 -0.192720
v 0.131398 4.364420 -0.160967
v 0.180854 4.364420 -0.111511
v 0.212607 4.364420 -0.049193
v 0.223548 4.364420 0.019887
v 0.212607 4.364420 0.088967
v 0.180854 4.364420 0.151286
v 0.131398 4.364420 0.200741
v 0.069080 4.364420 0.232494
v 0.000000 4.364420 0.243435
v -0.069080 4.364420 0.232494
v -0.131398 4.364420 0.200741
v -0.180854 4.364420 0.151286
v -0.212607 4.364420 0.088967
v -0.223548 4.364420 0.019887
v -0.212607 4.364420 -0.049193
v -0.180854 4.364420 -0.111511
v -0.131398 4.364420 -0.160967
v -0.069080 4.364420 -0.192720
v 0.058940 4.365191 -0.161512
v 0.000000 4.365191 -0.170847
v 0.112111 4.365191 -0.134420
v 0.154307 4.365191 -0.092223
v 0.181399 4.365191 -0.039053
v 0.190734 4.365191 0.019887
v 0.181399 4.365191 0.078827
v 0.154307 4.365191 0.131998
v 0.112111 4.365191 0.174194
v 0.058940 4.365191 0.201286
v 0.000000 4.365191 0.210621
v -0.058940 4.365191 0.201286
v -0.112111 4.365191 0.174194
v -0.154307 4.365191 0.131998
v -0.181399 4.365191 0.078827
v -0.190734 4.365191 0.019887
v -0.181399 4.365191 -0.039053
v -0.154307 4.365191 -0.092223
v -0.112111 4.365191 -0.134420
v -0.058940 4.365191 -0.161512
v 0.030788 4.345093 -0.174504
v 0.089352 4.345093 -0.155475
v 0.139168 4.345093 -0.119281
v 0.175362 4.345093 -0.069464
v 0.194391 4.345093 -0.010901
v 0.194391 4.345093 0.050676
v 0.175362 4.345093 0.109239
v 0.139168 4.345093 0.159056
v 0.089352 4.345093 0.195250
v 0.030788 4.345093 0.214278
v -0.030788 4.345093 0.214278
v -0.089352 4.345093 0.195250
v -0.139168 4.345093 0.159056
v -0.175362 4.345093 0.109239
v -0.194391 4.345093 0.050676
v -0.194391 4.345093 -0.010901
v -0.175362 4.345093 -0.069464
v -0.139168 4.345093 -0.119281
v -0.089352 4.345093 -0.155475
v -0.030788 4.345093 -0.174504
v 0.034223 4.345093 -0.196187
v 0.099318 4.345093 -0.175036
v 0.154692 4.345093 -0.134805
v 0.194923 4.345093 -0.079431
v 0.216074 4.345093 -0.014336
v 0.216074 4.345093 0.054110
v 0.194923 4.345093 0.119206
v 0.154692 4.345093 0.174579
v 0.099318 4.345093 0.214810
v 0.034223 4.345093 0.235961
v -0.034223 4.345093 0.235961
v -0.099318 4.345093 0.214810
v -0.154692 4.345093 0.174579
v -0.194923 4.345093 0.119206
v -0.216074 4.345093 0.054110
v -0.216074 4.345093 -0.014336
v -0.194923 4.345093 -0.079431
v -0.154692 4.345093 -0.134805
v -0.099318 4.345093 -0.175036
v -0.034223 4.345093 -0.196187
v 0.000000 4.342831 -0.172245
v 0.059372 4.342831 -0.162841
v 0.112932 4.342831 -0.135551
v 0.155438 4.342831 -0.093045
v 0.182728 4.342831 -0.039485
v 0.192132 4.342831 0.019887
v 0.182728 4.342831 0.079259
v 0.155438 4.342831 0.132820
v 0.112932 4.342831 0.175325
v 0.059372 4.342831 0.202616
v 0.000000 4.342831 0.212019
v -0.059372 4.342831 0.202616
v -0.112932 4.342831 0.175325
v -0.155438 4.342831 0.132820
v -0.182728 4.342831 0.079259
v -0.192132 4.342831 0.019887
v -0.182728 4.342831 -0.039485
v -0.155438 4.342831 -0.093045
v -0.112932 4.342831 -0.135551
v -0.059372 4.342831 -0.162841
v 0.069089 4.345504 -0.192746
v 0.000000 4.345504 -0.203688
v 0.131414 4.345504 -0.160989
v 0.180876 4.345504 -0.111527
v 0.212633 4.345504 -0.049201
v 0.223576 4.345504 0.019887
v 0.212633 4.345504 0.088976
v 0.180876 4.345504 0.151302
v 0.131414 4.345504 0.200764
v 0.069089 4.345504 0.232520
v 0.000000 4.345504 0.243463
v -0.069089 4.345504 0.232520
v -0.131414 4.345504 0.200764
v -0.180876 4.345504 0.151302
v -0.212633 4.345504 0.088976
v -0.223575 4.345504 0.019887
v -0.212633 4.345504 -0.049201
v -0.180876 4.345504 -0.111527
v -0.131414 4.345504 -0.160989
v -0.069089 4.345504 -0.192746
v 0.079613 0.279089 -0.484070
v 0.087937 0.244668 0.587092
v -0.090797 0.243976 0.592092
v -0.091563 0.244669 -0.546292
v -0.183645 0.326156 0.584825
v 0.559296 0.327736 -0.162091
v 0.480230 0.326155 -0.328920
v -0.183645 0.326156 -0.544626
v -0.349174 0.326156 -0.460284
v -0.345631 0.327736 0.496284
v 0.588172 0.327737 0.020493
v -0.476339 0.327737 0.365577
v 0.564571 0.326155 0.203590
v -0.564880 0.326155 0.203590
v 0.480230 0.326156 0.369119
v -0.593942 0.326156 0.020100
v 0.345964 0.327736 0.495817
v 0.182037 0.327737 -0.539372
v -0.559790 0.327736 -0.161317
v 0.181263 0.327737 0.579736
v 0.348865 0.326155 -0.460284
v -0.475871 0.327737 -0.326018
v 0.044131 0.225758 -0.070032
v 0.064937 0.224479 -0.045047
v 0.089895 0.225757 -0.024206
v 0.169131 0.260763 -0.007133
v 0.096653 0.225758 0.034139
v 0.081658 0.224479 0.061494
v 0.068314 0.225757 0.089652
v 0.076605 0.260763 0.170397
v -0.046134 0.225757 0.109005
v -0.119465 0.260763 0.139415
v -0.086534 0.225758 0.065127
v -0.090519 0.224479 0.034224
v -0.096277 0.225757 0.003609
v -0.150491 0.260763 -0.056700
v -0.069764 0.225758 -0.048426
v -0.041611 0.224479 -0.061878
v 0.026973 0.260763 -0.151689
v 0.016239 0.225758 0.116279
v -0.015243 0.224479 0.113019
v -0.014356 0.225757 -0.079295
v 0.175593 0.144760 -0.429914
v 0.091189 0.228482 -0.307254
v 0.323673 0.141712 -0.425610
v 0.326649 0.228482 -0.071237
v 0.336927 0.228482 0.005874
v -0.260518 0.144760 0.426258
v -0.099178 0.143314 0.165548
v 0.186300 0.228482 0.300555
v 0.117204 0.228482 0.335761
v -0.209303 0.228482 0.284120
v -0.551083 0.141712 0.020100
v -0.264114 0.228482 0.229216
v -0.466902 0.144760 -0.102046
v 0.167736 0.143314 -0.039925
v -0.315824 0.228482 -0.097267
v -0.280618 0.228482 -0.166363
v 0.082232 0.139275 -0.039593
v -0.031210 0.139275 -0.076701
v 0.013967 0.228482 -0.319484
v -0.059315 0.139275 -0.061753
v 0.216017 0.057719 -0.391818
v 0.332283 0.054070 -0.312376
v 0.411727 0.057719 -0.196108
v 0.458293 0.057719 0.098215
v 0.418715 0.054070 0.233335
v 0.332661 0.057719 0.344782
v -0.206161 0.057719 0.436771
v -0.416863 0.057719 0.226069
v -0.464263 0.054070 0.093485
v -0.460153 0.057719 -0.047252
v -0.324874 0.057719 -0.312752
v -0.213427 0.054070 -0.398808
v 0.067160 0.057719 0.480061
v -0.073577 0.054070 0.484170
v -0.078309 0.057719 -0.438435
v 0.079072 0.057719 -0.134486
v 0.117240 0.054070 -0.097352
v 0.154385 0.057719 -0.059173
v 0.170570 0.057719 0.047404
v 0.147689 0.054070 0.095139
v 0.122517 0.057719 0.141714
v -0.078233 0.057719 0.174723
v -0.154171 0.057719 0.097891
v -0.163715 0.054070 0.045817
v -0.170729 0.057719 -0.006652
v -0.121826 0.057719 -0.102630
v -0.075253 0.054070 -0.127829
v 0.026530 0.057719 0.190645
v -0.026157 0.054070 0.184255
v -0.027546 0.057719 -0.151372
v 0.185128 0.022118 -0.234934
v 0.117696 0.061368 -0.279824
v 0.254824 0.022118 -0.165238
v 0.299734 0.061368 -0.097786
v 0.320739 0.061368 0.039282
v 0.299535 0.022118 0.117224
v 0.254799 0.022118 0.205023
v 0.204168 0.061368 0.268065
v 0.080687 0.061368 0.330981
v -0.172939 0.061368 0.290867
v -0.097373 0.022118 0.319552
v -0.270915 0.061368 0.192819
v -0.299549 0.022118 0.117224
v -0.314964 0.022118 0.019896
v -0.311082 0.061368 -0.060789
v -0.248166 0.061368 -0.184269
v -0.185134 0.022118 -0.234909
v -0.097335 0.022118 -0.279672
v -0.019413 0.061368 -0.301540
v -0.000017 0.022118 0.334882
v 0.049259 0.143314 0.188390
v -0.000227 0.139275 0.121454
v -0.323982 0.141712 -0.425610
v -0.373292 0.144760 -0.285766
v 0.175488 0.143314 0.025092
v 0.095974 0.139275 0.051071
v -0.406319 0.144760 0.280457
v -0.145018 0.143314 0.118855
v 0.445556 0.141712 -0.303728
v -0.032090 0.139275 0.118475
v 0.081640 0.139275 0.079202
v -0.170401 0.141712 -0.503864
v 0.449840 0.144760 -0.155646
v -0.005303 0.143314 -0.158184
v -0.000155 0.141712 0.571028
v 0.121984 0.144760 0.486840
v 0.107297 0.143314 0.158818
v -0.170401 0.141712 0.544064
v -0.168493 0.143314 -0.029362
v 0.523809 0.141712 0.190346
v 0.481542 0.144760 0.048164
v 0.059860 0.143314 -0.147863
v -0.028250 0.144760 -0.462199
v -0.138921 0.143314 -0.087401
v 0.445556 0.141712 0.343927
v 0.305704 0.144760 0.393230
v -0.095974 0.139275 0.051071
v -0.100913 0.139275 0.019887
v 0.059490 0.139275 -0.062336
v -0.524119 0.141712 0.190346
v 0.030814 0.267082 -0.040916
v 0.047749 0.267082 -0.027861
v 0.060763 0.267082 -0.010918
v 0.067283 0.267082 0.009149
v 0.066657 0.267082 0.030423
v 0.060088 0.267082 0.050504
v 0.047686 0.267082 0.067574
v 0.030616 0.267082 0.079976
v -0.030875 0.267082 0.080720
v -0.047705 0.267082 0.067627
v -0.060089 0.267082 0.050504
v -0.066609 0.267082 0.030437
v -0.066609 0.267082 0.009337
v -0.060089 0.267082 -0.010729
v -0.047687 0.267082 -0.027799
v -0.030619 0.267082 -0.040252
v 0.010720 0.267082 -0.048086
v 0.010531 0.267082 0.086549
v -0.010808 0.267082 0.087241
v -0.010565 0.267082 -0.047469
v 0.052605 0.261756 -0.052865
v 0.029740 0.263923 -0.073929
v 0.072762 0.261756 -0.032708
v 0.093263 0.263923 -0.009835
v 0.095864 0.263923 0.019292
v 0.084829 0.261756 0.047450
v 0.072160 0.261756 0.072314
v 0.055653 0.263923 0.097245
v 0.029862 0.263923 0.110386
v -0.056591 0.263923 0.097362
v -0.028492 0.261756 0.107396
v -0.076840 0.263923 0.076260
v -0.084829 0.261756 0.047450
v -0.089195 0.261756 0.019887
v -0.090498 0.263923 -0.009973
v -0.077356 0.263923 -0.035764
v -0.052427 0.261756 -0.052273
v -0.027589 0.261756 -0.065566
v 0.000497 0.263923 -0.078561
v -0.000230 0.261756 0.109746
v 0.095132 2.622938 -0.580755
v 0.091325 3.137248 -0.556715
v 0.276085 2.622938 -0.521960
v 0.265035 3.137248 -0.500273
v 0.430013 2.622938 -0.410125
v 0.412801 3.137248 -0.392914
v 0.541848 2.622938 -0.256198
v 0.520160 3.137248 -0.245148
v 0.600643 2.622938 -0.075245
v 0.576602 3.137248 -0.071438
v 0.600643 2.622938 0.115020
v 0.576602 3.137248 0.111212
v 0.541848 2.622938 0.295972
v 0.520160 3.137248 0.284922
v 0.430013 2.622938 0.449900
v 0.412801 3.137248 0.432688
v 0.276085 2.622938 0.561735
v 0.265035 3.137248 0.540047
v 0.095132 2.622938 0.620530
v 0.091325 3.137248 0.596489
v -0.095132 2.622938 0.620530
v -0.091325 3.137248 0.596489
v -0.276085 2.622938 0.561735
v -0.265035 3.137248 0.540047
v -0.430013 2.622938 0.449900
v -0.412801 3.137248 0.432689
v -0.541848 2.622938 0.295972
v -0.520160 3.137248 0.284922
v -0.600643 2.622938 0.115020
v -0.576602 3.137248 0.111212
v -0.600643 2.622938 -0.075245
v -0.576602 3.137248 -0.071438
v -0.541848 2.622938 -0.256198
v -0.520160 3.137248 -0.245147
v -0.430013 2.622938 -0.410125
v -0.412801 3.137248 -0.392914
v -0.276085 2.622938 -0.521960
v -0.265035 3.137248 -0.500273
v -0.095132 2.622938 -0.580755
v -0.091325 3.137248 -0.556715
v 0.000000 2.492315 -0.588229
v 0.187918 2.492315 -0.558466
v 0.187920 3.256737 -0.558470
v 0.000000 3.256737 -0.588233
v 0.357442 2.492315 -0.472089
v 0.357444 3.256737 -0.472093
v 0.491976 2.492315 -0.337555
v 0.491980 3.256737 -0.337557
v 0.578353 2.492315 -0.168031
v 0.578357 3.256737 -0.168032
v 0.608116 2.492315 0.019887
v 0.608121 3.256737 0.019887
v 0.578353 2.492315 0.207805
v 0.578357 3.256737 0.207807
v 0.491976 2.492315 0.377329
v 0.491980 3.256737 0.377331
v 0.357442 2.492315 0.511863
v 0.357444 3.256737 0.511867
v 0.187918 2.492315 0.598240
v 0.187920 3.256737 0.598244
v -0.000000 2.492315 0.628003
v 0.000000 3.256737 0.628008
v -0.187918 2.492315 0.598240
v -0.187920 3.256737 0.598244
v -0.357442 2.492315 0.511864
v -0.357444 3.256737 0.511867
v -0.491976 2.492315 0.377329
v -0.491980 3.256737 0.377331
v -0.578353 2.492315 0.207805
v -0.578357 3.256737 0.207807
v -0.608116 2.492315 0.019887
v -0.608121 3.256737 0.019887
v -0.578353 2.492315 -0.168031
v -0.578357 3.256737 -0.168032
v -0.491976 2.492315 -0.337555
v -0.491980 3.256737 -0.337557
v -0.357442 2.492315 -0.472089
v -0.357444 3.256737 -0.472093
v -0.187918 2.492315 -0.558466
v -0.187920 3.256737 -0.558470
v 0.020531 4.589356 -0.109742
v 0.059584 4.589357 -0.097053
v 0.092804 4.589357 -0.072917
v 0.116940 4.589357 -0.039697
v 0.129629 4.589357 -0.000644
v 0.129629 4.589357 0.040418
v 0.116940 4.589357 0.079471
v 0.092804 4.589356 0.112691
v 0.059584 4.589357 0.136827
v 0.020531 4.589356 0.149516
v -0.020531 4.589356 0.149516
v -0.059584 4.589356 0.136827
v -0.092804 4.589356 0.112691
v -0.116940 4.589356 0.079471
v -0.129629 4.589356 0.040418
v -0.129629 4.589356 -0.000644
v -0.116940 4.589356 -0.039697
v -0.092804 4.589356 -0.072917
v -0.059584 4.589356 -0.097053
v -0.020531 4.589356 -0.109742
v 0.000000 4.589357 -0.161173
v 0.055951 4.589357 -0.152311
v 0.106424 4.589357 -0.126593
v 0.146480 4.589357 -0.086537
v 0.172198 4.589357 -0.036063
v 0.181060 4.589357 0.019887
v 0.172198 4.589357 0.075838
v 0.146480 4.589357 0.126311
v 0.106424 4.589357 0.166368
v 0.055951 4.589357 0.192085
v 0.000000 4.589357 0.200947
v -0.055950 4.589357 0.192085
v -0.106424 4.589357 0.166368
v -0.146480 4.589357 0.126311
v -0.172198 4.589357 0.075838
v -0.181060 4.589357 0.019887
v -0.172198 4.589357 -0.036063
v -0.146480 4.589357 -0.086537
v -0.106424 4.589357 -0.126593
v -0.055950 4.589357 -0.152311
v 0.095135 2.879058 -0.580769
v 0.276091 2.879058 -0.521972
v 0.430022 2.879058 -0.410135
v 0.541860 2.879058 -0.256204
v 0.600656 2.879058 -0.075247
v 0.600656 2.879058 0.115022
v 0.541860 2.879058 0.295978
v 0.430022 2.879058 0.449909
v 0.276091 2.879058 0.561747
v 0.095135 2.879058 0.620543
v -0.095135 2.879058 0.620543
v -0.276091 2.879058 0.561747
v -0.430022 2.879058 0.449909
v -0.541860 2.879058 0.295978
v -0.600656 2.879058 0.115022
v -0.600656 2.879058 -0.075247
v -0.541860 2.879058 -0.256204
v -0.430022 2.879058 -0.410135
v 0.546189 3.480309 0.298184
v -0.276091 2.879058 -0.521972
v -0.095135 2.879058 -0.580769
v 0.600634 2.081308 -0.075244
v -0.420561 3.745754 0.440449
v -0.278297 3.480309 0.566076
v -0.546189 3.480309 -0.258410
v 0.605455 3.480309 -0.076007
v 0.095895 3.480309 0.625342
v -0.605455 3.480309 0.115782
v -0.095895 3.480309 -0.585568
v 0.433458 3.480309 -0.413571
v 0.433458 3.480309 0.453345
v 0.095895 3.480309 -0.585568
v -0.433458 3.480309 0.453345
v -0.433458 3.480309 -0.413571
v 0.605455 3.480309 0.115782
v -0.095895 3.480309 0.625342
v -0.605455 3.480309 -0.076007
v 0.546189 3.480309 -0.258410
v 0.278297 3.480309 0.566076
v -0.546189 3.480309 0.298184
v -0.278297 3.480309 -0.526302
v 0.278297 3.480309 -0.526302
v 0.087902 3.881520 0.574881
v 0.587441 3.745754 0.112929
v -0.529938 3.745754 0.289904
v 0.529938 3.745754 0.289904
v -0.587441 3.745754 0.112929
v 0.420562 3.745754 0.440449
v 0.093042 3.745754 -0.567554
v -0.587441 3.745754 -0.073154
v 0.270017 3.745754 0.549826
v 0.270017 3.745754 -0.510051
v -0.529938 3.745754 -0.250130
v 0.093042 3.745754 0.607328
v 0.420561 3.745754 -0.400674
v -0.420562 3.745754 -0.400674
v -0.093042 3.745754 0.607328
v 0.529938 3.745754 -0.250130
v -0.270017 3.745754 -0.510051
v -0.270017 3.745754 0.549826
v 0.587441 3.745754 -0.073154
v -0.093042 3.745754 -0.567554
v 0.442145 4.090155 0.245171
v 0.397332 3.881520 -0.377445
v -0.397332 3.881520 -0.377445
v -0.087902 3.881520 0.574881
v 0.500668 3.881520 -0.235216
v -0.255103 3.881520 -0.480780
v -0.255103 3.881520 0.520555
v 0.554994 3.881520 -0.068015
v -0.087902 3.881521 -0.535107
v -0.397332 3.881520 0.417219
v 0.554994 3.881520 0.107790
v -0.500668 3.881520 0.274990
v 0.500668 3.881520 0.274990
v -0.554994 3.881520 0.107790
v 0.397332 3.881520 0.417219
v 0.087902 3.881521 -0.535107
v -0.554994 3.881520 -0.068015
v 0.255103 3.881520 0.520555
v 0.255103 3.881520 -0.480780
v -0.500668 3.881520 -0.235216
v 0.294204 4.282979 -0.130017
v -0.490122 4.090155 0.097515
v 0.350888 4.090155 0.370776
v 0.077628 4.090155 -0.470234
v -0.490122 4.090155 -0.057740
v 0.225284 4.090155 0.462032
v 0.225284 4.090155 -0.422258
v -0.442145 4.090155 -0.205397
v 0.077628 4.090155 0.510009
v 0.350888 4.090155 -0.331001
v -0.350888 4.090155 -0.331001
v -0.077628 4.090155 0.510009
v 0.442145 4.090155 -0.205397
v -0.225284 4.090155 -0.422258
v -0.225284 4.090155 0.462032
v 0.490122 4.090155 -0.057740
v -0.077628 4.090155 -0.470234
v -0.350888 4.090155 0.370776
v 0.490122 4.090155 0.097515
v -0.442145 4.090155 0.245171
v 0.032506 4.345093 -0.185345
v -0.149904 4.282979 -0.274317
v -0.149904 4.282979 0.314091
v 0.326128 4.282979 -0.031766
v -0.051653 4.282979 -0.306240
v -0.233482 4.282979 0.253369
v 0.326128 4.282979 0.071541
v -0.294204 4.282979 0.169792
v 0.294204 4.282979 0.169792
v -0.326128 4.282979 0.071541
v 0.233482 4.282979 0.253369
v 0.051654 4.282979 -0.306240
v -0.326128 4.282979 -0.031766
v 0.149904 4.282979 0.314091
v 0.149904 4.282979 -0.274317
v -0.294204 4.282979 -0.130017
v 0.051654 4.282979 0.346015
v 0.233482 4.282979 -0.213594
v -0.233482 4.282979 -0.213594
v -0.051653 4.282979 0.346015
v -0.035081 4.354962 -0.201608
v -0.205232 4.345093 -0.012618
v 0.094335 4.345093 0.205030
v 0.094335 4.345093 -0.165256
v -0.185143 4.345093 -0.074448
v 0.032506 4.345093 0.225120
v 0.146930 4.345093 -0.127043
v -0.146930 4.345093 -0.127043
v -0.032506 4.345093 0.225120
v 0.185143 4.345093 -0.074448
v -0.094335 4.345093 -0.165256
v -0.094335 4.345093 0.205030
v 0.205232 4.345093 -0.012618
v -0.032506 4.345093 -0.185345
v -0.146930 4.345093 0.166817
v 0.205232 4.345093 0.052393
v -0.185143 4.345093 0.114222
v 0.185143 4.345093 0.114222
v -0.205232 4.345093 0.052393
v 0.146930 4.345093 0.166817
v -0.184559 4.364831 -0.074150
v -0.158573 4.354962 0.178460
v 0.221495 4.354962 0.054969
v -0.199813 4.354962 0.121697
v 0.199813 4.354962 0.121697
v -0.221495 4.354962 0.054969
v 0.158573 4.354962 0.178460
v 0.035081 4.354962 -0.201608
v -0.221495 4.354962 -0.015194
v 0.101810 4.354962 0.219701
v 0.101810 4.354962 -0.179926
v -0.199813 4.354962 -0.081923
v 0.035081 4.354962 0.241382
v 0.158573 4.354962 -0.138686
v -0.158573 4.354962 -0.138686
v -0.035081 4.354962 0.241382
v 0.199813 4.354962 -0.081923
v -0.101810 4.354962 -0.179926
v -0.101810 4.354962 0.219701
v 0.221495 4.354962 -0.015194
v -0.169492 4.373467 0.106248
v 0.032403 4.364831 0.224473
v 0.146467 4.364831 -0.126580
v -0.146467 4.364831 -0.126580
v -0.032403 4.364831 0.224473
v 0.184559 4.364831 -0.074150
v -0.094038 4.364831 -0.164672
v -0.094038 4.364831 0.204447
v 0.204586 4.364831 -0.012516
v -0.032403 4.364831 -0.184698
v -0.146467 4.364831 0.166354
v 0.204586 4.364831 0.052290
v -0.184559 4.364831 0.113925
v 0.184559 4.364831 0.113925
v -0.204586 4.364831 0.052290
v 0.146467 4.364831 0.166354
v 0.032403 4.364831 -0.184698
v -0.204586 4.364831 -0.012516
v 0.094038 4.364831 0.204447
v 0.094038 4.364831 -0.164672
v -0.030511 4.382051 0.212523
v 0.169492 4.373467 0.106248
v -0.187883 4.373467 0.049645
v 0.134509 4.373467 0.154397
v 0.029758 4.373467 -0.167996
v -0.187883 4.373467 -0.009871
v 0.086360 4.373467 0.189379
v 0.086360 4.373467 -0.149605
v -0.169492 4.373467 -0.066473
v 0.029758 4.373467 0.207770
v 0.134509 4.373467 -0.114622
v -0.134509 4.373467 -0.114622
v -0.029758 4.373467 0.207770
v 0.169492 4.373467 -0.066473
v -0.086360 4.373467 -0.149605
v -0.086360 4.373467 0.189379
v 0.187883 4.373467 -0.009871
v -0.029758 4.373467 -0.167996
v -0.134509 4.373467 0.154397
v 0.187883 4.373467 0.049645
v 0.141463 4.492806 0.161350
v 0.173780 4.382051 -0.068658
v -0.088545 4.382051 -0.153892
v -0.088545 4.382051 0.193667
v 0.192636 4.382051 -0.010623
v -0.030511 4.382051 -0.172749
v -0.137912 4.382051 0.157799
v 0.192636 4.382051 0.050398
v -0.173779 4.382051 0.108432
v 0.173780 4.382051 0.108432
v -0.192636 4.382051 0.050398
v 0.137912 4.382051 0.157799
v 0.030511 4.382051 -0.172749
v -0.192636 4.382051 -0.010623
v 0.088545 4.382051 0.193667
v 0.088545 4.382051 -0.153892
v -0.173779 4.382051 -0.068658
v 0.030511 4.382051 0.212523
v 0.137912 4.382051 -0.118025
v -0.137912 4.382051 -0.118025
v 0.000000 4.589357 0.019887
v 0.031296 4.492806 -0.177709
v -0.197596 4.492806 -0.011409
v 0.090825 4.492806 0.198141
v 0.090825 4.492806 -0.158366
v -0.178254 4.492806 -0.070938
v 0.031296 4.492806 0.217483
v 0.141463 4.492806 -0.121576
v -0.141463 4.492806 -0.121576
v -0.031296 4.492806 0.217483
v 0.178254 4.492806 -0.070938
v -0.090825 4.492806 -0.158366
v -0.090825 4.492806 0.198141
v 0.197596 4.492806 -0.011409
v -0.031296 4.492806 -0.177709
v -0.141463 4.492806 0.161350
v 0.197596 4.492806 0.051183
v -0.178254 4.492806 0.110712
v 0.178254 4.492806 0.110712
v -0.197596 4.492806 0.051183
v 0.276091 1.200030 -0.521972
v 0.095131 2.081308 0.620521
v -0.600634 2.081308 0.115018
v -0.095131 2.081308 -0.580746
v 0.430006 2.081308 -0.410119
v 0.430006 2.081308 0.449893
v 0.095131 2.081308 -0.580746
v -0.430006 2.081308 0.449893
v -0.430006 2.081308 -0.410119
v 0.600634 2.081308 0.115018
v -0.095131 2.081308 0.620521
v -0.600634 2.081308 -0.075244
v 0.541839 2.081308 -0.256194
v 0.276081 2.081308 0.561727
v -0.541839 2.081308 0.295968
v -0.276081 2.081308 -0.521952
v 0.276081 2.081308 -0.521952
v 0.541839 2.081308 0.295968
v -0.276081 2.081308 0.561727
v -0.541839 2.081308 -0.256194
v -0.547271 0.545241 0.298741
v -0.541859 1.200030 -0.256204
v 0.095134 1.200030 0.620542
v 0.430022 1.200030 -0.410134
v -0.430022 1.200030 -0.410134
v -0.095134 1.200030 0.620542
v 0.541859 1.200030 -0.256204
v -0.276091 1.200030 -0.521972
v -0.276091 1.200030 0.561746
v 0.600655 1.200030 -0.075247
v -0.095134 1.200030 -0.580768
v -0.430022 1.200030 0.449909
v 0.600655 1.200030 0.115022
v -0.541859 1.200030 0.295978
v 0.541859 1.200030 0.295978
v -0.600655 1.200030 0.115022
v 0.430022 1.200030 0.449909
v 0.095134 1.200030 -0.580768
v -0.600655 1.200030 -0.075247
v 0.276091 1.200030 0.561746
v -0.093041 0.326155 0.606562
v 0.547268 0.545241 0.298747
v -0.606656 0.545241 0.115980
v 0.434310 0.545241 0.454214
v 0.096080 0.545241 -0.586771
v -0.606659 0.545241 -0.076188
v 0.278841 0.545241 0.567165
v 0.278848 0.545241 -0.527387
v -0.547278 0.545241 -0.258952
v 0.096077 0.545241 0.626545
v 0.434320 0.545241 -0.414430
v -0.434326 0.545241 -0.414423
v -0.096090 0.545241 0.626543
v 0.547276 0.545241 -0.258958
v -0.278859 0.545241 -0.527381
v -0.278851 0.545241 0.567160
v 0.606658 0.545241 -0.076190
v -0.096093 0.545242 -0.586769
v -0.434317 0.545241 0.454207
v 0.606655 0.545241 0.115982
v 0.527961 0.326329 -0.249202
v -0.269722 0.326155 -0.508955
v -0.269110 0.326329 0.548379
v 0.578309 0.330053 -0.071527
v -0.093080 0.326329 -0.565389
v -0.414242 0.330053 0.434188
v 0.585321 0.326329 0.113025
v -0.528433 0.326329 0.289055
v 0.528900 0.326155 0.289667
v -0.586616 0.326155 0.112986
v 0.419156 0.326329 0.439139
v 0.091471 0.330053 -0.558431
v -0.585689 0.326329 -0.072444
v 0.265706 0.330053 0.541881
v 0.269147 0.326329 -0.508018
v -0.521936 0.330053 -0.245760
v 0.092390 0.326329 0.605635
v 0.419706 0.326155 -0.399760
v -0.419193 0.326329 -0.399211
v 0.000009 0.267080 0.019874
v 0.031200 4.585347 -0.177101
v 0.090546 4.585347 -0.157819
v 0.141028 4.585347 -0.121141
v 0.177706 4.585347 -0.070658
v 0.196988 4.585347 -0.011313
v 0.196988 4.585347 0.051087
v 0.177706 4.585347 0.110433
v 0.141028 4.585347 0.160915
v 0.090546 4.585347 0.197593
v 0.031200 4.585347 0.216876
v -0.031200 4.585347 0.216876
v -0.090546 4.585347 0.197593
v -0.141028 4.585347 0.160915
v -0.177706 4.585347 0.110433
v -0.196988 4.585347 0.051087
v -0.196988 4.585347 -0.011313
v -0.177706 4.585347 -0.070658
v -0.141028 4.585347 -0.121141
v -0.090546 4.585347 -0.157819
v -0.031200 4.585347 -0.177101
v -0.197389 4.393497 0.051151
v 0.178067 4.393497 0.110617
v -0.178067 4.393497 0.110617
v 0.197389 4.393497 0.051151
v -0.141315 4.393497 0.161202
v -0.031263 4.393497 -0.177502
v 0.197389 4.393497 -0.011376
v -0.090730 4.393497 0.197954
v -0.090730 4.393497 -0.158180
v 0.178067 4.393497 -0.070843
v -0.031263 4.393497 0.217276
v -0.141315 4.393497 -0.121428
v 0.141315 4.393497 -0.121428
v 0.031263 4.393497 0.217276
v -0.178067 4.393497 -0.070843
v 0.090730 4.393497 -0.158180
v 0.090730 4.393497 0.197954
v -0.197389 4.393497 -0.011376
v 0.031263 4.393497 -0.177502
v 0.141315 4.393497 0.161202
v 0.034970 4.364420 -0.200903
v 0.101486 4.364420 -0.179291
v 0.158068 4.364420 -0.138181
v 0.199178 4.364420 -0.081599
v 0.220790 4.364420 -0.015083
v 0.220790 4.364420 0.054857
v 0.199178 4.364420 0.121373
v 0.158068 4.364420 0.177956
v 0.101486 4.364420 0.219065
v 0.034970 4.364420 0.240677
v -0.034970 4.364420 0.240677
v -0.101486 4.364420 0.219065
v -0.158068 4.364420 0.177956
v -0.199178 4.364420 0.121373
v -0.220790 4.364420 0.054857
v -0.220790 4.364420 -0.015083
v -0.199178 4.364420 -0.081599
v -0.158068 4.364420 -0.138181
v -0.101486 4.364420 -0.179291
v -0.034970 4.364420 -0.200903
v 0.029837 4.365191 -0.168494
v 0.086589 4.365191 -0.150054
v 0.134866 4.365191 -0.114979
v 0.169941 4.365191 -0.066702
v 0.188381 4.365191 -0.009949
v 0.188381 4.365191 0.049724
v 0.169941 4.365191 0.106476
v 0.134866 4.365191 0.154753
v 0.086589 4.365191 0.189828
v 0.029837 4.365191 0.208268
v -0.029837 4.365191 0.208268
v -0.086589 4.365191 0.189828
v -0.134866 4.365191 0.154753
v -0.169941 4.365191 0.106476
v -0.188381 4.365191 0.049724
v -0.188381 4.365191 -0.009949
v -0.169941 4.365191 -0.066702
v -0.134866 4.365191 -0.114979
v -0.086589 4.365191 -0.150054
v -0.029837 4.365191 -0.168494
v 0.030055 4.342831 -0.169874
v 0.087224 4.342831 -0.151299
v 0.135854 4.342831 -0.115967
v 0.171186 4.342831 -0.067337
v 0.189762 4.342831 -0.010168
v 0.189762 4.342831 0.049942
v 0.171186 4.342831 0.107111
v 0.135854 4.342831 0.155742
v 0.087224 4.342831 0.191074
v 0.030055 4.342831 0.209649
v -0.030055 4.342831 0.209649
v -0.087224 4.342831 0.191074
v -0.135854 4.342831 0.155742
v -0.171186 4.342831 0.107111
v -0.189762 4.342831 0.049942
v -0.189762 4.342831 -0.010168
v -0.171186 4.342831 -0.067337
v -0.135854 4.342831 -0.115967
v -0.087224 4.342831 -0.151299
v -0.030055 4.342831 -0.169874
v 0.034974 4.345504 -0.200930
v 0.101499 4.345504 -0.179315
v 0.158088 4.345504 -0.138200
v 0.199202 4.345504 -0.081611
v 0.220817 4.345504 -0.015087
v 0.220817 4.345504 0.054861
v 0.199202 4.345504 0.121386
v 0.158088 4.345504 0.177975
v 0.101499 4.345504 0.219089
v 0.034974 4.345504 0.240704
v -0.034974 4.345504 0.240704
v -0.101498 4.345504 0.219089
v -0.158088 4.345504 0.177975
v -0.199202 4.345504 0.121386
v -0.220817 4.345504 0.054861
v -0.220817 4.345504 -0.015087
v -0.199202 4.345504 -0.081611
v -0.158088 4.345504 -0.138200
v -0.101498 4.345504 -0.179315
v -0.034974 4.345504 -0.200930
v -0.016503 0.140285 -0.090626
v 0.481813 0.142575 -0.230717
v -0.250264 0.141712 -0.470768
v 0.335418 0.259854 -0.033262
v 0.089912 0.139275 0.065700
v -0.016437 0.139275 0.121434
v 0.389400 0.141712 -0.369455
v 0.153310 0.259854 0.321274
v -0.269456 0.141554 0.210810
v -0.239173 0.259854 0.259125
v 0.108714 0.140285 0.036316
v -0.380964 0.142575 -0.367337
v 0.017936 0.140285 0.128435
v -0.301331 0.259854 -0.133367
v 0.250663 0.142575 -0.461870
v -0.190919 0.141554 0.289450
v 0.053159 0.259854 -0.317216
v -0.537430 0.142575 -0.060256
v 0.100040 0.140285 -0.029809
v -0.045816 0.139275 -0.070102
v 0.145705 0.027049 -0.260728
v 0.222700 0.022118 -0.202810
v 0.280621 0.027049 -0.125812
v 0.311762 0.027049 0.071769
v 0.280614 0.022118 0.162880
v 0.225207 0.027049 0.241642
v -0.141332 0.027049 0.302701
v -0.282726 0.027049 0.161194
v -0.311078 0.022118 0.069165
v -0.312550 0.027049 -0.027113
v -0.221751 0.027049 -0.205316
v -0.142991 0.022118 -0.260728
v 0.047002 0.027049 0.332445
v -0.049304 0.022118 0.331049
v -0.051884 0.027049 -0.292023
v 0.080201 0.142575 0.557375
v 0.077183 0.140285 0.098180
v -0.086337 0.141712 0.564231
v -0.315235 0.141554 -0.078232
v 0.535660 0.142575 0.109704
v 0.106200 0.141554 -0.294476
v -0.089762 0.142575 -0.515788
v -0.051257 0.140285 0.119366
v -0.264795 0.141554 -0.177227
v 0.490713 0.141712 0.270210
v 0.387282 0.142575 0.400909
v 0.314353 0.141554 -0.086257
v -0.097604 0.140285 0.070496
v 0.330069 0.141554 0.023945
v -0.099668 0.139275 0.035673
v -0.004102 0.141554 -0.311946
v -0.242602 0.142575 0.506248
v -0.108465 0.140285 0.001924
v 0.049725 0.140285 -0.080137
v -0.486303 0.142575 0.262547
v 0.197145 0.141554 0.284712
v -0.078291 0.140285 -0.057295
v 0.071450 0.139275 -0.051561
v -0.544286 0.141712 0.106282
v 0.098150 0.141554 0.335153
v 0.040989 0.262077 -0.061810
v 0.062679 0.261757 -0.042790
v 0.081654 0.262076 -0.021076
v 0.098070 0.265947 0.004152
v 0.088583 0.262077 0.033670
v 0.078856 0.261757 0.060066
v 0.063192 0.262076 0.083385
v 0.044279 0.265947 0.106809
v -0.041517 0.262076 0.101500
v -0.069008 0.265946 0.088947
v -0.079723 0.262077 0.060749
v -0.087412 0.261756 0.033732
v -0.088448 0.262076 0.005662
v -0.086920 0.265946 -0.024390
v -0.063498 0.262077 -0.043305
v -0.040182 0.261756 -0.059048
v 0.015690 0.265947 -0.079948
v 0.014196 0.262077 0.108419
v -0.014503 0.261756 0.109197
v -0.013858 0.262076 -0.070497
v 0.095130 2.492315 -0.580742
v 0.095131 3.256737 -0.580746
v 0.276079 2.492315 -0.521948
v 0.276081 3.256737 -0.521952
v 0.430003 2.492315 -0.410116
v 0.430006 3.256737 -0.410119
v 0.541835 2.492315 -0.256192
v 0.541839 3.256737 -0.256194
v 0.600629 2.492315 -0.075243
v 0.600634 3.256737 -0.075244
v 0.600629 2.492315 0.115018
v 0.600634 3.256737 0.115018
v 0.541835 2.492315 0.295966
v 0.541839 3.256737 0.295968
v 0.430003 2.492315 0.449890
v 0.430006 3.256737 0.449893
v 0.276079 2.492315 0.561723
v 0.276081 3.256737 0.561727
v 0.095130 2.492315 0.620516
v 0.095131 3.256737 0.620521
v -0.095130 2.492315 0.620516
v -0.095131 3.256737 0.620521
v -0.276079 2.492315 0.561723
v -0.276081 3.256737 0.561727
v -0.430003 2.492315 0.449890
v -0.430006 3.256737 0.449893
v -0.541835 2.492315 0.295966
v -0.541839 3.256737 0.295968
v -0.600629 2.492315 0.115018
v -0.600634 3.256737 0.115018
v -0.600629 2.492315 -0.075243
v -0.600634 3.256737 -0.075244
v -0.541835 2.492315 -0.256192
v -0.541839 3.256737 -0.256194
v -0.430003 2.492315 -0.410116
v -0.430006 3.256737 -0.410119
v -0.276079 2.492315 -0.521948
v -0.276081 3.256737 -0.521952
v -0.095130 2.492315 -0.580742
v -0.095131 3.256737 -0.580746
v 0.028097 4.589357 -0.157510
v 0.081541 4.589357 -0.140145
v 0.127002 4.589357 -0.107115
v 0.160032 4.589357 -0.061653
v 0.177397 4.589357 -0.008210
v 0.177397 4.589357 0.047984
v 0.160032 4.589357 0.101428
v 0.127002 4.589357 0.146889
v 0.081541 4.589357 0.179919
v 0.028097 4.589357 0.197284
v -0.028097 4.589357 0.197284
v -0.081540 4.589357 0.179919
v -0.127002 4.589357 0.146890
v -0.160032 4.589357 0.101428
v -0.177397 4.589357 0.047984
v -0.177397 4.589357 -0.008210
v -0.160032 4.589357 -0.061653
v -0.127002 4.589357 -0.107115
v -0.081540 4.589357 -0.140145
v -0.028097 4.589357 -0.157510
v 0.000000 3.007118 -0.588246
v 0.187923 3.007118 -0.558482
v 0.357452 3.007118 -0.472103
v 0.491990 3.007118 -0.337564
v 0.578369 3.007118 -0.168036
v 0.608133 3.007118 0.019887
v 0.578369 3.007118 0.207811
v 0.491990 3.007118 0.377339
v 0.357452 3.007118 0.511877
v 0.187923 3.007118 0.598256
v 0.000000 3.007118 0.628020
v -0.187923 3.007118 0.598256
v -0.357452 3.007118 0.511877
v -0.491990 3.007118 0.377339
v -0.578369 3.007118 0.207811
v -0.608133 3.007118 0.019887
v -0.578369 3.007118 -0.168036
v -0.491990 3.007118 -0.337564
v -0.357452 3.007118 -0.472103
v -0.187923 3.007118 -0.558482
v 0.095133 3.007118 -0.580759
v 0.276087 3.007118 -0.521963
v 0.430015 3.007118 -0.410128
v 0.541851 3.007118 -0.256199
v 0.600646 3.007118 -0.075246
v 0.600646 3.007118 0.115020
v 0.541851 3.007118 0.295974
v 0.430015 3.007118 0.449902
v 0.276087 3.007118 0.561738
v 0.095133 3.007118 0.620533
v -0.095133 3.007118 0.620533
v -0.276087 3.007118 0.561738
v -0.430015 3.007118 0.449902
v -0.541851 3.007118 0.295974
v -0.600646 3.007118 0.115020
v -0.600646 3.007118 -0.075246
v -0.541851 3.007118 -0.256199
v -0.430015 3.007118 -0.410128
v -0.276087 3.007118 -0.521963
v -0.095133 3.007118 -0.580759
v -0.000000 2.750998 -0.588255
v 0.187926 2.750998 -0.558490
v 0.357457 2.750998 -0.472110
v 0.491997 2.750998 -0.337570
v 0.578377 2.750998 -0.168039
v 0.608142 2.750998 0.019887
v 0.578377 2.750998 0.207813
v 0.491997 2.750998 0.377344
v 0.357457 2.750998 0.511884
v 0.187926 2.750998 0.598265
v 0.000000 2.750998 0.628029
v -0.187926 2.750998 0.598265
v -0.357457 2.750998 0.511884
v -0.491997 2.750998 0.377344
v -0.578377 2.750998 0.207813
v -0.608142 2.750998 0.019887
v -0.578377 2.750998 -0.168039
v -0.491997 2.750998 -0.337570
v -0.357457 2.750998 -0.472110
v -0.187926 2.750998 -0.558490
v 0.095134 2.750998 -0.580768
v 0.276091 2.750998 -0.521971
v 0.430021 2.750998 -0.410134
v 0.541859 2.750998 -0.256204
v 0.600655 2.750998 -0.075247
v 0.600655 2.750998 0.115022
v 0.541859 2.750998 0.295978
v 0.430021 2.750998 0.449909
v 0.276091 2.750998 0.561746
v 0.095134 2.750998 0.620542
v -0.095134 2.750998 0.620542
v -0.276091 2.750998 0.561746
v -0.430021 2.750998 0.449909
v -0.541859 2.750998 0.295978
v -0.600655 2.750998 0.115022
v -0.600655 2.750998 -0.075247
v -0.541859 2.750998 -0.256204
v -0.430021 2.750998 -0.410134
v -0.276091 2.750998 -0.521971
v -0.095134 2.750998 -0.580768
v 0.608120 2.221343 0.019887
v 0.578357 2.221343 -0.168032
v -0.000000 2.221343 0.628007
v 0.187919 2.221343 0.598244
v -0.608120 2.221343 0.019887
v -0.578357 2.221343 0.207807
v -0.000000 2.221343 -0.588233
v -0.187919 2.221343 -0.558469
v 0.491980 2.221343 -0.337557
v 0.357444 2.221343 -0.472092
v 0.357444 2.221343 0.511867
v 0.491980 2.221343 0.377331
v 0.187919 2.221343 -0.558469
v -0.491980 2.221343 0.377331
v -0.357444 2.221343 0.511867
v -0.357444 2.221343 -0.472092
v -0.491980 2.221343 -0.337557
v 0.578357 2.221343 0.207807
v -0.187919 2.221343 0.598244
v -0.578357 2.221343 -0.168032
v 0.600633 2.221343 -0.075244
v 0.095131 2.221343 0.620520
v -0.600633 2.221343 0.115018
v -0.095131 2.221343 -0.580746
v 0.430006 2.221343 -0.410119
v 0.430006 2.221343 0.449893
v 0.095131 2.221343 -0.580746
v -0.430006 2.221343 0.449893
v -0.430006 2.221343 -0.410119
v 0.600633 2.221343 0.115018
v -0.095131 2.221343 0.620520
v -0.600633 2.221343 -0.075244
v 0.541839 2.221343 -0.256194
v 0.276081 2.221343 0.561726
v -0.541839 2.221343 0.295968
v -0.276081 2.221343 -0.521952
v 0.276081 2.221343 -0.521952
v 0.541839 2.221343 0.295968
v -0.276081 2.221343 0.561726
v -0.541839 2.221343 -0.256194
v 0.608144 1.874300 0.019887
v 0.578379 1.874300 -0.168040
v -0.000000 1.874300 0.628031
v 0.187927 1.874300 0.598266
v -0.608144 1.874300 0.019887
v -0.578379 1.874300 0.207814
v -0.000000 1.874300 -0.588257
v -0.187927 1.874300 -0.558492
v 0.491999 1.874300 -0.337571
v 0.357458 1.874300 -0.472111
v 0.357458 1.874300 0.511886
v 0.491999 1.874300 0.377345
v 0.187927 1.874300 -0.558492
v -0.491999 1.874300 0.377345
v -0.357458 1.874300 0.511886
v -0.357458 1.874300 -0.472111
v -0.491999 1.874300 -0.337571
v 0.578379 1.874300 0.207814
v -0.187927 1.874300 0.598266
v -0.578379 1.874300 -0.168040
v 0.600657 1.874300 -0.075247
v 0.095135 1.874300 0.620544
v -0.600657 1.874300 0.115022
v -0.095135 1.874300 -0.580769
v 0.430023 1.874300 -0.410135
v 0.430023 1.874300 0.449910
v 0.095135 1.874300 -0.580769
v -0.430023 1.874300 0.449910
v -0.430023 1.874300 -0.410135
v 0.600657 1.874300 0.115022
v -0.095135 1.874300 0.620544
v -0.600657 1.874300 -0.075247
v 0.541860 1.874300 -0.256204
v 0.276091 1.874300 0.561747
v -0.541860 1.874300 0.295979
v -0.276092 1.874300 -0.521973
v 0.276092 1.874300 -0.521973
v 0.541860 1.874300 0.295979
v -0.276092 1.874300 0.561747
v -0.541860 1.874300 -0.256204
v 0.357457 1.433963 -0.472111
v 0.187926 1.433963 -0.558491
v -0.491998 1.433963 -0.337570
v -0.578378 1.433963 -0.168039
v -0.000000 1.433963 0.628030
v 0.187926 1.433963 0.598265
v 0.491998 1.433963 -0.337570
v -0.357457 1.433963 -0.472110
v -0.187926 1.433963 0.598265
v 0.578378 1.433963 -0.168039
v -0.187926 1.433963 -0.558491
v -0.357457 1.433963 0.511885
v 0.608143 1.433963 0.019887
v -0.000000 1.433963 -0.588255
v -0.491998 1.433963 0.377344
v 0.578378 1.433963 0.207814
v -0.578378 1.433963 0.207814
v 0.491998 1.433963 0.377344
v -0.608143 1.433963 0.019887
v 0.357457 1.433963 0.511885
v 0.276091 1.433963 -0.521972
v -0.541859 1.433963 -0.256204
v 0.095134 1.433963 0.620543
v 0.430022 1.433963 -0.410135
v -0.430022 1.433963 -0.410135
v -0.095134 1.433963 0.620543
v 0.541859 1.433963 -0.256204
v -0.276091 1.433963 -0.521972
v -0.276091 1.433963 0.561746
v 0.600655 1.433963 -0.075247
v -0.095135 1.433963 -0.580768
v -0.430022 1.433963 0.449909
v 0.600655 1.433963 0.115022
v -0.541859 1.433963 0.295978
v 0.541859 1.433963 0.295978
v -0.600655 1.433963 0.115022
v 0.430022 1.433963 0.449909
v 0.095134 1.433963 -0.580768
v -0.600655 1.433963 -0.075247
v 0.276091 1.433963 0.561746
v 0.357453 0.997281 -0.472105
v 0.187924 0.997281 -0.558485
v -0.491992 0.997281 -0.337566
v -0.578372 0.997281 -0.168037
v -0.000000 0.997281 0.628023
v 0.187924 0.997281 0.598259
v 0.491992 0.997281 -0.337566
v -0.357453 0.997281 -0.472105
v -0.187924 0.997281 0.598259
v 0.578372 0.997281 -0.168037
v -0.187924 0.997281 -0.558485
v -0.357453 0.997281 0.511880
v 0.608136 0.997281 0.019887
v -0.000000 0.997281 -0.588249
v -0.491992 0.997281 0.377341
v 0.578372 0.997281 0.207812
v -0.578372 0.997281 0.207812
v 0.491992 0.997281 0.377341
v -0.608136 0.997281 0.019887
v 0.357453 0.997281 0.511880
v 0.276088 0.997281 -0.521966
v -0.541853 0.997281 -0.256201
v 0.095133 0.997281 0.620536
v 0.430017 0.997281 -0.410130
v -0.430017 0.997281 -0.410130
v -0.095133 0.997281 0.620536
v 0.541853 0.997281 -0.256201
v -0.276088 0.997281 -0.521966
v -0.276088 0.997281 0.561740
v 0.600649 0.997281 -0.075246
v -0.095133 0.997281 -0.580762
v -0.430017 0.997281 0.449904
v 0.600649 0.997281 0.115021
v -0.541853 0.997281 0.295975
v 0.541853 0.997281 0.295975
v -0.600649 0.997281 0.115021
v 0.430017 0.997281 0.449904
v 0.095133 0.997281 -0.580762
v -0.600649 0.997281 -0.075246
v 0.276088 0.997281 0.561740
v -0.000000 2.622938 -0.586226
v -0.000000 3.137264 -0.561848
v 0.187299 2.622938 -0.556561
v 0.179766 3.137264 -0.533375
v 0.356264 2.622938 -0.470469
v 0.341935 3.137264 -0.450746
v 0.490356 2.622938 -0.336377
v 0.470633 3.137264 -0.322048
v 0.576448 2.622938 -0.167412
v 0.553263 3.137264 -0.159879
v 0.606113 2.622938 0.019887
v 0.581735 3.137264 0.019887
v 0.576448 2.622938 0.207186
v 0.553263 3.137264 0.199653
v 0.490356 2.622938 0.376152
v 0.470633 3.137264 0.361822
v 0.356264 2.622938 0.510243
v 0.341935 3.137264 0.490521
v 0.187299 2.622938 0.596335
v 0.179766 3.137264 0.573150
v 0.000000 2.622938 0.626000
v -0.000000 3.137264 0.601622
v -0.187299 2.622938 0.596335
v -0.179766 3.137264 0.573150
v -0.356264 2.622938 0.510243
v -0.341935 3.137264 0.490520
v -0.490356 2.622938 0.376152
v -0.470633 3.137264 0.361822
v -0.576448 2.622938 0.207187
v -0.553263 3.137264 0.199653
v -0.606113 2.622938 0.019887
v -0.581735 3.137264 0.019887
v -0.576448 2.622938 -0.167412
v -0.553263 3.137264 -0.159879
v -0.490356 2.622938 -0.336378
v -0.470633 3.137264 -0.322048
v -0.356264 2.622938 -0.470469
v -0.341935 3.137264 -0.450746
v -0.187299 2.622938 -0.556561
v -0.179766 3.137264 -0.533375
v 0.000000 3.640177 -0.583801
v 0.186550 3.640177 -0.554254
v 0.354839 3.640177 -0.468507
v 0.488394 3.640177 -0.334952
v 0.574142 3.640177 -0.166663
v 0.603688 3.640177 0.019887
v 0.574142 3.640177 0.206437
v 0.488394 3.640177 0.374726
v 0.354839 3.640177 0.508281
v 0.186550 3.640177 0.594029
v 0.000000 3.640177 0.623575
v -0.186550 3.640177 0.594029
v -0.354839 3.640177 0.508281
v -0.488394 3.640177 0.374726
v -0.574142 3.640177 0.206437
v -0.603688 3.640177 0.019887
v -0.574142 3.640177 -0.166663
v -0.488394 3.640177 -0.334952
v -0.354839 3.640177 -0.468507
v -0.186550 3.640177 -0.554254
v 0.000000 3.813691 -0.558321
v 0.178676 3.813691 -0.530022
v 0.339862 3.813691 -0.447893
v 0.467781 3.813691 -0.319975
v 0.549909 3.813691 -0.158789
v 0.578208 3.813691 0.019887
v 0.549909 3.813691 0.198563
v 0.467781 3.813691 0.359750
v 0.339862 3.813691 0.487668
v 0.178676 3.813691 0.569796
v 0.000000 3.813691 0.598096
v -0.178676 3.813691 0.569796
v -0.339862 3.813691 0.487668
v -0.467781 3.813691 0.359750
v -0.549909 3.813691 0.198563
v -0.578208 3.813691 0.019887
v -0.549909 3.813691 -0.158789
v -0.467781 3.813691 -0.319975
v -0.339862 3.813691 -0.447893
v -0.178676 3.813691 -0.530022
v 0.000000 3.969756 -0.514550
v 0.165150 3.969756 -0.488393
v 0.314134 3.969756 -0.412482
v 0.432369 3.969756 -0.294247
v 0.508280 3.969756 -0.145263
v 0.534438 3.969756 0.019887
v 0.508280 3.969756 0.185037
v 0.432369 3.969756 0.334022
v 0.314134 3.969756 0.452256
v 0.165150 3.969756 0.528168
v 0.000000 3.969756 0.554325
v -0.165150 3.969756 0.528168
v -0.314134 3.969756 0.452256
v -0.432369 3.969756 0.334022
v -0.508280 3.969756 0.185037
v -0.534438 3.969756 0.019887
v -0.508280 3.969756 -0.145263
v -0.432369 3.969756 -0.294247
v -0.314134 3.969756 -0.412482
v -0.165150 3.969756 -0.488393
v 0.000000 4.203472 -0.412749
v 0.133692 4.203472 -0.391574
v 0.254297 4.203472 -0.330123
v 0.350010 4.203472 -0.234410
v 0.411461 4.203472 -0.113805
v 0.432636 4.203472 0.019887
v 0.411461 4.203472 0.153579
v 0.350010 4.203472 0.274184
v 0.254297 4.203472 0.369897
v 0.133692 4.203472 0.431349
v 0.000000 4.203472 0.452523
v -0.133692 4.203472 0.431349
v -0.254297 4.203472 0.369897
v -0.350010 4.203472 0.274184
v -0.411461 4.203472 0.153579
v -0.432636 4.203472 0.019887
v -0.411461 4.203472 -0.113805
v -0.350010 4.203472 -0.234410
v -0.254297 4.203472 -0.330123
v -0.133692 4.203472 -0.391574
v 0.000000 4.347096 -0.176440
v 0.060669 4.347096 -0.166831
v 0.115398 4.347096 -0.138945
v 0.158832 4.347096 -0.095511
v 0.186719 4.347096 -0.040781
v 0.196328 4.347096 0.019887
v 0.186719 4.347096 0.080556
v 0.158832 4.347096 0.135286
v 0.115398 4.347096 0.178720
v 0.060669 4.347096 0.206606
v 0.000000 4.347096 0.216215
v -0.060669 4.347096 0.206606
v -0.115398 4.347096 0.178720
v -0.158832 4.347096 0.135286
v -0.186719 4.347096 0.080556
v -0.196328 4.347096 0.019887
v -0.186719 4.347096 -0.040781
v -0.158832 4.347096 -0.095511
v -0.115398 4.347096 -0.138945
v -0.060669 4.347096 -0.166831
v 0.000000 4.347103 -0.198794
v 0.067576 4.347103 -0.188091
v 0.128537 4.347103 -0.157029
v 0.176917 4.347103 -0.108650
v 0.207978 4.347103 -0.047689
v 0.218681 4.347103 0.019887
v 0.207978 4.347103 0.087463
v 0.176917 4.347103 0.148425
v 0.128537 4.347103 0.196804
v 0.067576 4.347103 0.227865
v 0.000000 4.347103 0.238568
v -0.067576 4.347103 0.227865
v -0.128537 4.347103 0.196804
v -0.176917 4.347103 0.148425
v -0.207978 4.347103 0.087463
v -0.218681 4.347103 0.019887
v -0.207978 4.347103 -0.047689
v -0.176916 4.347103 -0.108650
v -0.128537 4.347103 -0.157029
v -0.067576 4.347103 -0.188091
v 0.000000 4.362821 -0.198579
v 0.067510 4.362821 -0.187886
v 0.128411 4.362821 -0.156856
v 0.176743 4.362821 -0.108524
v 0.207774 4.362821 -0.047623
v 0.218466 4.362821 0.019887
v 0.207774 4.362821 0.087397
v 0.176743 4.362821 0.148298
v 0.128411 4.362821 0.196630
v 0.067510 4.362821 0.227661
v 0.000000 4.362821 0.238353
v -0.067510 4.362821 0.227661
v -0.128411 4.362821 0.196630
v -0.176743 4.362821 0.148298
v -0.207774 4.362821 0.087397
v -0.218466 4.362821 0.019887
v -0.207774 4.362821 -0.047623
v -0.176743 4.362821 -0.108524
v -0.128411 4.362821 -0.156856
v -0.067510 4.362821 -0.187886
v 0.000000 4.362821 -0.175763
v 0.060459 4.362821 -0.166187
v 0.115000 4.362821 -0.138397
v 0.158284 4.362821 -0.095113
v 0.186074 4.362821 -0.040572
v 0.195650 4.362821 0.019887
v 0.186074 4.362821 0.080346
v 0.158284 4.362821 0.134887
v 0.115000 4.362821 0.178171
v 0.060459 4.362821 0.205962
v 0.000000 4.362821 0.215537
v -0.060459 4.362821 0.205961
v -0.115000 4.362821 0.178171
v -0.158284 4.362821 0.134887
v -0.186074 4.362821 0.080346
v -0.195650 4.362821 0.019887
v -0.186074 4.362821 -0.040572
v -0.158284 4.362821 -0.095113
v -0.115000 4.362821 -0.138397
v -0.060459 4.362821 -0.166187
v 0.000000 4.380328 -0.170003
v 0.058679 4.380328 -0.160709
v 0.111615 4.380328 -0.133737
v 0.153624 4.380328 -0.091727
v 0.180596 4.380328 -0.038792
v 0.189890 4.380328 0.019887
v 0.180596 4.380328 0.078566
v 0.153624 4.380328 0.131502
v 0.111615 4.380328 0.173511
v 0.058679 4.380328 0.200483
v 0.000000 4.380328 0.209777
v -0.058679 4.380328 0.200483
v -0.111615 4.380328 0.173511
v -0.153624 4.380328 0.131502
v -0.180596 4.380328 0.078566
v -0.189890 4.380328 0.019887
v -0.180596 4.380328 -0.038792
v -0.153624 4.380328 -0.091727
v -0.111615 4.380328 -0.133737
v -0.058679 4.380328 -0.160709
v 0.000000 4.385666 -0.176631
v 0.060728 4.385666 -0.167013
v 0.115511 4.385666 -0.139100
v 0.158987 4.385666 -0.095624
v 0.186900 4.385666 -0.040840
v 0.196519 4.385666 0.019887
v 0.186900 4.385666 0.080615
v 0.158987 4.385666 0.135398
v 0.115511 4.385666 0.178874
v 0.060728 4.385666 0.206788
v 0.000000 4.385666 0.216406
v -0.060728 4.385666 0.206788
v -0.115511 4.385666 0.178874
v -0.158987 4.385666 0.135398
v -0.186900 4.385666 0.080615
v -0.196519 4.385666 0.019887
v -0.186900 4.385666 -0.040840
v -0.158987 4.385666 -0.095624
v -0.115511 4.385666 -0.139100
v -0.060728 4.385666 -0.167013
v 0.000000 4.587346 -0.129146
v 0.046054 4.587346 -0.121852
v 0.087599 4.587346 -0.100683
v 0.120570 4.587346 -0.067712
v 0.141739 4.587346 -0.026167
v 0.149033 4.587346 0.019887
v 0.141739 4.587346 0.065941
v 0.120570 4.587346 0.107487
v 0.087599 4.587346 0.140457
v 0.046054 4.587346 0.161626
v 0.000000 4.587346 0.168920
v -0.046054 4.587346 0.161626
v -0.087599 4.587346 0.140457
v -0.120570 4.587346 0.107487
v -0.141739 4.587346 0.065941
v -0.149033 4.587346 0.019887
v -0.141739 4.587346 -0.026167
v -0.120570 4.587346 -0.067712
v -0.087599 4.587346 -0.100683
v -0.046054 4.587346 -0.121852
v -0.000000 1.668005 -0.586226
v 0.187299 1.668005 -0.556561
v 0.356264 1.668005 -0.470469
v 0.490356 1.668005 -0.336377
v 0.576448 1.668005 -0.167412
v 0.606113 1.668005 0.019887
v 0.576448 1.668005 0.207187
v 0.490356 1.668005 0.376151
v 0.356264 1.668005 0.510243
v 0.187300 1.668005 0.596335
v -0.000000 1.668005 0.626000
v -0.187299 1.668005 0.596335
v -0.356264 1.668005 0.510243
v -0.490356 1.668005 0.376151
v -0.576448 1.668005 0.207186
v -0.606113 1.668005 0.019887
v -0.576448 1.668005 -0.167412
v -0.490356 1.668005 -0.336377
v -0.356264 1.668005 -0.470469
v -0.187300 1.668005 -0.556560
v -0.000000 0.794526 -0.586221
v 0.187298 0.794526 -0.556556
v 0.356262 0.794526 -0.470465
v 0.490352 0.794526 -0.336374
v 0.576443 0.794526 -0.167411
v 0.606108 0.794526 0.019887
v 0.576443 0.794526 0.207185
v 0.490352 0.794526 0.376149
v 0.356262 0.794526 0.510239
v 0.187298 0.794526 0.596331
v -0.000000 0.794526 0.625996
v -0.187298 0.794526 0.596331
v -0.356262 0.794526 0.510239
v -0.490352 0.794526 0.376149
v -0.576443 0.794526 0.207185
v -0.606108 0.794526 0.019887
v -0.576443 0.794526 -0.167411
v -0.490352 0.794526 -0.336374
v -0.356262 0.794526 -0.470465
v -0.187298 0.794526 -0.556556
v -0.000083 0.412216 -0.592305
v 0.189177 0.412217 -0.562342
v 0.359840 0.412160 -0.475384
v 0.495288 0.412160 -0.339930
v 0.582237 0.412217 -0.169266
v 0.612192 0.412217 0.019991
v 0.582201 0.412158 0.209152
v 0.495221 0.412157 0.379797
v 0.359789 0.412214 0.515196
v 0.189079 0.412213 0.602149
v -0.000058 0.412154 0.632079
v -0.189201 0.412153 0.602109
v -0.359814 0.412211 0.515178
v -0.495274 0.412211 0.379725
v -0.582213 0.412154 0.209113
v -0.612192 0.412155 0.019966
v -0.582265 0.412214 -0.169179
v -0.495311 0.412215 -0.339899
v -0.359906 0.412158 -0.475337
v -0.189253 0.412159 -0.562317
v -0.000150 0.269089 -0.058003
v -0.000119 0.269088 0.096705
v 0.024109 0.269089 -0.054162
v 0.045079 0.269087 -0.042264
v 0.062157 0.269087 -0.025187
v 0.073751 0.269089 -0.004212
v 0.076622 0.269088 0.019986
v 0.072737 0.269088 0.043548
v 0.061895 0.269088 0.064826
v 0.045003 0.269088 0.081522
v 0.023412 0.269088 0.092523
v -0.024080 0.269089 0.093985
v -0.044840 0.269089 0.082058
v -0.061847 0.269088 0.064598
v -0.072753 0.269088 0.043500
v -0.076489 0.269088 0.019912
v -0.072636 0.269089 -0.003524
v -0.061635 0.269089 -0.025116
v -0.044940 0.269088 -0.042007
v -0.023690 0.269087 -0.053155
v 0.061200 4.557254 -0.168467
v 0.000000 4.557254 -0.178160
v 0.116409 4.557254 -0.140336
v 0.160224 4.557254 -0.096522
v 0.188354 4.557254 -0.041313
v 0.198047 4.557254 0.019887
v 0.188354 4.557254 0.081087
v 0.160224 4.557254 0.136296
v 0.116409 4.557254 0.180111
v 0.061200 4.557254 0.208241
v 0.000000 4.557254 0.217934
v -0.061200 4.557254 0.208241
v -0.116409 4.557254 0.180111
v -0.160224 4.557254 0.136296
v -0.188354 4.557254 0.081087
v -0.198047 4.557254 0.019887
v -0.188354 4.557254 -0.041313
v -0.160224 4.557254 -0.096522
v -0.116409 4.557254 -0.140336
v -0.061200 4.557254 -0.168467
v 0.160224 4.426497 0.136296
v 0.116409 4.426497 0.180111
v 0.000000 4.426497 -0.178160
v 0.061200 4.426497 -0.168467
v -0.198047 4.426497 0.019887
v -0.188354 4.426497 -0.041313
v 0.061200 4.426497 0.208241
v 0.116409 4.426497 -0.140336
v -0.160224 4.426497 -0.096522
v 0.000000 4.426497 0.217934
v 0.160224 4.426497 -0.096522
v -0.116409 4.426497 -0.140336
v -0.061200 4.426497 0.208241
v 0.188354 4.426497 -0.041313
v -0.061200 4.426497 -0.168467
v -0.116409 4.426497 0.180111
v 0.198047 4.426497 0.019887
v -0.160224 4.426497 0.136297
v 0.188354 4.426497 0.081087
v -0.188354 4.426497 0.081087
v 0.068677 4.361297 -0.191480
v 0.000000 4.361297 -0.202358
v 0.130632 4.361297 -0.159913
v 0.179800 4.361297 -0.110745
v 0.211368 4.361297 -0.048790
v 0.222245 4.361297 0.019887
v 0.211368 4.361297 0.088565
v 0.179800 4.361297 0.150519
v 0.130632 4.361297 0.199687
v 0.068677 4.361297 0.231255
v 0.000000 4.361297 0.242132
v -0.068677 4.361297 0.231255
v -0.130632 4.361297 0.199687
v -0.179800 4.361297 0.150519
v -0.211367 4.361297 0.088565
v -0.222245 4.361297 0.019887
v -0.211367 4.361297 -0.048790
v -0.179800 4.361297 -0.110745
v -0.130632 4.361297 -0.159913
v -0.068677 4.361297 -0.191480
v 0.058093 4.367468 -0.158906
v 0.000000 4.367468 -0.168107
v 0.110500 4.367468 -0.132203
v 0.152090 4.367468 -0.090613
v 0.178793 4.367468 -0.038206
v 0.187994 4.367468 0.019887
v 0.178793 4.367468 0.077981
v 0.152090 4.367468 0.130387
v 0.110500 4.367468 0.171977
v 0.058093 4.367468 0.198680
v 0.000000 4.367468 0.207881
v -0.058093 4.367468 0.198680
v -0.110500 4.367468 0.171977
v -0.152090 4.367468 0.130387
v -0.178793 4.367468 0.077980
v -0.187994 4.367468 0.019887
v -0.178793 4.367468 -0.038206
v -0.152090 4.367468 -0.090613
v -0.110500 4.367468 -0.132203
v -0.058093 4.367468 -0.158906
v 0.055418 4.325903 -0.150671
v 0.000000 4.325903 -0.159449
v 0.105411 4.325903 -0.125199
v 0.145086 4.325903 -0.085524
v 0.170559 4.325903 -0.035531
v 0.179336 4.325903 0.019887
v 0.170559 4.325903 0.075305
v 0.145086 4.325903 0.125298
v 0.105411 4.325903 0.164973
v 0.055418 4.325903 0.190446
v 0.000000 4.325903 0.199223
v -0.055418 4.325903 0.190446
v -0.105411 4.325903 0.164973
v -0.145086 4.325903 0.125298
v -0.170559 4.325903 0.075305
v -0.179336 4.325903 0.019887
v -0.170559 4.325903 -0.035531
v -0.145086 4.325903 -0.085524
v -0.105411 4.325903 -0.125199
v -0.055418 4.325903 -0.150671
v 0.068677 4.348618 -0.191480
v 0.000000 4.348619 -0.202358
v 0.130632 4.348618 -0.159913
v 0.179800 4.348618 -0.110745
v 0.211368 4.348618 -0.048790
v 0.222245 4.348618 0.019887
v 0.211368 4.348618 0.088565
v 0.179800 4.348618 0.150520
v 0.130632 4.348618 0.199687
v 0.068677 4.348618 0.231255
v 0.000000 4.348618 0.242132
v -0.068677 4.348618 0.231255
v -0.130632 4.348618 0.199687
v -0.179800 4.348618 0.150520
v -0.211367 4.348618 0.088565
v -0.222245 4.348618 0.019887
v -0.211367 4.348618 -0.048790
v -0.179800 4.348618 -0.110745
v -0.130632 4.348618 -0.159913
v -0.068677 4.348618 -0.191480
v 0.165700 0.251859 -0.476849
v 0.339030 0.244446 -0.446659
v 0.466627 0.244446 -0.319062
v 0.496672 0.251858 -0.145733
v 0.523158 0.251859 0.024411
v 0.548610 0.244446 0.198563
v 0.466689 0.244446 0.359343
v 0.310789 0.251859 0.440966
v 0.157407 0.251858 0.519117
v -0.178494 0.244446 0.569041
v -0.304298 0.251859 0.445991
v -0.426023 0.251859 0.324266
v -0.549073 0.244446 0.198462
v -0.577301 0.244446 0.020236
v -0.499150 0.251858 -0.137439
v -0.420999 0.251859 -0.290822
v -0.339375 0.244446 -0.446721
v -0.178594 0.244446 -0.528642
v -0.004466 0.251859 -0.503800
v -0.000268 0.244446 0.597269
v 0.171287 0.076491 -0.382578
v 0.275652 0.055899 -0.359367
v 0.379275 0.055899 -0.255745
v 0.402496 0.076492 -0.151369
v 0.435423 0.076486 0.058561
v 0.445907 0.055899 0.164955
v 0.379378 0.055899 0.295527
v 0.287121 0.076488 0.349624
v -0.144882 0.055899 0.465978
v -0.224831 0.076487 0.394978
v -0.375066 0.076488 0.244744
v -0.446071 0.055899 0.164789
v -0.468995 0.055899 0.020049
v -0.426167 0.076486 -0.077901
v -0.329712 0.076488 -0.267209
v -0.275619 0.055899 -0.359470
v -0.145047 0.055899 -0.426000
v 0.097814 0.076486 0.446079
v -0.000141 0.055899 0.488902
v -0.038659 0.076489 -0.415829
v 0.078267 0.076206 -0.172838
v 0.098442 0.055838 -0.115205
v 0.135096 0.055838 -0.078552
v 0.192751 0.076207 -0.058354
v 0.206217 0.076206 0.034822
v 0.158691 0.055843 0.071747
v 0.135232 0.055843 0.117789
v 0.133273 0.076207 0.177984
v -0.051636 0.055845 0.179662
v -0.109287 0.076205 0.195864
v -0.175626 0.076207 0.129059
v -0.158867 0.055843 0.071209
v -0.166950 0.055843 0.020170
v -0.200760 0.076205 -0.029637
v -0.158092 0.076207 -0.113381
v -0.097903 0.055843 -0.115345
v -0.051894 0.055838 -0.139015
v 0.049529 0.076205 0.220653
v -0.000333 0.055840 0.187079
v -0.014985 0.076204 -0.187607
v 0.046522 0.237381 -0.128328
v 0.055667 0.224706 -0.056348
v 0.076250 0.224707 -0.035765
v 0.147675 0.237378 -0.026589
v 0.151568 0.237369 0.018530
v 0.088909 0.224710 0.049207
v 0.075978 0.224710 0.074584
v 0.087729 0.237370 0.142830
v 0.047808 0.237370 0.163169
v -0.029850 0.224724 0.112672
v -0.090033 0.237375 0.142039
v -0.121476 0.237371 0.109694
v -0.089162 0.224710 0.048429
v -0.093618 0.224710 0.020295
v -0.143269 0.237370 -0.027909
v -0.122931 0.237371 -0.067830
v -0.054701 0.224710 -0.056090
v -0.029448 0.224706 -0.069822
v 0.001219 0.237379 -0.135501
v -0.000601 0.224714 0.114441
v -0.000000 2.362468 -0.586220
v 0.187297 2.362468 -0.556555
v 0.187299 3.336648 -0.556561
v 0.000000 3.336648 -0.586226
v 0.356260 2.362468 -0.470464
v 0.356264 3.336648 -0.470469
v 0.490351 2.362468 -0.336374
v 0.490356 3.336648 -0.336377
v 0.576442 2.362468 -0.167410
v 0.576448 3.336648 -0.167412
v 0.606107 2.362468 0.019887
v 0.606113 3.336648 0.019887
v 0.576442 2.362468 0.207185
v 0.576448 3.336648 0.207186
v 0.490351 2.362468 0.376148
v 0.490356 3.336648 0.376152
v 0.356261 2.362468 0.510238
v 0.356264 3.336648 0.510243
v 0.187297 2.362468 0.596329
v 0.187299 3.336648 0.596335
v -0.000000 2.362468 0.625994
v 0.000000 3.336648 0.626001
v -0.187297 2.362468 0.596329
v -0.187299 3.336648 0.596335
v -0.356260 2.362468 0.510238
v -0.356264 3.336648 0.510243
v -0.490351 2.362468 0.376148
v -0.490356 3.336648 0.376152
v -0.576442 2.362468 0.207185
v -0.576448 3.336648 0.207186
v -0.606107 2.362468 0.019887
v -0.606113 3.336648 0.019887
v -0.576442 2.362468 -0.167410
v -0.576448 3.336648 -0.167412
v -0.490351 2.362468 -0.336373
v -0.490356 3.336648 -0.336377
v -0.356260 2.362468 -0.470464
v -0.356264 3.336648 -0.470469
v -0.187297 2.362468 -0.556555
v -0.187299 3.336648 -0.556561
v 0.060043 4.587363 -0.164907
v 0.000000 4.587363 -0.174417
v 0.114209 4.587363 -0.137308
v 0.157195 4.587363 -0.094322
v 0.184794 4.587363 -0.040156
v 0.194304 4.587363 0.019887
v 0.184794 4.587363 0.079930
v 0.157195 4.587363 0.134096
v 0.114209 4.587363 0.177082
v 0.060043 4.587363 0.204681
v 0.000000 4.587363 0.214191
v -0.060043 4.587363 0.204681
v -0.114209 4.587363 0.177082
v -0.157195 4.587363 0.134096
v -0.184794 4.587363 0.079930
v -0.194304 4.587363 0.019887
v -0.184794 4.587363 -0.040156
v -0.157195 4.587363 -0.094322
v -0.114209 4.587363 -0.137308
v -0.060043 4.587363 -0.164907
v 0.094816 2.362468 -0.578758
v 0.094817 3.336648 -0.578764
v -0.000000 2.879058 -0.586239
v 0.187303 2.879058 -0.556573
v 0.275167 2.362468 -0.520158
v 0.275170 3.336648 -0.520164
v 0.356273 2.879058 -0.470479
v 0.428582 2.362468 -0.408695
v 0.428587 3.336648 -0.408700
v 0.490367 2.879058 -0.336385
v 0.540045 2.362468 -0.255280
v 0.540051 3.336648 -0.255282
v 0.576461 2.879058 -0.167416
v 0.598645 2.362468 -0.074929
v 0.598651 3.336648 -0.074930
v 0.606127 2.879058 0.019887
v 0.598645 2.362468 0.114703
v 0.598651 3.336648 0.114704
v 0.576461 2.879058 0.207191
v 0.540045 2.362468 0.295054
v 0.540051 3.336648 0.295057
v 0.490367 2.879058 0.376159
v 0.428582 2.362468 0.448470
v 0.428587 3.336648 0.448474
v 0.356272 2.879058 0.510254
v 0.275167 2.362468 0.559932
v 0.275170 3.336648 0.559938
v 0.187303 2.879058 0.596348
v 0.094816 2.362468 0.618532
v 0.094817 3.336648 0.618538
v -0.000000 2.879058 0.626014
v -0.094816 2.362468 0.618532
v -0.094817 3.336648 0.618538
v -0.187304 2.879058 0.596348
v -0.275167 2.362468 0.559932
v -0.275170 3.336648 0.559938
v -0.356273 2.879058 0.510254
v -0.428583 2.362468 0.448469
v -0.428587 3.336648 0.448474
v -0.490367 2.879058 0.376159
v -0.540045 2.362468 0.295054
v -0.540051 3.336648 0.295057
v -0.576461 2.879058 0.207191
v -0.598645 2.362468 0.114704
v -0.598651 3.336648 0.114704
v -0.606127 2.879058 0.019888
v -0.598645 2.362468 -0.074929
v -0.598651 3.336648 -0.074930
v -0.576461 2.879058 -0.167416
v -0.540045 2.362468 -0.255280
v -0.540051 3.336648 -0.255282
v -0.490367 2.879058 -0.336385
v -0.428582 2.362468 -0.408695
v -0.428587 3.336648 -0.408700
v -0.356272 2.879058 -0.470480
v -0.275167 2.362468 -0.520158
v -0.275170 3.336648 -0.520164
v -0.187303 2.879058 -0.556574
v -0.094816 2.362468 -0.578758
v -0.094817 3.336648 -0.578764
v 0.094438 3.640177 -0.576369
v 0.274069 3.640177 -0.518003
v 0.426872 3.640177 -0.406985
v 0.537890 3.640177 -0.254181
v 0.596256 3.640177 -0.074550
v 0.596256 3.640177 0.114325
v 0.537890 3.640177 0.293956
v 0.426872 3.640177 0.446759
v 0.274069 3.640177 0.557777
v 0.094438 3.640177 0.616143
v -0.094438 3.640177 0.616143
v -0.274069 3.640177 0.557777
v -0.426872 3.640177 0.446759
v -0.537890 3.640177 0.293956
v -0.596256 3.640177 0.114325
v -0.596256 3.640177 -0.074550
v -0.537890 3.640177 -0.254181
v -0.426872 3.640177 -0.406985
v -0.274069 3.640177 -0.518003
v -0.094438 3.640177 -0.576369
v 0.581080 3.480297 0.208692
v 0.494297 3.480297 0.379015
v -0.188804 3.480297 0.600968
v -0.359127 3.480297 0.514184
v -0.581080 3.480297 -0.168917
v -0.494297 3.480297 -0.339240
v 0.581080 3.480297 -0.168917
v 0.610984 3.480297 0.019887
v 0.188804 3.480297 0.600968
v 0.000000 3.480297 0.630871
v -0.581080 3.480297 0.208692
v -0.610984 3.480297 0.019887
v -0.188804 3.480297 -0.561193
v 0.000000 3.480297 -0.591097
v 0.359127 3.480297 -0.474409
v 0.494297 3.480297 -0.339240
v 0.359127 3.480297 0.514184
v 0.188804 3.480297 -0.561193
v -0.494297 3.480297 0.379015
v -0.359127 3.480297 -0.474409
v 0.090452 3.813691 -0.551202
v 0.262501 3.813691 -0.495300
v 0.408855 3.813691 -0.388968
v 0.515187 3.813691 -0.242614
v 0.571090 3.813691 -0.070565
v 0.571090 3.813691 0.110339
v 0.515188 3.813691 0.282388
v 0.408855 3.813691 0.428742
v 0.262501 3.813691 0.535075
v 0.090452 3.813691 0.590977
v -0.090452 3.813691 0.590977
v -0.262501 3.813691 0.535075
v -0.408855 3.813691 0.428742
v -0.515187 3.813691 0.282388
v -0.571090 3.813691 0.110339
v -0.571090 3.813691 -0.070565
v -0.515188 3.813691 -0.242614
v -0.408855 3.813691 -0.388968
v -0.262501 3.813691 -0.495300
v -0.090452 3.813691 -0.551202
v -0.348421 3.745439 0.499447
v -0.479560 3.745439 0.368308
v 0.592769 3.745439 0.019887
v 0.563757 3.745439 0.203063
v -0.563757 3.745439 0.203063
v 0.479560 3.745439 0.368308
v -0.592769 3.745439 0.019887
v 0.348421 3.745439 0.499447
v 0.000000 3.745440 -0.572882
v 0.183176 3.745439 -0.543870
v -0.563757 3.745439 -0.163289
v 0.183176 3.745439 0.583644
v 0.348421 3.745439 -0.459673
v -0.479560 3.745439 -0.328534
v 0.000000 3.745439 0.612656
v 0.479560 3.745439 -0.328534
v -0.348421 3.745439 -0.459673
v -0.183176 3.745439 0.583644
v 0.563757 3.745439 -0.163289
v -0.183176 3.745439 -0.543870
v 0.083604 3.969756 -0.507970
v 0.242630 3.969756 -0.456300
v 0.377904 3.969756 -0.358017
v 0.476187 3.969756 -0.222742
v 0.527858 3.969756 -0.063717
v 0.527858 3.969756 0.103492
v 0.476187 3.969756 0.262517
v 0.377904 3.969756 0.397792
v 0.242630 3.969756 0.496075
v 0.083604 3.969756 0.547745
v -0.083604 3.969756 0.547745
v -0.242630 3.969756 0.496075
v -0.377904 3.969756 0.397792
v -0.476187 3.969756 0.262517
v -0.527858 3.969756 0.103492
v -0.527858 3.969756 -0.063717
v -0.476187 3.969756 -0.222742
v -0.377904 3.969756 -0.358017
v -0.242630 3.969756 -0.456300
v -0.083604 3.969756 -0.507970
v 0.173040 3.880979 0.552451
v 0.000000 3.880979 0.579858
v 0.329142 3.880979 -0.433138
v 0.453026 3.880979 -0.309255
v -0.453026 3.880979 -0.309255
v -0.329142 3.880979 -0.433138
v -0.173040 3.880979 0.552451
v 0.532564 3.880979 -0.153153
v -0.173040 3.880979 -0.512676
v -0.329142 3.880979 0.472913
v 0.559970 3.880979 0.019887
v 0.000000 3.880978 -0.540083
v -0.453026 3.880979 0.349030
v 0.532564 3.880979 0.192928
v -0.532564 3.880979 0.192928
v 0.453026 3.880979 0.349030
v -0.559970 3.880979 0.019887
v 0.329142 3.880979 0.472913
v 0.173040 3.880978 -0.512676
v -0.532564 3.880979 -0.153153
v 0.067679 4.203472 -0.407422
v 0.196413 4.203472 -0.365594
v 0.305920 4.203472 -0.286033
v 0.385482 4.203472 -0.176525
v 0.427310 4.203472 -0.047792
v 0.427310 4.203472 0.087566
v 0.385482 4.203472 0.216300
v 0.305920 4.203472 0.325807
v 0.196413 4.203472 0.405369
v 0.067679 4.203472 0.447197
v -0.067679 4.203472 0.447197
v -0.196413 4.203472 0.405369
v -0.305920 4.203472 0.325807
v -0.385482 4.203472 0.216300
v -0.427310 4.203472 0.087566
v -0.427310 4.203472 -0.047792
v -0.385482 4.203472 -0.176525
v -0.305920 4.203472 -0.286033
v -0.196413 4.203472 -0.365594
v -0.067679 4.203472 -0.407422
v 0.470178 4.089352 0.172657
v 0.399957 4.089352 0.310473
v -0.470178 4.089352 0.172657
v -0.494374 4.089352 0.019887
v 0.290586 4.089352 0.419844
v 0.000000 4.089352 -0.474487
v 0.152770 4.089352 -0.450290
v -0.470178 4.089352 -0.132883
v 0.152770 4.089352 0.490065
v 0.290586 4.089352 -0.380070
v -0.399957 4.089352 -0.270699
v 0.000000 4.089352 0.514261
v 0.399957 4.089352 -0.270699
v -0.290586 4.089352 -0.380070
v -0.152770 4.089352 0.490065
v 0.470178 4.089352 -0.132883
v -0.152770 4.089352 -0.450290
v -0.290586 4.089352 0.419844
v 0.494374 4.089352 0.019887
v -0.399957 4.089352 0.310473
v 0.028054 4.325902 -0.157241
v 0.081417 4.325903 -0.139902
v 0.126810 4.325903 -0.106922
v 0.159790 4.325903 -0.061530
v 0.177128 4.325903 -0.008167
v 0.177128 4.325903 0.047942
v 0.159790 4.325903 0.101304
v 0.126810 4.325903 0.146697
v 0.081417 4.325903 0.179677
v 0.028054 4.325903 0.197015
v -0.028054 4.325903 0.197015
v -0.081417 4.325903 0.179677
v -0.126810 4.325903 0.146697
v -0.159790 4.325903 0.101304
v -0.177128 4.325903 0.047942
v -0.177128 4.325903 -0.008167
v -0.159790 4.325903 -0.061530
v -0.126810 4.325903 -0.106922
v -0.081417 4.325903 -0.139902
v -0.028054 4.325902 -0.157241
v 0.266372 4.281164 -0.173643
v 0.313139 4.281164 -0.081858
v -0.193530 4.281164 -0.246485
v -0.101745 4.281164 -0.293252
v -0.101745 4.281164 0.333026
v -0.193530 4.281164 0.286259
v 0.329254 4.281164 0.019887
v 0.000000 4.281163 -0.309366
v -0.266372 4.281164 0.213418
v 0.313139 4.281164 0.121632
v -0.313139 4.281164 0.121632
v 0.266372 4.281164 0.213418
v -0.329254 4.281164 0.019887
v 0.193530 4.281164 0.286259
v 0.101745 4.281163 -0.293252
v -0.313139 4.281164 -0.081858
v 0.101745 4.281164 0.333026
v 0.193530 4.281164 -0.246485
v -0.266372 4.281164 -0.173643
v 0.000000 4.281164 0.349141
v 0.034766 4.348618 -0.199616
v 0.100894 4.348618 -0.178129
v 0.157147 4.348618 -0.137260
v 0.198017 4.348618 -0.081007
v 0.219503 4.348618 -0.014879
v 0.219503 4.348618 0.054653
v 0.198017 4.348618 0.120782
v 0.157147 4.348618 0.177034
v 0.100894 4.348618 0.217904
v 0.034766 4.348618 0.239390
v -0.034766 4.348618 0.239390
v -0.100894 4.348618 0.217904
v -0.157147 4.348618 0.177034
v -0.198017 4.348618 0.120782
v -0.219503 4.348618 0.054653
v -0.219503 4.348618 -0.014879
v -0.198017 4.348618 -0.081007
v -0.157147 4.348618 -0.137260
v -0.100894 4.348618 -0.178129
v -0.034766 4.348618 -0.199616
v 0.000000 4.347103 -0.187909
v 0.064213 4.347103 -0.177739
v -0.207796 4.347103 0.019887
v -0.197626 4.347103 -0.044325
v 0.122139 4.347103 0.187998
v 0.064213 4.347103 0.217513
v 0.122139 4.347103 -0.148223
v -0.168110 4.347103 -0.102252
v 0.000000 4.347103 0.227683
v 0.168111 4.347103 -0.102252
v -0.122139 4.347103 -0.148223
v -0.064212 4.347103 0.217513
v 0.197626 4.347103 -0.044325
v -0.064212 4.347103 -0.177739
v -0.122139 4.347103 0.187998
v 0.207796 4.347103 0.019887
v -0.168110 4.347103 0.142027
v 0.197626 4.347103 0.084100
v -0.197626 4.347103 0.084100
v 0.168111 4.347103 0.142027
v 0.034766 4.361297 -0.199616
v 0.100894 4.361297 -0.178129
v 0.157147 4.361297 -0.137260
v 0.198017 4.361297 -0.081007
v 0.219503 4.361297 -0.014879
v 0.219503 4.361297 0.054653
v 0.198017 4.361297 0.120782
v 0.157147 4.361297 0.177034
v 0.100894 4.361297 0.217904
v 0.034766 4.361297 0.239390
v -0.034766 4.361297 0.239390
v -0.100894 4.361297 0.217904
v -0.157147 4.361297 0.177034
v -0.198017 4.361297 0.120782
v -0.219503 4.361297 0.054653
v -0.219503 4.361297 -0.014879
v -0.198017 4.361297 -0.081007
v -0.157147 4.361297 -0.137260
v -0.100894 4.361297 -0.178129
v -0.034766 4.361297 -0.199616
v -0.068677 4.354962 -0.191480
v -0.000000 4.354962 -0.202358
v -0.130633 4.354962 0.199687
v -0.179800 4.354962 0.150519
v 0.222245 4.354962 0.019887
v 0.211368 4.354962 0.088565
v -0.211368 4.354962 0.088565
v 0.179800 4.354962 0.150519
v -0.222245 4.354962 0.019887
v 0.130633 4.354962 0.199687
v 0.068677 4.354962 -0.191480
v -0.211368 4.354962 -0.048790
v 0.068677 4.354962 0.231255
v 0.130633 4.354962 -0.159912
v -0.179800 4.354962 -0.110745
v 0.000000 4.354962 0.242132
v 0.179800 4.354962 -0.110745
v -0.130632 4.354962 -0.159913
v -0.068677 4.354962 0.231255
v 0.211368 4.354962 -0.048790
v 0.029408 4.367468 -0.165787
v 0.085345 4.367468 -0.147612
v 0.132928 4.367468 -0.113041
v 0.167499 4.367468 -0.065458
v 0.185675 4.367468 -0.009521
v 0.185675 4.367468 0.049295
v 0.167499 4.367468 0.105232
v 0.132928 4.367468 0.152815
v 0.085345 4.367468 0.187387
v 0.029408 4.367468 0.205562
v -0.029408 4.367468 0.205562
v -0.085345 4.367468 0.187387
v -0.132928 4.367468 0.152815
v -0.167499 4.367468 0.105232
v -0.185675 4.367468 0.049295
v -0.185675 4.367468 -0.009521
v -0.167499 4.367468 -0.065458
v -0.132928 4.367468 -0.113041
v -0.085345 4.367468 -0.147612
v -0.029408 4.367468 -0.165787
v -0.197003 4.362821 -0.044123
v -0.167581 4.362821 -0.101867
v 0.064010 4.362821 0.216890
v 0.000000 4.362821 0.227028
v 0.121755 4.362821 -0.147693
v 0.167581 4.362821 -0.101867
v -0.121754 4.362821 -0.147694
v -0.064010 4.362821 0.216890
v 0.197003 4.362821 -0.044123
v -0.064010 4.362821 -0.177116
v -0.121755 4.362821 0.187468
v 0.207141 4.362821 0.019887
v 0.000000 4.362821 -0.187254
v -0.167581 4.362821 0.141642
v 0.197003 4.362821 0.083897
v -0.197003 4.362821 0.083897
v 0.167581 4.362821 0.141642
v -0.207141 4.362821 0.019887
v 0.121755 4.362821 0.187468
v 0.064010 4.362821 -0.177116
v 0.029705 4.380328 -0.167660
v 0.086206 4.380328 -0.149302
v 0.134269 4.380328 -0.114382
v 0.169189 4.380328 -0.066319
v 0.187547 4.380328 -0.009817
v 0.187547 4.380328 0.049592
v 0.169189 4.380328 0.106093
v 0.134269 4.380328 0.154156
v 0.086206 4.380328 0.189076
v 0.029705 4.380328 0.207434
v -0.029705 4.380328 0.207434
v -0.086206 4.380328 0.189076
v -0.134269 4.380328 0.154156
v -0.169189 4.380328 0.106093
v -0.187547 4.380328 0.049592
v -0.187547 4.380328 -0.009817
v -0.169189 4.380328 -0.066319
v -0.134269 4.380328 -0.114382
v -0.086206 4.380328 -0.149302
v -0.029705 4.380328 -0.167660
v -0.152275 4.373754 0.130522
v -0.179010 4.373754 0.078051
v 0.179010 4.373754 0.078051
v 0.152275 4.373754 0.130522
v -0.188222 4.373754 0.019887
v 0.110634 4.373754 0.172162
v 0.000000 4.373754 -0.168335
v 0.058164 4.373754 -0.159123
v -0.179010 4.373754 -0.038277
v 0.058164 4.373754 0.198897
v 0.110634 4.373754 -0.132388
v -0.152275 4.373754 -0.090747
v 0.000000 4.373754 0.208110
v 0.152275 4.373754 -0.090747
v -0.110634 4.373754 -0.132388
v -0.058164 4.373754 0.198897
v 0.179010 4.373754 -0.038277
v -0.058164 4.373754 -0.159123
v -0.110634 4.373754 0.172162
v 0.188223 4.373754 0.019887
v 0.030742 4.385666 -0.174207
v 0.089215 4.385666 -0.155208
v 0.138956 4.385666 -0.119069
v 0.175095 4.385666 -0.069328
v 0.194094 4.385666 -0.010854
v 0.194094 4.385666 0.050629
v 0.175095 4.385666 0.109103
v 0.138956 4.385666 0.158843
v 0.089215 4.385666 0.194982
v 0.030742 4.385666 0.213981
v -0.030741 4.385666 0.213981
v -0.089215 4.385666 0.194982
v -0.138956 4.385666 0.158843
v -0.175095 4.385666 0.109103
v -0.194094 4.385666 0.050629
v -0.194094 4.385666 -0.010854
v -0.175095 4.385666 -0.069328
v -0.138956 4.385666 -0.119069
v -0.089215 4.385666 -0.155208
v -0.030741 4.385666 -0.174207
v 0.000000 4.383625 0.213674
v -0.059883 4.383625 0.204189
v 0.156777 4.383625 -0.094018
v 0.184302 4.383625 -0.039996
v -0.113905 4.383625 -0.136890
v -0.059883 4.383625 -0.164415
v -0.113905 4.383625 0.176664
v 0.193787 4.383625 0.019887
v 0.000000 4.383625 -0.173900
v -0.156777 4.383625 0.133792
v 0.184302 4.383625 0.079771
v -0.184302 4.383625 0.079771
v 0.156777 4.383625 0.133792
v -0.193787 4.383625 0.019887
v 0.113905 4.383625 0.176664
v 0.059883 4.383625 -0.164415
v -0.184302 4.383625 -0.039996
v 0.059883 4.383625 0.204189
v 0.113905 4.383625 -0.136890
v -0.156777 4.383625 -0.094018
v 0.030981 4.557254 -0.175717
v 0.089909 4.557254 -0.156570
v 0.140037 4.557254 -0.120150
v 0.176457 4.557254 -0.070022
v 0.195604 4.557254 -0.011093
v 0.195604 4.557254 0.050868
v 0.176457 4.557254 0.109796
v 0.140037 4.557254 0.159924
v 0.089909 4.557254 0.196344
v 0.030981 4.557254 0.215491
v -0.030981 4.557254 0.215491
v -0.089909 4.557254 0.196344
v -0.140037 4.557254 0.159924
v -0.176457 4.557254 0.109796
v -0.195604 4.557254 0.050868
v -0.195604 4.557254 -0.011093
v -0.176457 4.557254 -0.070022
v -0.140037 4.557254 -0.120150
v -0.089909 4.557254 -0.156570
v -0.030981 4.557254 -0.175717
v 0.160224 4.492806 0.136296
v 0.116287 4.393667 0.179942
v -0.000000 4.492806 -0.178160
v 0.061136 4.393667 -0.168269
v -0.198047 4.492806 0.019887
v -0.188156 4.393667 -0.041248
v 0.061136 4.393667 0.208043
v 0.116287 4.393667 -0.140168
v -0.160055 4.393667 -0.096400
v 0.000000 4.393667 0.217726
v 0.160055 4.393667 -0.096400
v -0.116287 4.393667 -0.140168
v -0.061136 4.393667 0.208043
v 0.188156 4.393667 -0.041248
v -0.061136 4.393667 -0.168269
v -0.116287 4.393667 0.179942
v 0.197839 4.393667 0.019887
v -0.160055 4.393667 0.136174
v 0.188156 4.393667 0.081023
v -0.188156 4.393667 0.081023
v 0.094817 1.668005 -0.578764
v 0.275170 1.668005 -0.520164
v 0.428587 1.668005 -0.408699
v 0.540051 1.668005 -0.255283
v 0.598651 1.668005 -0.074930
v 0.598651 1.668005 0.114704
v 0.540051 1.668005 0.295057
v 0.428587 1.668005 0.448474
v 0.275170 1.668005 0.559938
v 0.094817 1.668005 0.618538
v -0.094817 1.668005 0.618538
v -0.275170 1.668005 0.559938
v -0.428587 1.668005 0.448474
v -0.540051 1.668005 0.295057
v -0.598651 1.668005 0.114704
v -0.598651 1.668005 -0.074929
v -0.540051 1.668005 -0.255282
v -0.428586 1.668005 -0.408700
v -0.275170 1.668005 -0.520164
v -0.094817 1.668005 -0.578764
v 0.606104 2.081307 0.019887
v 0.576439 2.081307 -0.167409
v -0.000000 2.081307 0.625991
v 0.187296 2.081307 0.596327
v -0.606104 2.081307 0.019887
v -0.576439 2.081307 0.207183
v -0.000000 2.081307 -0.586217
v -0.187297 2.081307 -0.556552
v 0.490348 2.081307 -0.336372
v 0.356259 2.081307 -0.470461
v 0.356259 2.081307 0.510236
v 0.490348 2.081307 0.376146
v 0.187296 2.081307 -0.556552
v -0.490348 2.081307 0.376146
v -0.356259 2.081307 0.510235
v -0.356259 2.081307 -0.470461
v -0.490348 2.081307 -0.336372
v 0.576439 2.081307 0.207184
v -0.187296 2.081307 0.596326
v -0.576439 2.081307 -0.167409
v 0.094816 0.794526 -0.578759
v 0.275167 0.794526 -0.520159
v 0.428583 0.794526 -0.408696
v 0.540047 0.794526 -0.255280
v 0.598646 0.794526 -0.074929
v 0.598646 0.794526 0.114703
v 0.540047 0.794526 0.295055
v 0.428583 0.794526 0.448471
v 0.275167 0.794526 0.559934
v 0.094816 0.794526 0.618533
v -0.094816 0.794526 0.618533
v -0.275167 0.794526 0.559934
v -0.428583 0.794526 0.448471
v -0.540047 0.794526 0.295055
v -0.598646 0.794526 0.114703
v -0.598646 0.794526 -0.074929
v -0.540047 0.794526 -0.255280
v -0.428583 0.794526 -0.408696
v -0.275168 0.794526 -0.520159
v -0.094816 0.794526 -0.578759
v 0.356272 1.200030 -0.470479
v 0.187303 1.200030 -0.556573
v -0.490366 1.200030 -0.336385
v -0.576460 1.200030 -0.167416
v -0.000000 1.200030 0.626013
v 0.187303 1.200030 0.596347
v 0.490366 1.200030 -0.336385
v -0.356272 1.200030 -0.470479
v -0.187303 1.200030 0.596347
v 0.576460 1.200030 -0.167416
v -0.187303 1.200030 -0.556573
v -0.356272 1.200030 0.510253
v 0.606126 1.200030 0.019887
v 0.000000 1.200030 -0.586239
v -0.490366 1.200030 0.376159
v 0.576460 1.200030 0.207191
v -0.576460 1.200030 0.207190
v 0.490366 1.200030 0.376159
v -0.606126 1.200030 0.019887
v 0.356272 1.200030 0.510253
v 0.095726 0.412226 -0.584773
v 0.277936 0.412185 -0.525576
v 0.432895 0.412155 -0.412988
v 0.545476 0.412185 -0.258024
v 0.604664 0.412225 -0.075816
v 0.604638 0.412184 0.115758
v 0.545425 0.412153 0.297898
v 0.432836 0.412181 0.452821
v 0.277855 0.412222 0.565391
v 0.095681 0.412179 0.624556
v -0.095810 0.412149 0.624535
v -0.277923 0.412178 0.565358
v -0.432874 0.412220 0.452782
v -0.545458 0.412179 0.297834
v -0.604644 0.412149 0.115720
v -0.604671 0.412180 -0.075777
v -0.545508 0.412223 -0.257960
v -0.432934 0.412182 -0.412949
v -0.278003 0.412154 -0.525542
v -0.095854 0.412184 -0.584754
v -0.582237 0.545217 0.209074
v -0.495280 0.545217 0.379734
v 0.495276 0.545217 0.379740
v 0.582236 0.545217 0.209078
v -0.612202 0.545217 0.019896
v 0.359835 0.545217 0.515176
v 0.189178 0.545217 -0.562353
v -0.000007 0.545217 -0.592315
v -0.582242 0.545217 -0.169284
v 0.189172 0.545217 0.602129
v 0.359844 0.545217 -0.475395
v -0.495289 0.545217 -0.339947
v -0.000007 0.545217 0.632090
v 0.495284 0.545217 -0.339954
v -0.359852 0.545217 -0.475389
v -0.189184 0.545217 0.602125
v 0.582241 0.545217 -0.169287
v -0.189190 0.545217 -0.562349
v -0.359844 0.545217 0.515169
v 0.612202 0.545217 0.019896
v -0.000171 0.326577 0.611913
v -0.000857 0.328753 -0.566506
v 0.261415 0.245399 -0.488369
v 0.407835 0.244422 -0.387867
v 0.508329 0.245400 -0.241448
v 0.502617 0.281143 -0.059528
v 0.564231 0.245401 0.111865
v 0.513958 0.244421 0.282167
v 0.405727 0.245402 0.422932
v 0.230655 0.281144 0.473293
v -0.257810 0.245402 0.530713
v -0.359805 0.281144 0.379773
v -0.510745 0.245401 0.277778
v -0.570180 0.244421 0.110456
v -0.565359 0.245401 -0.067041
v -0.453325 0.281144 -0.210687
v -0.402964 0.245402 -0.385760
v -0.262199 0.244422 -0.493990
v 0.030395 4.587363 -0.172020
v 0.088210 4.587363 -0.153235
v 0.137390 4.587363 -0.117503
v 0.173122 4.587363 -0.068323
v 0.191907 4.587363 -0.010508
v 0.191907 4.587363 0.050282
v 0.173122 4.587363 0.108097
v 0.137390 4.587363 0.157277
v 0.088210 4.587363 0.193009
v 0.030395 4.587363 0.211794
v -0.030395 4.587363 0.211794
v -0.088210 4.587363 0.193009
v -0.137390 4.587363 0.157277
v -0.173122 4.587363 0.108097
v -0.191907 4.587363 0.050282
v -0.191907 4.587363 -0.010508
v -0.173122 4.587363 -0.068323
v -0.137390 4.587363 -0.117503
v -0.088210 4.587363 -0.153235
v -0.030395 4.587363 -0.172020
v 0.000000 4.584473 -0.177557
v 0.061014 4.584473 -0.167893
v 0.116055 4.584473 -0.139848
v 0.159736 4.584473 -0.096167
v 0.187780 4.584473 -0.041126
v 0.197444 4.584473 0.019887
v 0.187780 4.584473 0.080901
v 0.159736 4.584473 0.135942
v 0.116055 4.584473 0.179623
v 0.061014 4.584473 0.207668
v 0.000000 4.584473 0.217331
v -0.061013 4.584473 0.207667
v -0.116055 4.584473 0.179623
v -0.159735 4.584473 0.135942
v -0.187780 4.584473 0.080901
v -0.197444 4.584473 0.019887
v -0.187780 4.584473 -0.041126
v -0.159735 4.584473 -0.096167
v -0.116055 4.584473 -0.139848
v -0.061013 4.584473 -0.167893
v 0.160055 4.393667 0.136174
v 0.116409 4.492806 0.180111
v 0.000000 4.393667 -0.177952
v 0.061200 4.492806 -0.168467
v -0.197839 4.393667 0.019887
v -0.188354 4.492806 -0.041313
v 0.061200 4.492806 0.208242
v 0.116409 4.492806 -0.140336
v -0.160224 4.492806 -0.096522
v 0.000001 4.492806 0.217934
v 0.160224 4.492806 -0.096522
v -0.116409 4.492806 -0.140336
v -0.061200 4.492806 0.208241
v 0.188354 4.492806 -0.041313
v -0.061200 4.492806 -0.168467
v -0.116409 4.492806 0.180111
v 0.198047 4.492806 0.019887
v -0.160224 4.492806 0.136296
v 0.188354 4.492806 0.081088
v -0.188354 4.492806 0.081087
v -0.195604 4.426497 0.050868
v 0.176457 4.426497 0.109796
v -0.176457 4.426497 0.109796
v 0.195604 4.426497 0.050868
v -0.140037 4.426497 0.159924
v -0.030981 4.426497 -0.175717
v 0.195604 4.426497 -0.011093
v -0.089909 4.426497 0.196344
v -0.089909 4.426497 -0.156570
v 0.176457 4.426497 -0.070022
v -0.030981 4.426497 0.215491
v -0.140037 4.426497 -0.120150
v 0.140037 4.426497 -0.120150
v 0.030981 4.426497 0.215491
v -0.176457 4.426497 -0.070022
v 0.089909 4.426497 -0.156570
v 0.089909 4.426497 0.196344
v -0.195604 4.426497 -0.011093
v 0.030981 4.426497 -0.175717
v 0.140037 4.426497 0.159924
v 0.034175 4.362821 -0.195884
v 0.099179 4.362821 -0.174762
v 0.154475 4.362821 -0.134588
v 0.194650 4.362821 -0.079292
v 0.215771 4.362821 -0.014288
v 0.215771 4.362821 0.054062
v 0.194650 4.362821 0.119066
v 0.154475 4.362821 0.174362
v 0.099179 4.362821 0.214537
v 0.034175 4.362821 0.235658
v -0.034175 4.362821 0.235658
v -0.099179 4.362821 0.214537
v -0.154475 4.362821 0.174362
v -0.194650 4.362821 0.119066
v -0.215771 4.362821 0.054062
v -0.215771 4.362821 -0.014288
v -0.194650 4.362821 -0.079292
v -0.154475 4.362821 -0.134588
v -0.099179 4.362821 -0.174763
v -0.034175 4.362821 -0.195884
v 0.030606 4.362821 -0.173349
v 0.088821 4.362821 -0.154434
v 0.138342 4.362821 -0.118455
v 0.174321 4.362821 -0.068934
v 0.193236 4.362821 -0.010718
v 0.193236 4.362821 0.050493
v 0.174321 4.362821 0.108708
v 0.138342 4.362821 0.158229
v 0.088821 4.362821 0.194208
v 0.030606 4.362821 0.213123
v -0.030606 4.362821 0.213123
v -0.088821 4.362821 0.194208
v -0.138342 4.362821 0.158229
v -0.174321 4.362821 0.108708
v -0.193236 4.362821 0.050493
v -0.193236 4.362821 -0.010718
v -0.174321 4.362821 -0.068934
v -0.138342 4.362821 -0.118455
v -0.088821 4.362821 -0.154434
v -0.030606 4.362821 -0.173349
v 0.000000 4.362578 -0.201996
v 0.068566 4.362578 -0.191136
v 0.130420 4.362579 -0.159620
v 0.179507 4.362579 -0.110532
v 0.211024 4.362579 -0.048678
v 0.221883 4.362579 0.019887
v 0.211024 4.362579 0.088453
v 0.179507 4.362579 0.150307
v 0.130420 4.362579 0.199395
v 0.068566 4.362579 0.230911
v 0.000000 4.362579 0.241770
v -0.068566 4.362579 0.230911
v -0.130420 4.362579 0.199395
v -0.179507 4.362579 0.150307
v -0.211023 4.362579 0.088453
v -0.221883 4.362579 0.019887
v -0.211023 4.362579 -0.048678
v -0.179507 4.362579 -0.110532
v -0.130420 4.362579 -0.159620
v -0.068566 4.362579 -0.191136
v 0.058443 4.363332 -0.159981
v 0.000000 4.363332 -0.169237
v 0.111164 4.363332 -0.133118
v 0.153005 4.363332 -0.091277
v 0.179868 4.363332 -0.038555
v 0.189124 4.363332 0.019887
v 0.179868 4.363332 0.078330
v 0.153005 4.363332 0.131052
v 0.111164 4.363332 0.172892
v 0.058443 4.363332 0.199755
v 0.000000 4.363332 0.209011
v -0.058443 4.363332 0.199755
v -0.111164 4.363332 0.172892
v -0.153005 4.363332 0.131052
v -0.179868 4.363332 0.078330
v -0.189124 4.363332 0.019887
v -0.179868 4.363332 -0.038555
v -0.153005 4.363332 -0.091277
v -0.111164 4.363332 -0.133118
v -0.058443 4.363332 -0.159981
v 0.030712 4.347096 -0.174018
v 0.089129 4.347096 -0.155038
v 0.138821 4.347096 -0.118934
v 0.174925 4.347096 -0.069241
v 0.193906 4.347096 -0.010824
v 0.193906 4.347096 0.050599
v 0.174925 4.347096 0.109016
v 0.138821 4.347096 0.158708
v 0.089129 4.347096 0.194812
v 0.030712 4.347096 0.213793
v -0.030712 4.347096 0.213793
v -0.089129 4.347096 0.194812
v -0.138821 4.347096 0.158708
v -0.174925 4.347096 0.109016
v -0.193906 4.347096 0.050599
v -0.193906 4.347096 -0.010824
v -0.174925 4.347096 -0.069241
v -0.138821 4.347096 -0.118934
v -0.089129 4.347096 -0.155038
v -0.030712 4.347096 -0.174018
v 0.034208 4.347103 -0.196096
v 0.099276 4.347103 -0.174954
v 0.154627 4.347103 -0.134740
v 0.194841 4.347103 -0.079389
v 0.215983 4.347103 -0.014321
v 0.215983 4.347103 0.054096
v 0.194841 4.347103 0.119164
v 0.154627 4.347103 0.174514
v 0.099276 4.347103 0.214728
v 0.034208 4.347103 0.235870
v -0.034208 4.347103 0.235870
v -0.099276 4.347103 0.214728
v -0.154627 4.347103 0.174514
v -0.194841 4.347103 0.119164
v -0.215983 4.347103 0.054096
v -0.215983 4.347103 -0.014321
v -0.194841 4.347103 -0.079389
v -0.154627 4.347103 -0.134740
v -0.099276 4.347103 -0.174954
v -0.034208 4.347103 -0.196096
v 0.000000 4.344368 -0.170816
v 0.058931 4.344368 -0.161483
v 0.112093 4.344368 -0.134395
v 0.154282 4.344368 -0.092206
v 0.181370 4.344368 -0.039043
v 0.190704 4.344368 0.019887
v 0.181370 4.344368 0.078818
v 0.154282 4.344368 0.131980
v 0.112093 4.344368 0.174170
v 0.058931 4.344368 0.201257
v 0.000000 4.344368 0.210591
v -0.058931 4.344368 0.201257
v -0.112093 4.344368 0.174170
v -0.154282 4.344368 0.131980
v -0.181370 4.344368 0.078818
v -0.190704 4.344368 0.019887
v -0.181370 4.344368 -0.039043
v -0.154282 4.344368 -0.092206
v -0.112093 4.344368 -0.134395
v -0.058931 4.344368 -0.161483
v 0.068570 4.347339 -0.191148
v 0.000000 4.347339 -0.202009
v 0.130427 4.347339 -0.159630
v 0.179518 4.347339 -0.110540
v 0.211036 4.347339 -0.048682
v 0.221896 4.347339 0.019887
v 0.211036 4.347339 0.088457
v 0.179518 4.347339 0.150314
v 0.130427 4.347339 0.199405
v 0.068570 4.347339 0.230923
v 0.000000 4.347339 0.241783
v -0.068570 4.347339 0.230923
v -0.130427 4.347339 0.199405
v -0.179518 4.347339 0.150314
v -0.211036 4.347339 0.088457
v -0.221896 4.347339 0.019887
v -0.211036 4.347339 -0.048682
v -0.179518 4.347339 -0.110540
v -0.130427 4.347339 -0.159630
v -0.068570 4.347339 -0.191148
v 0.079477 0.281141 -0.483217
v 0.087009 0.245401 0.585327
v -0.090489 0.244421 0.590148
v -0.091894 0.245399 -0.544327
v -0.183019 0.326576 0.582953
v 0.557504 0.328754 -0.161835
v 0.478624 0.326583 -0.327773
v -0.183051 0.326582 -0.542744
v -0.348001 0.326581 -0.458698
v -0.344329 0.328753 0.495022
v 0.586388 0.328756 0.020802
v -0.475077 0.328753 0.364275
v 0.562689 0.326581 0.202996
v -0.563008 0.326576 0.202964
v 0.478643 0.326580 0.367946
v -0.591968 0.326578 0.020116
v 0.345167 0.328755 0.494190
v 0.181778 0.328753 -0.537579
v -0.558190 0.328755 -0.160470
v 0.180415 0.328755 0.578134
v 0.347719 0.326583 -0.458679
v -0.474245 0.328756 -0.325222
v 0.046138 0.226160 -0.070647
v 0.066353 0.224672 -0.046463
v 0.090513 0.226160 -0.026212
v 0.169377 0.263460 -0.007163
v 0.097940 0.226168 0.035825
v 0.083446 0.224668 0.062405
v 0.070434 0.226169 0.089707
v 0.076719 0.263467 0.170621
v -0.045600 0.226202 0.111070
v -0.119647 0.263458 0.139587
v -0.088568 0.226169 0.064523
v -0.092500 0.224668 0.034538
v -0.098025 0.226169 0.004813
v -0.150716 0.263467 -0.056814
v -0.069819 0.226169 -0.050546
v -0.042562 0.224669 -0.063642
v 0.027011 0.263445 -0.151930
v 0.015068 0.226180 0.118066
v -0.015398 0.224674 0.115021
v -0.016078 0.226158 -0.080495
v 0.176884 0.145544 -0.428353
v 0.092869 0.229742 -0.306630
v 0.322667 0.142717 -0.424093
v 0.326027 0.229737 -0.072919
v 0.336853 0.229741 0.007665
v -0.258498 0.145540 0.426394
v -0.097731 0.143647 0.166924
v 0.187707 0.229738 0.299445
v 0.115477 0.229737 0.336245
v -0.207812 0.229738 0.285116
v -0.549266 0.142720 0.020179
v -0.265109 0.229738 0.227725
v -0.466406 0.145537 -0.100081
v 0.167361 0.143645 -0.041886
v -0.316308 0.229737 -0.095540
v -0.279508 0.229738 -0.167770
v 0.083498 0.140010 -0.041096
v -0.032256 0.140010 -0.078365
v 0.012176 0.229741 -0.319410
v -0.060117 0.140021 -0.063541
v 0.216255 0.059511 -0.390533
v 0.331523 0.055892 -0.311616
v 0.410442 0.059512 -0.196346
v 0.457143 0.059510 0.098845
v 0.417758 0.055892 0.232847
v 0.332494 0.059511 0.343484
v -0.204978 0.059511 0.436213
v -0.416304 0.059511 0.224886
v -0.463203 0.055892 0.093317
v -0.459255 0.059511 -0.046299
v -0.323576 0.059511 -0.312586
v -0.212940 0.055892 -0.397851
v 0.066207 0.059511 0.479164
v -0.073410 0.055892 0.483111
v -0.078934 0.059511 -0.437286
v 0.080672 0.059266 -0.134685
v 0.118075 0.055862 -0.098187
v 0.154585 0.059266 -0.060773
v 0.171265 0.059272 0.048858
v 0.148746 0.055858 0.095677
v 0.124101 0.059273 0.141422
v -0.077481 0.059273 0.176155
v -0.155587 0.059272 0.097124
v -0.164887 0.055858 0.046003
v -0.171839 0.059273 -0.005484
v -0.121535 0.059273 -0.104213
v -0.075798 0.055860 -0.128879
v 0.025368 0.059275 0.191764
v -0.026313 0.055853 0.185447
v -0.029008 0.059265 -0.152056
v 0.185228 0.024173 -0.234878
v 0.119354 0.062453 -0.279038
v 0.254768 0.024173 -0.165338
v 0.298948 0.062454 -0.099444
v 0.320503 0.062449 0.041105
v 0.299512 0.024173 0.117335
v 0.254876 0.024173 0.204939
v 0.205504 0.062452 0.266805
v 0.078881 0.062450 0.331320
v -0.171327 0.062450 0.291750
v -0.097269 0.024173 0.319599
v -0.271796 0.062451 0.191207
v -0.299596 0.024173 0.117120
v -0.314977 0.024173 0.020010
v -0.311421 0.062450 -0.058982
v -0.246906 0.062452 -0.185605
v -0.185050 0.024173 -0.234986
v -0.097448 0.024173 -0.279650
v -0.021234 0.062451 -0.301304
v -0.000129 0.024173 0.334895
v 0.047453 0.143647 0.189240
v -0.000535 0.140008 0.123400
v -0.322850 0.142718 -0.424186
v -0.371412 0.145540 -0.286519
v 0.175738 0.143648 0.027072
v 0.097670 0.140022 0.052050
v -0.406456 0.145540 0.278436
v -0.146384 0.143648 0.117400
v 0.444039 0.142717 -0.302722
v -0.032286 0.140023 0.120414
v 0.083429 0.140022 0.080000
v -0.169913 0.142717 -0.502111
v 0.448279 0.145543 -0.156937
v -0.007283 0.143643 -0.158431
v -0.000233 0.142720 0.569211
v 0.120019 0.145538 0.486344
v 0.109047 0.143649 0.157858
v -0.169765 0.142720 0.542360
v -0.169342 0.143647 -0.027556
v 0.522056 0.142718 0.189859
v 0.480462 0.145538 0.049879
v 0.061820 0.143646 -0.147488
v -0.029961 0.145541 -0.461114
v -0.137961 0.143649 -0.089150
v 0.444132 0.142719 0.342795
v 0.306458 0.145540 0.391351
v -0.097922 0.140022 0.051276
v -0.102829 0.140022 0.020294
v 0.060994 0.140010 -0.063601
v -0.522415 0.142720 0.189710
v 0.031029 0.269089 -0.041156
v 0.048017 0.269084 -0.028128
v 0.061005 0.269089 -0.011131
v 0.067396 0.269094 0.009139
v 0.066970 0.269089 0.030541
v 0.060425 0.269084 0.050676
v 0.047963 0.269089 0.067761
v 0.030669 0.269094 0.080079
v -0.030976 0.269089 0.081018
v -0.047789 0.269094 0.067707
v -0.060410 0.269089 0.050596
v -0.066982 0.269084 0.030496
v -0.066943 0.269089 0.009349
v -0.060192 0.269094 -0.010782
v -0.047874 0.269089 -0.028076
v -0.030796 0.269084 -0.040587
v 0.010737 0.269094 -0.048193
v 0.010525 0.269089 0.086882
v -0.010843 0.269085 0.087596
v -0.010696 0.269089 -0.047764
v 0.053896 0.263365 -0.054149
v 0.031076 0.265694 -0.074120
v 0.074047 0.263366 -0.033997
v 0.093457 0.265700 -0.011171
v 0.096471 0.265687 0.020503
v 0.086486 0.263374 0.048190
v 0.073730 0.263375 0.073222
v 0.056990 0.265695 0.097032
v 0.028905 0.265696 0.111341
v -0.056011 0.265713 0.098551
v -0.028857 0.263400 0.109146
v -0.078045 0.265695 0.075644
v -0.086603 0.263375 0.047828
v -0.090999 0.263375 0.020076
v -0.091452 0.265695 -0.009014
v -0.077143 0.265695 -0.037101
v -0.053340 0.263374 -0.053841
v -0.028428 0.263366 -0.067181
v -0.000717 0.265694 -0.079151
v -0.000293 0.263367 0.111562
v 0.094817 2.622938 -0.578764
v 0.091003 3.137264 -0.554685
v 0.275170 2.622938 -0.520163
v 0.264102 3.137264 -0.498442
v 0.428587 2.622938 -0.408699
v 0.411349 3.137264 -0.391461
v 0.540051 2.622938 -0.255282
v 0.518329 3.137264 -0.244215
v 0.598651 2.622938 -0.074929
v 0.574573 3.137264 -0.071116
v 0.598651 2.622938 0.114704
v 0.574573 3.137264 0.110891
v 0.540051 2.622938 0.295057
v 0.518329 3.137264 0.283989
v 0.428587 2.622938 0.448474
v 0.411349 3.137264 0.431236
v 0.275170 2.622938 0.559938
v 0.264102 3.137264 0.538217
v 0.094817 2.622938 0.618538
v 0.091003 3.137264 0.594460
v -0.094817 2.622938 0.618538
v -0.091003 3.137264 0.594460
v -0.275170 2.622938 0.559938
v -0.264102 3.137264 0.538217
v -0.428587 2.622938 0.448474
v -0.411349 3.137264 0.431236
v -0.540051 2.622938 0.295057
v -0.518329 3.137264 0.283989
v -0.598651 2.622938 0.114704
v -0.574573 3.137264 0.110891
v -0.598651 2.622938 -0.074929
v -0.574573 3.137264 -0.071116
v -0.540051 2.622938 -0.255282
v -0.518329 3.137264 -0.244215
v -0.428587 2.622938 -0.408699
v -0.411349 3.137264 -0.391461
v -0.275170 2.622938 -0.520164
v -0.264102 3.137264 -0.498442
v -0.094817 2.622938 -0.578764
v -0.091003 3.137264 -0.554685
v -0.000000 2.492315 -0.586212
v 0.187295 2.492315 -0.556548
v 0.187296 3.256939 -0.556552
v -0.000000 3.256939 -0.586217
v 0.356256 2.492315 -0.470458
v 0.356259 3.256939 -0.470461
v 0.490345 2.492315 -0.336369
v 0.490348 3.256939 -0.336372
v 0.576435 2.492315 -0.167408
v 0.576439 3.256939 -0.167409
v 0.606100 2.492315 0.019887
v 0.606104 3.256939 0.019887
v 0.576435 2.492315 0.207182
v 0.576439 3.256939 0.207184
v 0.490345 2.492315 0.376143
v 0.490348 3.256939 0.376146
v 0.356256 2.492315 0.510232
v 0.356259 3.256939 0.510236
v 0.187295 2.492315 0.596322
v 0.187296 3.256939 0.596326
v -0.000000 2.492315 0.625987
v 0.000000 3.256939 0.625991
v -0.187295 2.492315 0.596322
v -0.187296 3.256939 0.596326
v -0.356256 2.492315 0.510232
v -0.356259 3.256939 0.510236
v -0.490345 2.492315 0.376144
v -0.490348 3.256939 0.376146
v -0.576435 2.492315 0.207183
v -0.576439 3.256939 0.207184
v -0.606100 2.492315 0.019888
v -0.606104 3.256939 0.019887
v -0.576435 2.492315 -0.167408
v -0.576439 3.256939 -0.167409
v -0.490345 2.492315 -0.336369
v -0.490348 3.256939 -0.336372
v -0.356256 2.492315 -0.470458
v -0.356259 3.256939 -0.470461
v -0.187295 2.492315 -0.556548
v -0.187296 3.256939 -0.556552
v 0.020531 4.587346 -0.109742
v 0.059584 4.587347 -0.097053
v 0.092804 4.587347 -0.072917
v 0.116940 4.587347 -0.039697
v 0.129629 4.587347 -0.000644
v 0.129629 4.587347 0.040418
v 0.116940 4.587347 0.079471
v 0.092804 4.587346 0.112691
v 0.059584 4.587347 0.136827
v 0.020531 4.587346 0.149516
v -0.020531 4.587346 0.149516
v -0.059584 4.587346 0.136827
v -0.092804 4.587346 0.112691
v -0.116940 4.587346 0.079471
v -0.129629 4.587346 0.040418
v -0.129629 4.587346 -0.000644
v -0.116940 4.587346 -0.039697
v -0.092804 4.587346 -0.072917
v -0.059584 4.587346 -0.097053
v -0.020531 4.587346 -0.109742
v 0.000000 4.587347 -0.161172
v 0.055951 4.587347 -0.152311
v 0.106424 4.587347 -0.126593
v 0.146480 4.587347 -0.086537
v 0.172198 4.587347 -0.036063
v 0.181060 4.587347 0.019887
v 0.172198 4.587347 0.075838
v 0.146480 4.587347 0.126311
v 0.106424 4.587347 0.166368
v 0.055951 4.587347 0.192085
v 0.000000 4.587347 0.200947
v -0.055950 4.587347 0.192085
v -0.106424 4.587347 0.166368
v -0.146480 4.587347 0.126311
v -0.172198 4.587347 0.075838
v -0.181060 4.587347 0.019887
v -0.172198 4.587347 -0.036063
v -0.146480 4.587347 -0.086537
v -0.106424 4.587347 -0.126593
v -0.055950 4.587347 -0.152311
v 0.094819 2.879058 -0.578777
v 0.275175 2.879058 -0.520176
v 0.428596 2.879058 -0.408709
v 0.540063 2.879058 -0.255288
v 0.598664 2.879058 -0.074932
v 0.598664 2.879058 0.114707
v 0.540063 2.879058 0.295063
v 0.428596 2.879058 0.448483
v 0.275176 2.879058 0.559950
v 0.094819 2.879058 0.618551
v -0.094819 2.879058 0.618551
v -0.275175 2.879058 0.559950
v -0.428596 2.879058 0.448483
v -0.540063 2.879058 0.295063
v -0.598664 2.879058 0.114706
v -0.598664 2.879058 -0.074932
v -0.540063 2.879058 -0.255288
v -0.428596 2.879058 -0.408709
v 0.544391 3.480297 0.297268
v -0.275176 2.879058 -0.520175
v -0.094819 2.879058 -0.578777
v 0.598642 2.081308 -0.074928
v -0.419151 3.745439 0.439038
v -0.277381 3.480297 0.564278
v -0.544391 3.480297 -0.257494
v 0.603462 3.480297 -0.075692
v 0.095579 3.480297 0.623349
v -0.603462 3.480297 0.115466
v -0.095579 3.480297 -0.583575
v 0.432031 3.480297 -0.412144
v 0.432031 3.480297 0.451918
v 0.095579 3.480297 -0.583575
v -0.432031 3.480297 0.451918
v -0.432031 3.480297 -0.412144
v 0.603462 3.480297 0.115466
v -0.095579 3.480297 0.623349
v -0.603462 3.480297 -0.075692
v 0.544391 3.480297 -0.257494
v 0.277381 3.480297 0.564278
v -0.544391 3.480297 0.297268
v -0.277381 3.480297 -0.524504
v 0.277381 3.480297 -0.524504
v 0.087599 3.880978 0.572963
v 0.585471 3.745439 0.112617
v -0.528161 3.745439 0.288999
v 0.528161 3.745439 0.288999
v -0.585471 3.745439 0.112617
v 0.419151 3.745439 0.439038
v 0.092730 3.745439 -0.565584
v -0.585471 3.745439 -0.072842
v 0.269112 3.745439 0.548048
v 0.269111 3.745439 -0.508274
v -0.528161 3.745439 -0.249224
v 0.092730 3.745439 0.605358
v 0.419151 3.745439 -0.399264
v -0.419151 3.745439 -0.399264
v -0.092730 3.745439 0.605358
v 0.528161 3.745439 -0.249224
v -0.269112 3.745439 -0.508274
v -0.269111 3.745439 0.548048
v 0.585471 3.745439 -0.072842
v -0.092730 3.745439 -0.565584
v 0.440490 4.089352 0.244328
v 0.395959 3.880978 -0.376072
v -0.395959 3.880978 -0.376072
v -0.087599 3.880978 0.572963
v 0.498937 3.880978 -0.234334
v -0.254221 3.880978 -0.479050
v -0.254221 3.880978 0.518824
v 0.553076 3.880978 -0.067711
v -0.087599 3.880978 -0.533189
v -0.395959 3.880978 0.415846
v 0.553076 3.880978 0.107486
v -0.498937 3.880978 0.274108
v 0.498937 3.880978 0.274108
v -0.553076 3.880978 0.107486
v 0.395959 3.880978 0.415846
v 0.087599 3.880978 -0.533189
v -0.553076 3.880978 -0.067711
v 0.254221 3.880978 0.518824
v 0.254221 3.880978 -0.479050
v -0.498937 3.880978 -0.234334
v 0.293367 4.281163 -0.129591
v -0.488287 4.089352 0.097224
v 0.349575 4.089352 0.369462
v 0.077337 4.089352 -0.468400
v -0.488287 4.089352 -0.057450
v 0.224441 4.089352 0.460378
v 0.224441 4.089352 -0.420603
v -0.440490 4.089352 -0.204554
v 0.077337 4.089352 0.508175
v 0.349575 4.089352 -0.329688
v -0.349575 4.089352 -0.329688
v -0.077337 4.089352 0.508175
v 0.440490 4.089352 -0.204554
v -0.224441 4.089352 -0.420603
v -0.224441 4.089352 0.460378
v 0.488287 4.089352 -0.057450
v -0.077337 4.089352 -0.468400
v -0.349575 4.089352 0.369462
v 0.488287 4.089352 0.097224
v -0.440490 4.089352 0.244328
v 0.032506 4.347103 -0.185345
v -0.149478 4.281163 -0.273480
v -0.149478 4.281163 0.313254
v 0.325200 4.281163 -0.031619
v -0.051507 4.281163 -0.305313
v -0.232817 4.281163 0.252705
v 0.325200 4.281163 0.071394
v -0.293367 4.281163 0.169365
v 0.293367 4.281163 0.169365
v -0.325200 4.281163 0.071394
v 0.232817 4.281163 0.252705
v 0.051507 4.281163 -0.305313
v -0.325200 4.281163 -0.031619
v 0.149478 4.281163 0.313254
v 0.149478 4.281163 -0.273480
v -0.293367 4.281163 -0.129591
v 0.051507 4.281163 0.345087
v 0.232818 4.281163 -0.212930
v -0.232817 4.281163 -0.212930
v -0.051507 4.281163 0.345087
v -0.034766 4.354962 -0.199616
v -0.205232 4.347103 -0.012618
v 0.094335 4.347103 0.205030
v 0.094335 4.347103 -0.165256
v -0.185143 4.347103 -0.074448
v 0.032506 4.347103 0.225120
v 0.146930 4.347103 -0.127043
v -0.146930 4.347103 -0.127043
v -0.032506 4.347103 0.225120
v 0.185143 4.347103 -0.074448
v -0.094335 4.347103 -0.165256
v -0.094335 4.347103 0.205030
v 0.205232 4.347103 -0.012618
v -0.032506 4.347103 -0.185345
v -0.146930 4.347103 0.166817
v 0.205232 4.347103 0.052393
v -0.185143 4.347103 0.114222
v 0.185143 4.347103 0.114222
v -0.205232 4.347103 0.052393
v 0.146930 4.347103 0.166817
v -0.184559 4.362821 -0.074150
v -0.157147 4.354962 0.177034
v 0.219503 4.354962 0.054653
v -0.198016 4.354962 0.120782
v 0.198017 4.354962 0.120782
v -0.219503 4.354962 0.054653
v 0.157147 4.354962 0.177034
v 0.034766 4.354962 -0.199616
v -0.219503 4.354962 -0.014879
v 0.100894 4.354962 0.217904
v 0.100894 4.354962 -0.178129
v -0.198017 4.354962 -0.081007
v 0.034766 4.354962 0.239390
v 0.157147 4.354962 -0.137260
v -0.157147 4.354962 -0.137260
v -0.034766 4.354962 0.239390
v 0.198017 4.354962 -0.081007
v -0.100894 4.354962 -0.178129
v -0.100894 4.354962 0.217904
v 0.219503 4.354962 -0.014879
v -0.167703 4.373754 0.105336
v 0.032403 4.362821 0.224473
v 0.146467 4.362821 -0.126580
v -0.146467 4.362821 -0.126580
v -0.032403 4.362821 0.224473
v 0.184559 4.362821 -0.074150
v -0.094038 4.362821 -0.164672
v -0.094038 4.362821 0.204447
v 0.204586 4.362821 -0.012516
v -0.032403 4.362821 -0.184698
v -0.146467 4.362821 0.166354
v 0.204586 4.362821 0.052290
v -0.184559 4.362821 0.113925
v 0.184559 4.362821 0.113925
v -0.204586 4.362821 0.052290
v 0.146467 4.362821 0.166354
v 0.032403 4.362821 -0.184698
v -0.204586 4.362821 -0.012516
v 0.094038 4.362821 0.204447
v 0.094038 4.362821 -0.164672
v -0.030314 4.383625 0.211283
v 0.167703 4.373754 0.105336
v -0.185900 4.373754 0.049331
v 0.133090 4.373754 0.152977
v 0.029444 4.373754 -0.166013
v -0.185900 4.373754 -0.009557
v 0.085449 4.373754 0.187590
v 0.085449 4.373754 -0.147816
v -0.167703 4.373754 -0.065562
v 0.029444 4.373754 0.205788
v 0.133090 4.373754 -0.113203
v -0.133090 4.373754 -0.113203
v -0.029444 4.373754 0.205788
v 0.167703 4.373754 -0.065562
v -0.085449 4.373754 -0.147816
v -0.085449 4.373754 0.187590
v 0.185900 4.373754 -0.009557
v -0.029444 4.373754 -0.166013
v -0.133090 4.373754 0.152977
v 0.185900 4.373754 0.049331
v 0.140037 4.492806 0.159924
v 0.172661 4.383625 -0.068088
v -0.087975 4.383625 -0.152774
v -0.087975 4.383625 0.192548
v 0.191396 4.383625 -0.010427
v -0.030314 4.383625 -0.171509
v -0.137024 4.383625 0.156912
v 0.191396 4.383625 0.050201
v -0.172661 4.383625 0.107862
v 0.172661 4.383625 0.107862
v -0.191396 4.383625 0.050201
v 0.137024 4.383625 0.156912
v 0.030314 4.383625 -0.171509
v -0.191396 4.383625 -0.010427
v 0.087975 4.383625 0.192548
v 0.087975 4.383625 -0.152774
v -0.172661 4.383625 -0.068088
v 0.030314 4.383625 0.211283
v 0.137024 4.383625 -0.117137
v -0.137024 4.383625 -0.117137
v 0.000000 4.587347 0.019887
v 0.030981 4.492806 -0.175717
v -0.195604 4.492806 -0.011093
v 0.089910 4.492806 0.196344
v 0.089910 4.492806 -0.156569
v -0.176457 4.492806 -0.070022
v 0.030981 4.492806 0.215491
v 0.140037 4.492806 -0.120150
v -0.140037 4.492806 -0.120150
v -0.030981 4.492806 0.215491
v 0.176457 4.492806 -0.070022
v -0.089909 4.492806 -0.156570
v -0.089909 4.492806 0.196344
v 0.195604 4.492806 -0.011093
v -0.030981 4.492806 -0.175717
v -0.140037 4.492806 0.159924
v 0.195604 4.492806 0.050868
v -0.176457 4.492806 0.109797
v 0.176457 4.492806 0.109796
v -0.195604 4.492806 0.050867
v 0.275176 1.200030 -0.520175
v 0.094816 2.081308 0.618529
v -0.598642 2.081308 0.114703
v -0.094815 2.081308 -0.578755
v 0.428580 2.081308 -0.408693
v 0.428580 2.081308 0.448467
v 0.094816 2.081308 -0.578755
v -0.428580 2.081308 0.448467
v -0.428580 2.081308 -0.408693
v 0.598642 2.081308 0.114703
v -0.094816 2.081308 0.618529
v -0.598642 2.081308 -0.074928
v 0.540042 2.081308 -0.255278
v 0.275166 2.081308 0.559930
v -0.540042 2.081308 0.295053
v -0.275165 2.081308 -0.520155
v 0.275165 2.081308 -0.520155
v 0.540043 2.081308 0.295052
v -0.275165 2.081308 0.559930
v -0.540043 2.081308 -0.255278
v -0.545474 0.545217 0.297826
v -0.540062 1.200030 -0.255288
v 0.094819 1.200030 0.618551
v 0.428596 1.200030 -0.408708
v -0.428596 1.200030 -0.408708
v -0.094819 1.200030 0.618551
v 0.540062 1.200030 -0.255288
v -0.275176 1.200030 -0.520175
v -0.275175 1.200030 0.559949
v 0.598663 1.200030 -0.074932
v -0.094819 1.200030 -0.578776
v -0.428596 1.200030 0.448483
v 0.598663 1.200030 0.114706
v -0.540062 1.200030 0.295062
v 0.540062 1.200030 0.295063
v -0.598663 1.200030 0.114707
v 0.428596 1.200030 0.448483
v 0.094819 1.200030 -0.578776
v -0.598663 1.200030 -0.074932
v 0.275175 1.200030 0.559949
v -0.092732 0.326563 0.604611
v 0.545471 0.545217 0.297831
v -0.604664 0.545217 0.115665
v 0.432885 0.545217 0.452788
v 0.095764 0.545217 -0.584779
v -0.604667 0.545217 -0.075872
v 0.277925 0.545217 0.565368
v 0.277932 0.545217 -0.525590
v -0.545482 0.545217 -0.258037
v 0.095762 0.545217 0.624554
v 0.432894 0.545217 -0.413004
v -0.432900 0.545217 -0.412997
v -0.095775 0.545217 0.624552
v 0.545479 0.545217 -0.258042
v -0.277943 0.545217 -0.525585
v -0.277936 0.545217 0.565363
v 0.604666 0.545217 -0.075874
v -0.095778 0.545217 -0.584777
v -0.432891 0.545217 0.452781
v 0.604664 0.545217 0.115667
v 0.526118 0.327005 -0.248589
v -0.268825 0.326569 -0.507196
v -0.267974 0.327002 0.546801
v 0.576603 0.331225 -0.071258
v -0.093066 0.327004 -0.563447
v -0.413019 0.331225 0.432965
v 0.583379 0.327006 0.113014
v -0.526855 0.327002 0.287920
v 0.527141 0.326567 0.288770
v -0.584665 0.326564 0.112677
v 0.418007 0.327005 0.437572
v 0.091201 0.331222 -0.556724
v -0.583838 0.327004 -0.071853
v 0.264921 0.331226 0.540341
v 0.268534 0.327004 -0.506175
v -0.520396 0.331227 -0.244976
v 0.091798 0.327003 0.603783
v 0.418310 0.326571 -0.398365
v -0.417627 0.327005 -0.398061
v 0.000009 0.269091 0.019874
v 0.030886 4.584473 -0.175121
v 0.089635 4.584473 -0.156032
v 0.139610 4.584473 -0.119723
v 0.175919 4.584473 -0.069748
v 0.195008 4.584473 -0.010999
v 0.195008 4.584473 0.050773
v 0.175919 4.584473 0.109523
v 0.139610 4.584473 0.159498
v 0.089635 4.584473 0.195806
v 0.030886 4.584473 0.214895
v -0.030886 4.584473 0.214895
v -0.089635 4.584473 0.195806
v -0.139610 4.584473 0.159497
v -0.175919 4.584473 0.109523
v -0.195008 4.584473 0.050773
v -0.195008 4.584473 -0.010999
v -0.175919 4.584473 -0.069748
v -0.139610 4.584473 -0.119723
v -0.089635 4.584473 -0.156032
v -0.030886 4.584473 -0.175121
v -0.195398 4.393667 0.050835
v 0.176271 4.393667 0.109702
v -0.176271 4.393667 0.109702
v 0.195398 4.393667 0.050835
v -0.139890 4.393667 0.159777
v -0.030948 4.393667 -0.175511
v 0.195398 4.393667 -0.011061
v -0.089815 4.393667 0.196159
v -0.089815 4.393667 -0.156384
v 0.176271 4.393667 -0.069928
v -0.030948 4.393667 0.215286
v -0.139890 4.393667 -0.120003
v 0.139890 4.393667 -0.120003
v 0.030948 4.393667 0.215286
v -0.176271 4.393667 -0.069928
v 0.089815 4.393667 -0.156384
v 0.089815 4.393667 0.196159
v -0.195398 4.393667 -0.011061
v 0.030948 4.393667 -0.175511
v 0.139890 4.393667 0.159777
v 0.034709 4.362578 -0.199259
v 0.100730 4.362578 -0.177807
v 0.156891 4.362578 -0.137004
v 0.197694 4.362578 -0.080843
v 0.219146 4.362578 -0.014822
v 0.219146 4.362578 0.054597
v 0.197694 4.362578 0.120618
v 0.156891 4.362578 0.176778
v 0.100730 4.362578 0.217582
v 0.034709 4.362578 0.239033
v -0.034709 4.362578 0.239033
v -0.100730 4.362578 0.217582
v -0.156891 4.362578 0.176778
v -0.197694 4.362578 0.120618
v -0.219146 4.362578 0.054597
v -0.219146 4.362578 -0.014822
v -0.197694 4.362578 -0.080843
v -0.156891 4.362578 -0.137004
v -0.100730 4.362578 -0.177807
v -0.034709 4.362578 -0.199259
v 0.029585 4.363332 -0.166904
v 0.085858 4.363332 -0.148620
v 0.133728 4.363332 -0.113840
v 0.168507 4.363332 -0.065971
v 0.186791 4.363332 -0.009698
v 0.186791 4.363332 0.049472
v 0.168507 4.363332 0.105746
v 0.133728 4.363332 0.153615
v 0.085858 4.363332 0.188394
v 0.029585 4.363332 0.206678
v -0.029585 4.363332 0.206678
v -0.085858 4.363332 0.188394
v -0.133728 4.363332 0.153615
v -0.168507 4.363332 0.105746
v -0.186791 4.363332 0.049472
v -0.186791 4.363332 -0.009698
v -0.168507 4.363332 -0.065971
v -0.133728 4.363332 -0.113840
v -0.085858 4.363332 -0.148620
v -0.029585 4.363332 -0.166904
v 0.029832 4.344368 -0.168464
v 0.086575 4.344368 -0.150026
v 0.134844 4.344368 -0.114957
v 0.169914 4.344368 -0.066688
v 0.188351 4.344368 -0.009945
v 0.188351 4.344368 0.049719
v 0.169914 4.344368 0.106463
v 0.134844 4.344368 0.154731
v 0.086575 4.344368 0.189801
v 0.029832 4.344368 0.208238
v -0.029832 4.344368 0.208238
v -0.086575 4.344368 0.189801
v -0.134844 4.344368 0.154731
v -0.169914 4.344368 0.106463
v -0.188351 4.344368 0.049719
v -0.188351 4.344368 -0.009945
v -0.169914 4.344368 -0.066688
v -0.134844 4.344368 -0.114957
v -0.086575 4.344368 -0.150026
v -0.029832 4.344368 -0.168464
v 0.034711 4.347339 -0.199271
v 0.100736 4.347340 -0.177819
v 0.156900 4.347340 -0.137013
v 0.197706 4.347340 -0.080849
v 0.219159 4.347340 -0.014824
v 0.219159 4.347340 0.054599
v 0.197706 4.347340 0.120623
v 0.156900 4.347340 0.176787
v 0.100736 4.347340 0.217593
v 0.034711 4.347340 0.239046
v -0.034711 4.347340 0.239046
v -0.100736 4.347340 0.217593
v -0.156900 4.347340 0.176787
v -0.197706 4.347340 0.120623
v -0.219159 4.347340 0.054599
v -0.219159 4.347340 -0.014824
v -0.197706 4.347340 -0.080849
v -0.156900 4.347339 -0.137013
v -0.100736 4.347340 -0.177819
v -0.034711 4.347339 -0.199271
v -0.018230 0.140919 -0.091764
v 0.479916 0.143643 -0.230531
v -0.249438 0.142705 -0.469146
v 0.335203 0.262357 -0.033230
v 0.091647 0.140038 0.066584
v -0.016629 0.140014 0.123384
v 0.388113 0.142704 -0.368168
v 0.153211 0.262360 0.321081
v -0.270512 0.141944 0.209133
v -0.239022 0.262358 0.258971
v 0.109900 0.140935 0.038025
v -0.379214 0.143644 -0.366578
v 0.016697 0.140937 0.130120
v -0.301138 0.262360 -0.133268
v 0.250476 0.143643 -0.459972
v -0.189243 0.141944 0.290507
v 0.053124 0.262351 -0.317002
v -0.535787 0.143644 -0.059287
v 0.100594 0.140921 -0.031801
v -0.046727 0.140043 -0.071819
v 0.146499 0.029016 -0.260337
v 0.222705 0.024173 -0.202816
v 0.280230 0.029016 -0.126606
v 0.311635 0.029016 0.072645
v 0.280622 0.024173 0.162884
v 0.225841 0.029016 0.241026
v -0.140550 0.029017 0.303114
v -0.283139 0.029016 0.160411
v -0.311087 0.024173 0.069167
v -0.312701 0.029016 -0.026240
v -0.221135 0.029016 -0.205950
v -0.142995 0.024173 -0.260736
v 0.046130 0.029016 0.332596
v -0.049304 0.024173 0.331059
v -0.052761 0.029016 -0.291896
v 0.079232 0.143645 0.555732
v 0.079262 0.140935 0.098136
v -0.086052 0.142708 0.562435
v -0.315720 0.141942 -0.076310
v 0.533797 0.143643 0.110117
v 0.108039 0.141948 -0.293739
v -0.090171 0.143643 -0.513925
v -0.050618 0.140925 0.121360
v -0.263527 0.141946 -0.178750
v 0.489092 0.142706 0.269383
v 0.386523 0.143645 0.399159
v 0.313617 0.141946 -0.088096
v -0.099568 0.140935 0.069812
v 0.329935 0.141944 0.025922
v -0.101592 0.140038 0.035978
v -0.006079 0.141945 -0.311813
v -0.241173 0.143646 0.504985
v -0.110121 0.140935 0.003182
v 0.051717 0.140921 -0.080690
v -0.485041 0.143646 0.261118
v 0.198668 0.141945 0.283445
v -0.078248 0.140936 -0.059374
v 0.072822 0.140050 -0.052933
v -0.542489 0.142707 0.105997
v 0.096228 0.141943 0.335638
v 0.042575 0.263691 -0.062711
v 0.063993 0.263325 -0.044104
v 0.082559 0.263691 -0.022660
v 0.098462 0.268211 0.004110
v 0.090005 0.263682 0.034851
v 0.080538 0.263288 0.060924
v 0.064981 0.263682 0.083848
v 0.044460 0.268215 0.107166
v -0.041483 0.263711 0.103314
v -0.069299 0.268212 0.089222
v -0.081567 0.263682 0.060637
v -0.089278 0.263288 0.034027
v -0.090167 0.263682 0.006340
v -0.087276 0.268215 -0.024571
v -0.063961 0.263682 -0.045094
v -0.041068 0.263307 -0.060698
v 0.015750 0.268203 -0.080330
v 0.013555 0.263687 0.110156
v -0.014649 0.263300 0.111069
v -0.015093 0.263691 -0.071839
v 0.094815 2.492315 -0.578750
v 0.094816 3.256939 -0.578755
v 0.275164 2.492315 -0.520151
v 0.275165 3.256939 -0.520155
v 0.428577 2.492315 -0.408690
v 0.428580 3.256939 -0.408693
v 0.540039 2.492315 -0.255276
v 0.540043 3.256939 -0.255278
v 0.598638 2.492315 -0.074927
v 0.598642 3.256939 -0.074928
v 0.598637 2.492315 0.114702
v 0.598642 3.256939 0.114703
v 0.540039 2.492315 0.295051
v 0.540043 3.256939 0.295053
v 0.428577 2.492315 0.448464
v 0.428580 3.256939 0.448467
v 0.275164 2.492315 0.559926
v 0.275165 3.256939 0.559930
v 0.094815 2.492315 0.618525
v 0.094816 3.256939 0.618529
v -0.094815 2.492315 0.618525
v -0.094816 3.256939 0.618529
v -0.275164 2.492315 0.559926
v -0.275165 3.256939 0.559930
v -0.428577 2.492315 0.448464
v -0.428580 3.256939 0.448467
v -0.540039 2.492315 0.295051
v -0.540043 3.256939 0.295053
v -0.598638 2.492315 0.114702
v -0.598642 3.256939 0.114703
v -0.598637 2.492315 -0.074928
v -0.598642 3.256939 -0.074928
v -0.540039 2.492315 -0.255277
v -0.540043 3.256939 -0.255278
v -0.428577 2.492315 -0.408690
v -0.428580 3.256939 -0.408693
v -0.275164 2.492315 -0.520151
v -0.275165 3.256939 -0.520155
v -0.094815 2.492315 -0.578750
v -0.094816 3.256939 -0.578755
v 0.028097 4.587347 -0.157510
v 0.081541 4.587347 -0.140145
v 0.127002 4.587347 -0.107115
v 0.160032 4.587347 -0.061653
v 0.177397 4.587347 -0.008210
v 0.177397 4.587347 0.047984
v 0.160032 4.587347 0.101428
v 0.127002 4.587347 0.146889
v 0.081541 4.587347 0.179919
v 0.028097 4.587347 0.197284
v -0.028097 4.587347 0.197284
v -0.081540 4.587347 0.179919
v -0.127002 4.587347 0.146890
v -0.160032 4.587347 0.101428
v -0.177397 4.587347 0.047984
v -0.177397 4.587347 -0.008210
v -0.160032 4.587347 -0.061653
v -0.127002 4.587347 -0.107115
v -0.081540 4.587347 -0.140145
v -0.028097 4.587347 -0.157510
v -0.000000 3.006932 -0.586229
v 0.187300 3.006932 -0.556564
v 0.356266 3.006932 -0.470471
v 0.490358 3.006932 -0.336379
v 0.576451 3.006932 -0.167413
v 0.606116 3.006932 0.019887
v 0.576451 3.006932 0.207188
v 0.490358 3.006932 0.376154
v 0.356266 3.006932 0.510246
v 0.187300 3.006932 0.596338
v -0.000000 3.006932 0.626004
v -0.187300 3.006932 0.596338
v -0.356266 3.006932 0.510246
v -0.490358 3.006932 0.376154
v -0.576451 3.006932 0.207188
v -0.606116 3.006932 0.019887
v -0.576451 3.006932 -0.167413
v -0.490358 3.006932 -0.336379
v -0.356266 3.006932 -0.470471
v -0.187300 3.006932 -0.556564
v 0.094818 3.006932 -0.578767
v 0.275171 3.006932 -0.520167
v 0.428589 3.006932 -0.408702
v 0.540054 3.006932 -0.255284
v 0.598654 3.006932 -0.074930
v 0.598654 3.006932 0.114705
v 0.540054 3.006932 0.295058
v 0.428589 3.006932 0.448476
v 0.275171 3.006932 0.559941
v 0.094818 3.006932 0.618541
v -0.094817 3.006932 0.618541
v -0.275171 3.006932 0.559941
v -0.428589 3.006932 0.448476
v -0.540054 3.006932 0.295058
v -0.598654 3.006932 0.114705
v -0.598654 3.006932 -0.074930
v -0.540054 3.006932 -0.255284
v -0.428589 3.006932 -0.408702
v -0.275171 3.006932 -0.520167
v -0.094818 3.006932 -0.578767
v -0.000000 2.750998 -0.586238
v 0.187303 2.750998 -0.556572
v 0.356272 2.750998 -0.470479
v 0.490366 2.750998 -0.336384
v 0.576459 2.750998 -0.167416
v 0.606126 2.750998 0.019887
v 0.576460 2.750998 0.207190
v 0.490366 2.750998 0.376159
v 0.356271 2.750998 0.510253
v 0.187303 2.750998 0.596347
v 0.000000 2.750998 0.626013
v -0.187303 2.750998 0.596347
v -0.356272 2.750998 0.510253
v -0.490366 2.750998 0.376159
v -0.576459 2.750998 0.207191
v -0.606126 2.750998 0.019887
v -0.576460 2.750998 -0.167416
v -0.490366 2.750998 -0.336385
v -0.356271 2.750998 -0.470479
v -0.187303 2.750998 -0.556572
v 0.094819 2.750998 -0.578776
v 0.275175 2.750998 -0.520175
v 0.428595 2.750998 -0.408708
v 0.540062 2.750998 -0.255288
v 0.598663 2.750998 -0.074931
v 0.598663 2.750998 0.114706
v 0.540062 2.750998 0.295062
v 0.428596 2.750998 0.448482
v 0.275175 2.750998 0.559949
v 0.094819 2.750998 0.618550
v -0.094819 2.750998 0.618550
v -0.275175 2.750998 0.559949
v -0.428595 2.750998 0.448483
v -0.540062 2.750998 0.295062
v -0.598663 2.750998 0.114706
v -0.598663 2.750998 -0.074932
v -0.540062 2.750998 -0.255288
v -0.428596 2.750998 -0.408708
v -0.275175 2.750998 -0.520175
v -0.094819 2.750998 -0.578776
v 0.606104 2.221343 0.019887
v 0.576439 2.221343 -0.167409
v -0.000000 2.221343 0.625991
v 0.187296 2.221343 0.596326
v -0.606104 2.221343 0.019887
v -0.576439 2.221343 0.207184
v -0.000000 2.221343 -0.586216
v -0.187297 2.221343 -0.556551
v 0.490348 2.221343 -0.336372
v 0.356259 2.221343 -0.470461
v 0.356259 2.221343 0.510235
v 0.490348 2.221343 0.376146
v 0.187296 2.221343 -0.556552
v -0.490348 2.221343 0.376146
v -0.356259 2.221343 0.510235
v -0.356259 2.221343 -0.470461
v -0.490348 2.221343 -0.336372
v 0.576439 2.221343 0.207184
v -0.187296 2.221343 0.596326
v -0.576439 2.221343 -0.167409
v 0.598641 2.221343 -0.074929
v 0.094816 2.221343 0.618528
v -0.598641 2.221343 0.114703
v -0.094815 2.221343 -0.578754
v 0.428580 2.221343 -0.408693
v 0.428580 2.221343 0.448467
v 0.094815 2.221343 -0.578754
v -0.428580 2.221343 0.448467
v -0.428580 2.221343 -0.408693
v 0.598641 2.221343 0.114703
v -0.094815 2.221343 0.618529
v -0.598641 2.221343 -0.074928
v 0.540042 2.221343 -0.255278
v 0.275165 2.221343 0.559929
v -0.540042 2.221343 0.295052
v -0.275165 2.221343 -0.520155
v 0.275165 2.221343 -0.520155
v 0.540042 2.221343 0.295052
v -0.275165 2.221343 0.559930
v -0.540042 2.221343 -0.255278
v 0.606127 1.874300 0.019888
v 0.576461 1.874300 -0.167416
v -0.000000 1.874300 0.626014
v 0.187304 1.874300 0.596348
v -0.606127 1.874300 0.019887
v -0.576461 1.874300 0.207191
v -0.000000 1.874300 -0.586240
v -0.187304 1.874300 -0.556574
v 0.490367 1.874300 -0.336386
v 0.356272 1.874300 -0.470480
v 0.356273 1.874300 0.510254
v 0.490367 1.874300 0.376160
v 0.187303 1.874300 -0.556574
v -0.490367 1.874300 0.376160
v -0.356273 1.874300 0.510254
v -0.356273 1.874300 -0.470480
v -0.490367 1.874300 -0.336385
v 0.576461 1.874300 0.207191
v -0.187303 1.874300 0.596349
v -0.576461 1.874300 -0.167417
v 0.598665 1.874300 -0.074932
v 0.094819 1.874300 0.618552
v -0.598665 1.874300 0.114706
v -0.094819 1.874300 -0.578778
v 0.428597 1.874300 -0.408709
v 0.428596 1.874300 0.448484
v 0.094819 1.874300 -0.578778
v -0.428597 1.874300 0.448484
v -0.428597 1.874300 -0.408709
v 0.598665 1.874300 0.114706
v -0.094819 1.874300 0.618552
v -0.598665 1.874300 -0.074932
v 0.540063 1.874300 -0.255289
v 0.275176 1.874300 0.559950
v -0.540063 1.874300 0.295063
v -0.275176 1.874300 -0.520176
v 0.275176 1.874300 -0.520176
v 0.540063 1.874300 0.295063
v -0.275176 1.874300 0.559950
v -0.540063 1.874300 -0.255289
v 0.356272 1.433963 -0.470479
v 0.187303 1.433963 -0.556573
v -0.490366 1.433963 -0.336385
v -0.576460 1.433963 -0.167416
v 0.000000 1.433963 0.626013
v 0.187303 1.433963 0.596347
v 0.490366 1.433963 -0.336385
v -0.356272 1.433963 -0.470479
v -0.187303 1.433963 0.596347
v 0.576460 1.433963 -0.167416
v -0.187303 1.433963 -0.556573
v -0.356272 1.433963 0.510253
v 0.606126 1.433963 0.019887
v -0.000000 1.433963 -0.586239
v -0.490366 1.433963 0.376159
v 0.576460 1.433963 0.207191
v -0.576460 1.433963 0.207191
v 0.490366 1.433963 0.376159
v -0.606126 1.433963 0.019887
v 0.356272 1.433963 0.510253
v 0.275176 1.433963 -0.520175
v -0.540062 1.433963 -0.255288
v 0.094819 1.433963 0.618551
v 0.428596 1.433963 -0.408708
v -0.428596 1.433963 -0.408709
v -0.094819 1.433963 0.618551
v 0.540062 1.433963 -0.255288
v -0.275176 1.433963 -0.520175
v -0.275175 1.433963 0.559950
v 0.598664 1.433963 -0.074931
v -0.094819 1.433963 -0.578776
v -0.428596 1.433963 0.448483
v 0.598664 1.433963 0.114706
v -0.540062 1.433963 0.295063
v 0.540062 1.433963 0.295063
v -0.598664 1.433963 0.114706
v 0.428596 1.433963 0.448483
v 0.094819 1.433963 -0.578776
v -0.598664 1.433963 -0.074931
v 0.275175 1.433963 0.559949
v 0.356268 0.997281 -0.470474
v 0.187301 0.997281 -0.556567
v -0.490361 0.997281 -0.336381
v -0.576454 0.997281 -0.167414
v -0.000000 0.997281 0.626007
v 0.187302 0.997281 0.596341
v 0.490361 0.997281 -0.336381
v -0.356268 0.997281 -0.470474
v -0.187301 0.997281 0.596341
v 0.576454 0.997281 -0.167414
v -0.187302 0.997281 -0.556567
v -0.356268 0.997281 0.510248
v 0.606120 0.997281 0.019887
v 0.000000 0.997281 -0.586232
v -0.490361 0.997281 0.376155
v 0.576454 0.997281 0.207188
v -0.576454 0.997281 0.207189
v 0.490361 0.997281 0.376155
v -0.606120 0.997281 0.019887
v 0.356268 0.997281 0.510248
v 0.275172 0.997281 -0.520169
v -0.540056 0.997281 -0.255285
v 0.094818 0.997281 0.618544
v 0.428591 0.997281 -0.408704
v -0.428591 0.997281 -0.408704
v -0.094818 0.997281 0.618544
v 0.540056 0.997281 -0.255285
v -0.275173 0.997281 -0.520169
v -0.275173 0.997281 0.559944
v 0.598657 0.997281 -0.074931
v -0.094818 0.997281 -0.578770
v -0.428591 0.997281 0.448479
v 0.598657 0.997281 0.114705
v -0.540056 0.997281 0.295060
v 0.540056 0.997281 0.295060
v -0.598657 0.997281 0.114705
v 0.428591 0.997281 0.448478
v 0.094818 0.997281 -0.578770
v -0.598657 0.997281 -0.074931
v 0.275172 0.997281 0.559944
vn 0.0785 -0.0000 -0.9969
vn 0.0771 0.1833 -0.9800
vn 0.2295 0.1833 -0.9559
vn 0.2334 -0.0000 -0.9724
vn 0.3827 -0.0000 -0.9239
vn 0.3762 0.1833 -0.9082
vn 0.5136 0.1833 -0.8382
vn 0.5225 -0.0000 -0.8526
vn 0.6494 -0.0000 -0.7604
vn 0.6384 0.1833 -0.7475
vn 0.7475 0.1833 -0.6384
vn 0.7604 -0.0000 -0.6494
vn 0.8526 -0.0000 -0.5225
vn 0.8382 0.1833 -0.5136
vn 0.9082 0.1833 -0.3762
vn 0.9239 -0.0000 -0.3827
vn 0.9724 -0.0000 -0.2334
vn 0.9559 0.1833 -0.2295
vn 0.9800 0.1833 -0.0771
vn 0.9969 -0.0000 -0.0785
vn 0.9969 -0.0000 0.0785
vn 0.9800 0.1833 0.0771
vn 0.9559 0.1833 0.2295
vn 0.9724 -0.0000 0.2334
vn 0.9239 -0.0000 0.3827
vn 0.9082 0.1833 0.3762
vn 0.8382 0.1833 0.5136
vn 0.8526 -0.0000 0.5225
vn 0.7604 -0.0000 0.6494
vn 0.7475 0.1833 0.6384
vn 0.6384 0.1833 0.7475
vn 0.6494 -0.0000 0.7604
vn 0.5225 -0.0000 0.8526
vn 0.5136 0.1833 0.8382
vn 0.3762 0.1833 0.9082
vn 0.3827 -0.0000 0.9239
vn 0.2334 -0.0000 0.9724
vn 0.2295 0.1833 0.9559
vn 0.0771 0.1833 0.9800
vn 0.0785 -0.0000 0.9969
vn -0.0785 -0.0000 0.9969
vn -0.0771 0.1833 0.9800
vn -0.2295 0.1833 0.9559
vn -0.2334 -0.0000 0.9724
vn -0.3827 -0.0000 0.9239
vn -0.3762 0.1833 0.9082
vn -0.5136 0.1833 0.8382
vn -0.5225 -0.0000 0.8526
vn -0.6494 -0.0000 0.7604
vn -0.6384 0.1833 0.7475
vn -0.7475 0.1833 0.6384
vn -0.7604 -0.0000 0.6494
vn -0.8526 -0.0000 0.5225
vn -0.8382 0.1833 0.5136
vn -0.9082 0.1833 0.3762
vn -0.9239 -0.0000 0.3827
vn -0.9724 -0.0000 0.2334
vn -0.9559 0.1833 0.2295
vn -0.9800 0.1833 0.0771
vn -0.9969 -0.0000 0.0785
vn -0.9969 -0.0000 -0.0785
vn -0.9800 0.1833 -0.0771
vn -0.9559 0.1833 -0.2295
vn -0.9724 -0.0000 -0.2334
vn -0.9239 -0.0000 -0.3827
vn -0.9082 0.1833 -0.3762
vn -0.8382 0.1833 -0.5136
vn -0.8526 -0.0000 -0.5225
vn -0.7604 -0.0000 -0.6494
vn -0.7475 0.1833 -0.6384
vn -0.6384 0.1833 -0.7475
vn -0.6494 -0.0000 -0.7604
vn 0.8522 -0.0338 0.5222
vn 0.9234 -0.0338 0.3825
vn 0.9229 0.0454 0.3823
vn 0.8518 0.0454 0.5220
vn -0.5225 -0.0000 -0.8526
vn -0.5136 0.1833 -0.8382
vn -0.3762 0.1833 -0.9082
vn -0.3827 -0.0000 -0.9239
vn -0.2334 -0.0000 -0.9724
vn -0.2295 0.1833 -0.9559
vn -0.0771 0.1833 -0.9800
vn -0.0785 -0.0000 -0.9969
vn 0.9969 -0.0001 -0.0785
vn 0.9724 -0.0001 -0.2334
vn -0.7564 0.1029 0.6460
vn -0.6460 0.1029 0.7564
vn -0.6352 0.2080 0.7438
vn -0.7438 0.2080 0.6352
vn -0.5222 -0.0338 0.8522
vn -0.3825 -0.0338 0.9234
vn -0.3823 0.0454 0.9229
vn -0.5220 0.0454 0.8518
vn -0.8522 -0.0338 -0.5222
vn -0.9234 -0.0338 -0.3825
vn -0.9229 0.0454 -0.3823
vn -0.8518 0.0454 -0.5220
vn 0.9963 -0.0338 -0.0784
vn 0.9718 -0.0338 -0.2333
vn 0.9714 0.0454 -0.2332
vn 0.9959 0.0454 -0.0784
vn 0.0784 -0.0338 0.9963
vn 0.2333 -0.0338 0.9718
vn 0.2332 0.0454 0.9714
vn 0.0784 0.0454 0.9959
vn -0.9963 -0.0338 0.0784
vn -0.9718 -0.0338 0.2333
vn -0.9714 0.0454 0.2332
vn -0.9959 0.0454 0.0784
vn -0.0784 -0.0338 -0.9963
vn -0.2333 -0.0338 -0.9718
vn -0.2332 0.0454 -0.9714
vn -0.0784 0.0454 -0.9959
vn 0.7600 -0.0338 -0.6491
vn 0.6491 -0.0338 -0.7600
vn 0.6488 0.0454 -0.7596
vn 0.7596 0.0454 -0.6488
vn 0.6491 -0.0338 0.7600
vn 0.7600 -0.0338 0.6491
vn 0.7596 0.0454 0.6488
vn 0.6488 0.0454 0.7596
vn 0.2333 -0.0338 -0.9718
vn 0.0784 -0.0338 -0.9963
vn 0.0784 0.0454 -0.9959
vn 0.2332 0.0454 -0.9714
vn -0.7600 -0.0338 0.6491
vn -0.6491 -0.0338 0.7600
vn -0.6488 0.0454 0.7596
vn -0.7596 0.0454 0.6488
vn -0.6491 -0.0338 -0.7600
vn -0.7600 -0.0338 -0.6491
vn -0.7596 0.0454 -0.6488
vn -0.6488 0.0454 -0.7596
vn 0.9718 -0.0338 0.2333
vn 0.9963 -0.0338 0.0784
vn 0.9959 0.0454 0.0784
vn 0.9714 0.0454 0.2332
vn -0.2333 -0.0338 0.9718
vn -0.0784 -0.0338 0.9963
vn -0.0784 0.0454 0.9959
vn -0.2332 0.0454 0.9714
vn -0.9718 -0.0338 -0.2333
vn -0.9963 -0.0338 -0.0784
vn -0.9959 0.0454 -0.0784
vn -0.9714 0.0454 -0.2332
vn 0.9234 -0.0338 -0.3825
vn 0.8522 -0.0338 -0.5222
vn 0.8518 0.0454 -0.5220
vn 0.9229 0.0454 -0.3823
vn 0.3825 -0.0338 0.9234
vn 0.5222 -0.0338 0.8522
vn 0.5220 0.0454 0.8518
vn 0.3823 0.0454 0.9229
vn -0.9234 -0.0338 0.3825
vn -0.8522 -0.0338 0.5222
vn -0.8518 0.0454 0.5220
vn -0.9229 0.0454 0.3823
vn -0.3825 -0.0338 -0.9234
vn -0.5222 -0.0338 -0.8522
vn -0.5220 0.0454 -0.8518
vn -0.3823 0.0454 -0.9229
vn 0.5222 -0.0338 -0.8522
vn 0.3825 -0.0338 -0.9234
vn 0.3823 0.0454 -0.9229
vn 0.5220 0.0454 -0.8518
vn 0.0757 0.2609 0.9624
vn 0.2254 0.2609 0.9387
vn 0.2244 0.2756 0.9347
vn 0.0754 0.2756 0.9583
vn 0.9672 0.1029 0.2322
vn 0.9916 0.1029 0.0780
vn 0.9751 0.2080 0.0767
vn 0.9511 0.2080 0.2283
vn -0.9190 0.1029 0.3807
vn -0.8481 0.1029 0.5197
vn -0.8340 0.2080 0.5111
vn -0.9037 0.2080 0.3743
vn 0.8481 0.1029 0.5197
vn 0.9190 0.1029 0.3807
vn 0.9037 0.2080 0.3743
vn 0.8340 0.2080 0.5111
vn -0.9916 0.1029 0.0780
vn -0.9672 0.1029 0.2322
vn -0.9511 0.2080 0.2283
vn -0.9751 0.2080 0.0767
vn 0.6460 0.1029 0.7564
vn 0.7564 0.1029 0.6460
vn 0.7438 0.2080 0.6352
vn 0.6352 0.2080 0.7438
vn 0.2322 0.1029 -0.9672
vn 0.0780 0.1029 -0.9916
vn 0.0767 0.2080 -0.9751
vn 0.2283 0.2080 -0.9511
vn -0.9672 0.1029 -0.2322
vn -0.9916 0.1029 -0.0780
vn -0.9751 0.2080 -0.0767
vn -0.9511 0.2080 -0.2283
vn 0.3807 0.1029 0.9190
vn 0.5197 0.1029 0.8481
vn 0.5111 0.2080 0.8340
vn 0.3743 0.2080 0.9037
vn 0.5197 0.1029 -0.8481
vn 0.3807 0.1029 -0.9190
vn 0.3743 0.2080 -0.9037
vn 0.5111 0.2080 -0.8340
vn -0.8481 0.1029 -0.5197
vn -0.9190 0.1029 -0.3807
vn -0.9037 0.2080 -0.3743
vn -0.8340 0.2080 -0.5111
vn 0.0780 0.1029 0.9916
vn 0.2322 0.1029 0.9672
vn 0.2283 0.2080 0.9511
vn 0.0767 0.2080 0.9751
vn 0.7564 0.1029 -0.6460
vn 0.6460 0.1029 -0.7564
vn 0.6352 0.2080 -0.7438
vn 0.7438 0.2080 -0.6352
vn -0.6460 0.1029 -0.7564
vn -0.7564 0.1029 -0.6460
vn -0.7438 0.2080 -0.6352
vn -0.6352 0.2080 -0.7438
vn -0.2322 0.1029 0.9672
vn -0.0780 0.1029 0.9916
vn -0.0767 0.2080 0.9751
vn -0.2283 0.2080 0.9511
vn 0.9190 0.1029 -0.3807
vn 0.8481 0.1029 -0.5197
vn 0.8340 0.2080 -0.5111
vn 0.9037 0.2080 -0.3743
vn -0.3807 0.1029 -0.9190
vn -0.5197 0.1029 -0.8481
vn -0.5111 0.2080 -0.8340
vn -0.3743 0.2080 -0.9037
vn -0.5197 0.1029 0.8481
vn -0.3807 0.1029 0.9190
vn -0.3743 0.2080 0.9037
vn -0.5111 0.2080 0.8340
vn 0.9916 0.1029 -0.0780
vn 0.9672 0.1029 -0.2322
vn 0.9511 0.2080 -0.2283
vn 0.9751 0.2080 -0.0767
vn -0.0780 0.1029 -0.9916
vn -0.2322 0.1029 -0.9672
vn -0.2283 0.2080 -0.9511
vn -0.0767 0.2080 -0.9751
vn 0.8087 0.3168 0.4956
vn 0.8763 0.3168 0.3630
vn 0.8132 0.4747 0.3368
vn 0.7505 0.4747 0.4599
vn 0.7341 0.2609 -0.6270
vn 0.6270 0.2609 -0.7341
vn 0.6243 0.2756 -0.7310
vn 0.7310 0.2756 -0.6243
vn -0.6270 0.2609 -0.7341
vn -0.7341 0.2609 -0.6270
vn -0.7310 0.2756 -0.6243
vn -0.6243 0.2756 -0.7310
vn -0.2254 0.2609 0.9387
vn -0.0757 0.2609 0.9624
vn -0.0754 0.2756 0.9583
vn -0.2244 0.2756 0.9347
vn 0.8919 0.2609 -0.3694
vn 0.8231 0.2609 -0.5044
vn 0.8196 0.2756 -0.5023
vn 0.8881 0.2756 -0.3679
vn -0.3694 0.2609 -0.8919
vn -0.5044 0.2609 -0.8231
vn -0.5023 0.2756 -0.8196
vn -0.3679 0.2756 -0.8881
vn -0.5044 0.2609 0.8231
vn -0.3694 0.2609 0.8919
vn -0.3679 0.2756 0.8881
vn -0.5023 0.2756 0.8196
vn 0.9624 0.2609 -0.0757
vn 0.9387 0.2609 -0.2254
vn 0.9347 0.2756 -0.2244
vn 0.9583 0.2756 -0.0754
vn -0.0757 0.2609 -0.9624
vn -0.2254 0.2609 -0.9387
vn -0.2244 0.2756 -0.9347
vn -0.0754 0.2756 -0.9583
vn -0.7341 0.2609 0.6270
vn -0.6270 0.2609 0.7341
vn -0.6243 0.2756 0.7310
vn -0.7310 0.2756 0.6243
vn 0.9387 0.2609 0.2254
vn 0.9624 0.2609 0.0757
vn 0.9583 0.2756 0.0754
vn 0.9347 0.2756 0.2244
vn -0.8919 0.2609 0.3694
vn -0.8231 0.2609 0.5044
vn -0.8196 0.2756 0.5023
vn -0.8881 0.2756 0.3679
vn 0.8231 0.2609 0.5044
vn 0.8919 0.2609 0.3694
vn 0.8881 0.2756 0.3679
vn 0.8196 0.2756 0.5023
vn -0.9624 0.2609 0.0757
vn -0.9387 0.2609 0.2254
vn -0.9347 0.2756 0.2244
vn -0.9583 0.2756 0.0754
vn 0.6270 0.2609 0.7341
vn 0.7341 0.2609 0.6270
vn 0.7310 0.2756 0.6243
vn 0.6243 0.2756 0.7310
vn 0.2254 0.2609 -0.9387
vn 0.0757 0.2609 -0.9624
vn 0.0754 0.2756 -0.9583
vn 0.2244 0.2756 -0.9347
vn -0.9387 0.2609 -0.2254
vn -0.9624 0.2609 -0.0757
vn -0.9583 0.2756 -0.0754
vn -0.9347 0.2756 -0.2244
vn 0.3694 0.2609 0.8919
vn 0.5044 0.2609 0.8231
vn 0.5023 0.2756 0.8196
vn 0.3679 0.2756 0.8881
vn 0.5044 0.2609 -0.8231
vn 0.3694 0.2609 -0.8919
vn 0.3679 0.2756 -0.8881
vn 0.5023 0.2756 -0.8196
vn -0.8231 0.2609 -0.5044
vn -0.8919 0.2609 -0.3694
vn -0.8881 0.2756 -0.3679
vn -0.8196 0.2756 -0.5023
vn 0.5562 0.7985 -0.2304
vn 0.5133 0.7985 -0.3145
vn 0.2443 0.9581 -0.1497
vn 0.2647 0.9581 -0.1097
vn -0.9456 0.3168 0.0744
vn -0.9223 0.3168 0.2214
vn -0.8558 0.4747 0.2055
vn -0.8774 0.4747 0.0691
vn 0.6160 0.3168 0.7212
vn 0.7212 0.3168 0.6160
vn 0.6693 0.4747 0.5716
vn 0.5716 0.4747 0.6693
vn 0.2214 0.3168 -0.9223
vn 0.0744 0.3168 -0.9456
vn 0.0691 0.4747 -0.8775
vn 0.2055 0.4747 -0.8558
vn -0.9223 0.3168 -0.2214
vn -0.9456 0.3168 -0.0744
vn -0.8774 0.4747 -0.0691
vn -0.8558 0.4747 -0.2055
vn 0.3630 0.3168 0.8763
vn 0.4956 0.3168 0.8087
vn 0.4599 0.4747 0.7505
vn 0.3368 0.4747 0.8132
vn 0.4956 0.3168 -0.8087
vn 0.3630 0.3168 -0.8763
vn 0.3368 0.4747 -0.8132
vn 0.4599 0.4747 -0.7505
vn -0.8087 0.3168 -0.4956
vn -0.8763 0.3168 -0.3630
vn -0.8132 0.4747 -0.3368
vn -0.7505 0.4747 -0.4599
vn 0.0744 0.3168 0.9456
vn 0.2214 0.3168 0.9223
vn 0.2055 0.4747 0.8558
vn 0.0691 0.4747 0.8774
vn 0.7212 0.3168 -0.6160
vn 0.6160 0.3168 -0.7212
vn 0.5716 0.4747 -0.6693
vn 0.6693 0.4747 -0.5716
vn -0.6160 0.3168 -0.7212
vn -0.7212 0.3168 -0.6160
vn -0.6693 0.4747 -0.5716
vn -0.5716 0.4747 -0.6693
vn -0.2214 0.3168 0.9223
vn -0.0744 0.3168 0.9456
vn -0.0691 0.4747 0.8774
vn -0.2055 0.4747 0.8558
vn 0.8763 0.3168 -0.3630
vn 0.8087 0.3168 -0.4956
vn 0.7505 0.4747 -0.4599
vn 0.8132 0.4747 -0.3368
vn -0.3630 0.3168 -0.8763
vn -0.4956 0.3168 -0.8087
vn -0.4599 0.4747 -0.7505
vn -0.3368 0.4747 -0.8132
vn -0.4956 0.3168 0.8087
vn -0.3630 0.3168 0.8763
vn -0.3368 0.4747 0.8132
vn -0.4599 0.4747 0.7505
vn 0.9456 0.3168 -0.0744
vn 0.9223 0.3168 -0.2214
vn 0.8558 0.4747 -0.2055
vn 0.8774 0.4747 -0.0691
vn -0.0744 0.3168 -0.9456
vn -0.2214 0.3168 -0.9223
vn -0.2055 0.4747 -0.8558
vn -0.0691 0.4747 -0.8774
vn -0.7212 0.3168 0.6160
vn -0.6160 0.3168 0.7212
vn -0.5716 0.4747 0.6693
vn -0.6693 0.4747 0.5716
vn 0.9223 0.3168 0.2214
vn 0.9456 0.3168 0.0744
vn 0.8774 0.4747 0.0691
vn 0.8558 0.4747 0.2055
vn -0.8763 0.3168 0.3630
vn -0.8087 0.3168 0.4956
vn -0.7505 0.4747 0.4599
vn -0.8132 0.4747 0.3368
vn -0.0000 -1.0000 -0.0000
vn -0.2304 0.7985 -0.5562
vn -0.3145 0.7985 -0.5133
vn -0.1497 0.9581 -0.2443
vn -0.1096 0.9581 -0.2647
vn -0.3145 0.7985 0.5133
vn -0.2304 0.7985 0.5562
vn -0.1097 0.9581 0.2647
vn -0.1497 0.9581 0.2443
vn 0.6001 0.7985 -0.0472
vn 0.5854 0.7985 -0.1405
vn 0.2786 0.9581 -0.0669
vn 0.2856 0.9581 -0.0225
vn -0.0472 0.7985 -0.6001
vn -0.1405 0.7985 -0.5854
vn -0.0669 0.9581 -0.2786
vn -0.0225 0.9581 -0.2856
vn -0.4578 0.7985 0.3910
vn -0.3910 0.7985 0.4577
vn -0.1861 0.9581 0.2179
vn -0.2179 0.9581 0.1861
vn 0.5854 0.7985 0.1405
vn 0.6001 0.7985 0.0472
vn 0.2856 0.9581 0.0225
vn 0.2786 0.9581 0.0669
vn -0.5562 0.7985 0.2304
vn -0.5133 0.7985 0.3145
vn -0.2443 0.9581 0.1497
vn -0.2647 0.9581 0.1097
vn 0.5133 0.7985 0.3145
vn 0.5562 0.7985 0.2304
vn 0.2647 0.9581 0.1097
vn 0.2443 0.9581 0.1497
vn -0.6001 0.7985 0.0472
vn -0.5854 0.7985 0.1405
vn -0.2786 0.9581 0.0669
vn -0.2856 0.9581 0.0225
vn 0.3910 0.7985 0.4578
vn 0.4578 0.7985 0.3910
vn 0.2179 0.9581 0.1861
vn 0.1861 0.9581 0.2179
vn 0.1405 0.7985 -0.5853
vn 0.0472 0.7985 -0.6001
vn 0.0225 0.9581 -0.2856
vn 0.0669 0.9581 -0.2786
vn -0.5854 0.7985 -0.1405
vn -0.6001 0.7985 -0.0472
vn -0.2856 0.9581 -0.0225
vn -0.2786 0.9581 -0.0669
vn 0.2304 0.7985 0.5562
vn 0.3145 0.7985 0.5133
vn 0.1497 0.9581 0.2443
vn 0.1097 0.9581 0.2647
vn 0.3145 0.7985 -0.5133
vn 0.2304 0.7985 -0.5562
vn 0.1096 0.9581 -0.2647
vn 0.1497 0.9581 -0.2443
vn -0.5133 0.7985 -0.3145
vn -0.5562 0.7985 -0.2304
vn -0.2647 0.9581 -0.1097
vn -0.2443 0.9581 -0.1497
vn 0.0472 0.7985 0.6001
vn 0.1405 0.7985 0.5854
vn 0.0669 0.9581 0.2786
vn 0.0225 0.9581 0.2856
vn 0.4578 0.7985 -0.3910
vn 0.3910 0.7985 -0.4577
vn 0.1861 0.9581 -0.2179
vn 0.2179 0.9581 -0.1861
vn -0.3910 0.7985 -0.4577
vn -0.4578 0.7985 -0.3910
vn -0.2179 0.9581 -0.1861
vn -0.1861 0.9581 -0.2179
vn -0.1405 0.7985 0.5854
vn -0.0472 0.7985 0.6001
vn -0.0225 0.9581 0.2856
vn -0.0669 0.9581 0.2786
vn -0.0786 -0.0000 -0.9969
vn -0.2333 -0.0000 -0.9724
vn -0.0000 1.0000 -0.0000
vn -0.7603 -0.0000 0.6496
vn -0.6496 -0.0000 0.7603
vn 0.9724 -0.0000 0.2333
vn 0.9969 -0.0000 0.0786
vn -0.9238 -0.0000 0.3828
vn -0.8527 -0.0000 0.5224
vn 0.8527 -0.0000 0.5224
vn 0.9238 -0.0000 0.3828
vn -0.9969 -0.0000 0.0786
vn -0.9724 -0.0000 0.2333
vn 0.6496 -0.0000 0.7603
vn 0.7603 -0.0000 0.6496
vn 0.2333 -0.0000 -0.9724
vn 0.0786 -0.0000 -0.9969
vn -0.9724 -0.0000 -0.2333
vn -0.9969 -0.0000 -0.0786
vn 0.3828 -0.0000 0.9238
vn 0.5224 -0.0000 0.8527
vn 0.5223 -0.0000 0.8527
vn 0.5224 -0.0000 -0.8527
vn 0.3828 -0.0000 -0.9238
vn 0.5223 -0.0000 -0.8527
vn -0.8527 -0.0000 -0.5224
vn -0.9238 -0.0000 -0.3828
vn 0.0786 -0.0000 0.9969
vn 0.2333 -0.0000 0.9724
vn 0.7603 -0.0000 -0.6496
vn 0.6496 -0.0000 -0.7603
vn -0.6496 -0.0000 -0.7603
vn -0.7603 -0.0000 -0.6496
vn -0.2333 -0.0000 0.9724
vn -0.0786 -0.0000 0.9969
vn 0.9238 -0.0000 -0.3828
vn 0.8527 -0.0000 -0.5224
vn -0.3828 -0.0000 -0.9238
vn -0.5224 -0.0000 -0.8527
vn -0.5223 -0.0000 -0.8527
vn -0.5224 -0.0000 0.8527
vn -0.3828 -0.0000 0.9238
vn -0.5223 -0.0000 0.8527
vn 0.9969 -0.0000 -0.0786
vn 0.9724 -0.0000 -0.2333
vn -0.9232 -0.0362 0.3826
vn -0.8522 -0.0362 0.5220
vn -0.8266 -0.2458 0.5063
vn -0.8955 -0.2458 0.3711
vn -0.1508 -0.7631 0.6284
vn -0.0508 -0.7631 0.6443
vn -0.0473 -0.7988 0.5998
vn -0.1403 -0.7988 0.5850
vn 0.8522 -0.0362 0.5220
vn 0.9232 -0.0362 0.3826
vn 0.8955 -0.2458 0.3711
vn 0.8266 -0.2458 0.5063
vn -0.9963 -0.0362 0.0786
vn -0.9718 -0.0362 0.2331
vn -0.9426 -0.2458 0.2261
vn -0.9663 -0.2458 0.0762
vn 0.6491 -0.0362 0.7598
vn 0.7598 -0.0362 0.6491
vn 0.7370 -0.2458 0.6296
vn 0.6296 -0.2458 0.7370
vn 0.2331 -0.0362 -0.9718
vn 0.0786 -0.0362 -0.9963
vn 0.0762 -0.2458 -0.9663
vn 0.2261 -0.2458 -0.9426
vn -0.9718 -0.0362 -0.2331
vn -0.9963 -0.0362 -0.0786
vn -0.9663 -0.2458 -0.0762
vn -0.9426 -0.2458 -0.2261
vn 0.3826 -0.0362 0.9232
vn 0.5220 -0.0362 0.8522
vn 0.5063 -0.2458 0.8266
vn 0.3711 -0.2458 0.8955
vn 0.5220 -0.0362 -0.8522
vn 0.3826 -0.0362 -0.9232
vn 0.3711 -0.2458 -0.8955
vn 0.5063 -0.2458 -0.8266
vn -0.8522 -0.0362 -0.5220
vn -0.9232 -0.0362 -0.3826
vn -0.8955 -0.2458 -0.3711
vn -0.8266 -0.2458 -0.5063
vn 0.0786 -0.0362 0.9963
vn 0.2331 -0.0362 0.9718
vn 0.2261 -0.2458 0.9426
vn 0.0762 -0.2458 0.9663
vn 0.7598 -0.0362 -0.6491
vn 0.6491 -0.0362 -0.7598
vn 0.6296 -0.2458 -0.7370
vn 0.7370 -0.2458 -0.6296
vn -0.6492 -0.0362 -0.7598
vn -0.7598 -0.0362 -0.6491
vn -0.7370 -0.2458 -0.6296
vn -0.6296 -0.2458 -0.7370
vn -0.2331 -0.0362 0.9718
vn -0.0786 -0.0362 0.9963
vn -0.0762 -0.2458 0.9663
vn -0.2261 -0.2458 0.9426
vn 0.9232 -0.0362 -0.3826
vn 0.8522 -0.0362 -0.5220
vn 0.8266 -0.2458 -0.5063
vn 0.8955 -0.2458 -0.3711
vn -0.3826 -0.0362 -0.9232
vn -0.5220 -0.0362 -0.8522
vn -0.5063 -0.2458 -0.8266
vn -0.3711 -0.2458 -0.8955
vn -0.5220 -0.0362 0.8522
vn -0.3826 -0.0362 0.9232
vn -0.3711 -0.2458 0.8955
vn -0.5063 -0.2458 0.8266
vn 0.9963 -0.0362 -0.0786
vn 0.9718 -0.0362 -0.2331
vn 0.9426 -0.2458 -0.2261
vn 0.9663 -0.2458 -0.0762
vn -0.0786 -0.0362 -0.9963
vn -0.2331 -0.0362 -0.9718
vn -0.2261 -0.2458 -0.9426
vn -0.0762 -0.2458 -0.9663
vn -0.7598 -0.0362 0.6491
vn -0.6491 -0.0362 0.7598
vn -0.6296 -0.2458 0.7370
vn -0.7370 -0.2458 0.6296
vn 0.9718 -0.0362 0.2331
vn 0.9963 -0.0362 0.0786
vn 0.9663 -0.2458 0.0762
vn 0.9426 -0.2458 0.2261
vn 0.5970 -0.7631 -0.2474
vn 0.5511 -0.7631 -0.3376
vn 0.5130 -0.7988 -0.3143
vn 0.5558 -0.7988 -0.2303
vn -0.2474 -0.7631 -0.5970
vn -0.3376 -0.7631 -0.5511
vn -0.3143 -0.7988 -0.5130
vn -0.2303 -0.7988 -0.5558
vn -0.3376 -0.7631 0.5511
vn -0.2474 -0.7631 0.5970
vn -0.2303 -0.7988 0.5558
vn -0.3143 -0.7988 0.5130
vn 0.6442 -0.7631 -0.0508
vn 0.6285 -0.7631 -0.1508
vn 0.5850 -0.7988 -0.1403
vn 0.5998 -0.7988 -0.0473
vn -0.0508 -0.7631 -0.6443
vn -0.1508 -0.7631 -0.6284
vn -0.1403 -0.7988 -0.5850
vn -0.0473 -0.7988 -0.5998
vn -0.4914 -0.7631 0.4198
vn -0.4198 -0.7631 0.4914
vn -0.3908 -0.7988 0.4574
vn -0.4574 -0.7988 0.3908
vn 0.6285 -0.7631 0.1508
vn 0.6443 -0.7631 0.0508
vn 0.5998 -0.7988 0.0473
vn 0.5850 -0.7988 0.1403
vn -0.5970 -0.7631 0.2474
vn -0.5511 -0.7631 0.3376
vn -0.5130 -0.7988 0.3143
vn -0.5558 -0.7988 0.2303
vn 0.5511 -0.7631 0.3376
vn 0.5970 -0.7631 0.2474
vn 0.5558 -0.7988 0.2303
vn 0.5130 -0.7988 0.3143
vn -0.6443 -0.7631 0.0508
vn -0.6284 -0.7631 0.1508
vn -0.5850 -0.7988 0.1403
vn -0.5998 -0.7988 0.0473
vn 0.4198 -0.7631 0.4914
vn 0.4914 -0.7631 0.4198
vn 0.4574 -0.7988 0.3908
vn 0.3908 -0.7988 0.4574
vn 0.1508 -0.7631 -0.6285
vn 0.0508 -0.7631 -0.6443
vn 0.0473 -0.7988 -0.5998
vn 0.1404 -0.7988 -0.5850
vn -0.6284 -0.7631 -0.1508
vn -0.6443 -0.7631 -0.0508
vn -0.5998 -0.7988 -0.0473
vn -0.5850 -0.7988 -0.1403
vn 0.2474 -0.7631 0.5970
vn 0.3376 -0.7631 0.5511
vn 0.3143 -0.7988 0.5130
vn 0.2303 -0.7988 0.5558
vn 0.3376 -0.7631 -0.5511
vn 0.2474 -0.7631 -0.5970
vn 0.2303 -0.7988 -0.5558
vn 0.3143 -0.7988 -0.5130
vn -0.5511 -0.7631 -0.3376
vn -0.5970 -0.7631 -0.2474
vn -0.5558 -0.7988 -0.2303
vn -0.5130 -0.7988 -0.3143
vn 0.0508 -0.7631 0.6443
vn 0.1508 -0.7631 0.6284
vn 0.1403 -0.7988 0.5850
vn 0.0473 -0.7988 0.5998
vn 0.4914 -0.7631 -0.4198
vn 0.4198 -0.7631 -0.4914
vn 0.3908 -0.7988 -0.4574
vn 0.4574 -0.7988 -0.3908
vn -0.4198 -0.7631 -0.4914
vn -0.4914 -0.7631 -0.4198
vn -0.4574 -0.7988 -0.3908
vn -0.3908 -0.7988 -0.4574
vn 0.5225 -0.0001 -0.8526
vn 0.3827 -0.0001 -0.9239
vn 0.0785 -0.0001 0.9969
vn 0.2334 -0.0001 0.9724
vn -0.9969 -0.0001 0.0785
vn -0.9724 -0.0001 0.2334
vn -0.0785 -0.0001 -0.9969
vn -0.2334 -0.0001 -0.9724
vn 0.7604 -0.0001 -0.6494
vn 0.6494 -0.0001 -0.7604
vn 0.6494 -0.0001 0.7604
vn 0.7604 -0.0001 0.6494
vn 0.2334 -0.0001 -0.9724
vn 0.0785 -0.0001 -0.9969
vn -0.7604 -0.0001 0.6494
vn -0.6494 -0.0001 0.7604
vn -0.6494 -0.0001 -0.7604
vn -0.7604 -0.0001 -0.6494
vn 0.9724 -0.0001 0.2334
vn 0.9969 -0.0001 0.0785
vn -0.2334 -0.0001 0.9724
vn -0.0785 -0.0001 0.9969
vn -0.9724 -0.0001 -0.2334
vn -0.9969 -0.0001 -0.0785
vn 0.9239 -0.0001 -0.3827
vn 0.8526 -0.0001 -0.5225
vn 0.3827 -0.0001 0.9239
vn 0.5225 -0.0001 0.8526
vn -0.9239 -0.0001 0.3827
vn -0.8526 -0.0001 0.5225
vn -0.3827 -0.0001 -0.9239
vn -0.5225 -0.0001 -0.8526
vn 0.8526 -0.0001 0.5225
vn 0.9239 -0.0001 0.3827
vn -0.5225 -0.0001 0.8526
vn -0.3827 -0.0001 0.9239
vn -0.8526 -0.0001 -0.5225
vn -0.9239 -0.0001 -0.3827
vn -0.8524 0.0244 0.5223
vn -0.9236 0.0244 0.3826
vn -0.0765 -0.2286 0.9705
vn -0.2272 -0.2284 0.9467
vn -0.2297 -0.1748 0.9574
vn -0.0774 -0.1749 0.9815
vn 0.9236 0.0244 0.3826
vn 0.8524 0.0244 0.5224
vn 0.8526 -0.0001 0.5226
vn 0.9238 -0.0001 0.3828
vn -0.9721 0.0244 0.2334
vn -0.9966 0.0244 0.0784
vn -0.9724 -0.0001 0.2335
vn 0.7602 0.0244 0.6493
vn 0.6492 0.0244 0.7602
vn 0.6494 -0.0001 0.7605
vn 0.7604 -0.0001 0.6495
vn 0.0784 0.0244 -0.9966
vn 0.2334 0.0244 -0.9721
vn 0.0784 -0.0001 -0.9969
vn -0.9966 0.0244 -0.0784
vn -0.9721 0.0244 -0.2334
vn -0.9969 -0.0001 -0.0784
vn 0.5223 0.0244 0.8524
vn 0.3826 0.0244 0.9236
vn 0.3826 -0.0001 0.9239
vn 0.5224 -0.0001 0.8527
vn 0.3826 0.0244 -0.9236
vn 0.5223 0.0244 -0.8524
vn -0.9236 0.0244 -0.3826
vn -0.8524 0.0244 -0.5223
vn -0.8527 -0.0001 -0.5224
vn -0.9239 -0.0001 -0.3826
vn 0.2334 0.0244 0.9721
vn 0.0784 0.0244 0.9966
vn 0.0784 -0.0001 0.9969
vn 0.6493 0.0244 -0.7602
vn 0.7602 0.0244 -0.6493
vn 0.6495 -0.0001 -0.7604
vn -0.7602 0.0244 -0.6492
vn -0.6493 0.0244 -0.7602
vn -0.6495 -0.0001 -0.7604
vn -0.7605 -0.0001 -0.6494
vn -0.0784 0.0244 0.9966
vn -0.2334 0.0244 0.9721
vn -0.2335 -0.0001 0.9724
vn 0.8524 0.0244 -0.5223
vn 0.9236 0.0244 -0.3826
vn 0.9239 -0.0001 -0.3826
vn 0.8527 -0.0001 -0.5225
vn -0.5224 0.0244 -0.8524
vn -0.3826 0.0244 -0.9236
vn -0.5226 -0.0001 -0.8526
vn -0.3826 0.0244 0.9236
vn -0.5223 0.0244 0.8524
vn 0.9721 0.0244 -0.2334
vn 0.9966 0.0244 -0.0784
vn 0.9969 -0.0001 -0.0784
vn -0.2334 0.0244 -0.9721
vn -0.0784 0.0244 -0.9966
vn -0.2335 -0.0001 -0.9724
vn -0.6493 0.0244 0.7602
vn -0.7602 0.0244 0.6493
vn -0.7604 -0.0001 0.6495
vn 0.9966 0.0244 0.0784
vn 0.9721 0.0244 0.2334
vn 0.9724 -0.0001 0.2335
vn 0.8306 -0.2389 -0.5030
vn 0.8987 -0.2696 -0.3459
vn 0.8888 -0.4521 -0.0752
vn 0.8522 -0.2019 -0.4827
vn -0.5082 -0.2321 -0.8294
vn -0.3723 -0.2325 -0.8985
vn -0.3768 -0.1766 -0.9093
vn -0.5142 -0.1764 -0.8394
vn -0.3769 -0.2336 0.8963
vn -0.5247 -0.2649 0.8091
vn -0.6764 -0.4531 0.5807
vn -0.4063 -0.2000 0.8916
vn 0.9275 -0.3125 -0.2050
vn 0.9455 -0.3125 -0.0914
vn 0.6451 -0.7248 -0.2418
vn 0.6895 -0.7235 0.0322
vn -0.2218 -0.2381 -0.9456
vn -0.0514 -0.2692 -0.9617
vn 0.2025 -0.4519 -0.8688
vn -0.1958 -0.2016 -0.9597
vn -0.6307 -0.3085 0.7121
vn -0.7120 -0.3085 0.6307
vn -0.3778 -0.7252 0.5756
vn -0.5755 -0.7253 0.3778
vn 0.9618 -0.2690 0.0511
vn 0.9457 -0.2374 0.2218
vn 0.9598 -0.2016 0.1954
vn 0.8671 -0.4541 -0.2050
vn -0.8090 -0.2651 0.5247
vn -0.8962 -0.2340 0.3769
vn -0.8916 -0.2001 0.4062
vn -0.5807 -0.4530 0.6764
vn 0.8987 -0.2317 0.3724
vn 0.8295 -0.2313 0.5083
vn 0.8394 -0.1760 0.5142
vn 0.9094 -0.1762 0.3768
vn -0.9466 -0.2289 0.2272
vn -0.9704 -0.2292 0.0765
vn -0.9815 -0.1752 0.0774
vn -0.9574 -0.1750 0.2297
vn 0.7355 -0.2361 0.6351
vn 0.6069 -0.2669 0.7486
vn 0.3432 -0.4535 0.8226
vn 0.7223 -0.2010 0.6618
vn 0.0914 -0.3124 -0.9456
vn 0.2052 -0.3125 -0.9275
vn -0.0299 -0.7223 -0.6909
vn 0.2420 -0.7225 -0.6477
vn -0.9686 -0.2349 -0.0814
vn -0.9311 -0.2666 -0.2488
vn -0.7609 -0.4539 -0.4637
vn -0.9734 -0.2006 -0.1108
vn 0.4820 -0.3101 0.8195
vn 0.3796 -0.3098 0.8717
vn 0.4305 -0.7256 0.5368
vn 0.1814 -0.7254 0.6640
vn 0.3459 -0.2698 -0.8986
vn 0.5030 -0.2391 -0.8306
vn 0.4827 -0.2020 -0.8522
vn 0.0759 -0.4518 -0.8889
vn -0.8715 -0.3106 -0.3795
vn -0.8193 -0.3109 -0.4818
vn -0.6639 -0.7256 -0.1813
vn -0.5367 -0.7257 -0.4305
vn 0.2489 -0.2659 0.9313
vn 0.0814 -0.2342 0.9688
vn 0.1108 -0.2003 0.9735
vn 0.4637 -0.4536 0.7611
vn 0.6315 -0.2338 -0.7393
vn 0.7393 -0.2338 -0.6315
vn 0.7483 -0.1771 -0.6393
vn 0.6393 -0.1771 -0.7483
vn -0.7484 -0.2678 -0.6067
vn -0.6349 -0.2370 -0.7353
vn -0.6617 -0.2014 -0.7222
vn -0.8224 -0.4537 -0.3431
vn 0.0537 0.7306 -0.6807
vn 0.1593 0.7306 -0.6640
vn 0.2332 0.0218 -0.9722
vn 0.0786 0.0218 -0.9967
vn 0.2614 0.7306 -0.6308
vn 0.3567 0.7306 -0.5823
vn 0.5222 0.0218 -0.8525
vn 0.3827 0.0218 -0.9236
vn 0.4436 0.7306 -0.5192
vn 0.5192 0.7306 -0.4435
vn 0.7601 0.0218 -0.6494
vn 0.6494 0.0218 -0.7601
vn 0.5823 0.7306 -0.3567
vn 0.6308 0.7306 -0.2614
vn 0.9236 0.0218 -0.3827
vn 0.8525 0.0218 -0.5222
vn 0.6640 0.7306 -0.1593
vn 0.6807 0.7306 -0.0537
vn 0.9967 0.0218 -0.0786
vn 0.9722 0.0218 -0.2332
vn 0.6807 0.7306 0.0537
vn 0.6640 0.7306 0.1593
vn 0.9722 0.0218 0.2332
vn 0.9967 0.0218 0.0786
vn 0.6308 0.7306 0.2614
vn 0.5823 0.7306 0.3567
vn 0.8525 0.0218 0.5222
vn 0.9236 0.0218 0.3827
vn 0.5192 0.7306 0.4435
vn 0.4436 0.7306 0.5191
vn 0.6494 0.0218 0.7601
vn 0.7601 0.0218 0.6494
vn 0.3567 0.7306 0.5823
vn 0.2614 0.7306 0.6308
vn 0.3827 0.0218 0.9236
vn 0.5222 0.0218 0.8525
vn 0.1593 0.7306 0.6640
vn 0.0537 0.7306 0.6807
vn 0.0786 0.0218 0.9967
vn 0.2332 0.0218 0.9722
vn -0.0537 0.7306 0.6807
vn -0.1593 0.7306 0.6640
vn -0.2332 0.0218 0.9722
vn -0.0786 0.0218 0.9967
vn -0.2614 0.7306 0.6308
vn -0.3567 0.7306 0.5823
vn -0.5222 0.0218 0.8525
vn -0.3827 0.0218 0.9236
vn -0.4436 0.7306 0.5192
vn -0.5192 0.7306 0.4435
vn -0.7601 0.0218 0.6494
vn -0.6494 0.0218 0.7601
vn -0.5823 0.7306 0.3567
vn -0.6308 0.7306 0.2614
vn -0.9236 0.0218 0.3827
vn -0.8525 0.0218 0.5222
vn -0.6640 0.7306 0.1593
vn -0.6807 0.7306 0.0537
vn -0.9967 0.0218 0.0786
vn -0.9722 0.0218 0.2332
vn -0.6807 0.7306 -0.0537
vn -0.6640 0.7306 -0.1593
vn -0.9722 0.0218 -0.2332
vn -0.9967 0.0218 -0.0786
vn -0.6308 0.7306 -0.2614
vn -0.5823 0.7306 -0.3567
vn -0.8525 0.0218 -0.5222
vn -0.9236 0.0218 -0.3827
vn -0.5192 0.7306 -0.4435
vn -0.4436 0.7306 -0.5192
vn -0.6494 0.0218 -0.7601
vn -0.7601 0.0218 -0.6494
vn -0.3567 0.7306 -0.5823
vn -0.2614 0.7306 -0.6308
vn -0.3827 0.0218 -0.9236
vn -0.5222 0.0218 -0.8525
vn -0.1593 0.7306 -0.6640
vn -0.0537 0.7306 -0.6807
vn -0.0786 0.0218 -0.9967
vn -0.2332 0.0218 -0.9722
vn -0.9838 -0.1613 0.0776
vn -0.9597 -0.1613 0.2302
vn -0.9724 -0.0063 0.2333
vn -0.9969 -0.0063 0.0786
vn 0.8416 -0.1613 0.5155
vn 0.9117 -0.1613 0.3778
vn 0.9238 -0.0063 0.3828
vn 0.8527 -0.0063 0.5223
vn -0.9117 -0.1613 0.3778
vn -0.8416 -0.1613 0.5155
vn -0.8527 -0.0063 0.5223
vn -0.9238 -0.0063 0.3828
vn 0.9597 -0.1613 0.2302
vn 0.9838 -0.1613 0.0776
vn 0.9969 -0.0063 0.0786
vn 0.9724 -0.0063 0.2333
vn -0.7503 -0.1613 0.6411
vn -0.6411 -0.1613 0.7503
vn -0.6496 -0.0063 0.7603
vn -0.7603 -0.0063 0.6496
vn -0.0776 -0.1613 -0.9838
vn -0.2302 -0.1613 -0.9597
vn -0.2333 -0.0063 -0.9724
vn -0.0786 -0.0063 -0.9969
vn 0.9838 -0.1613 -0.0776
vn 0.9597 -0.1613 -0.2302
vn 0.9724 -0.0063 -0.2333
vn 0.9969 -0.0063 -0.0786
vn -0.5155 -0.1613 0.8416
vn -0.3778 -0.1613 0.9117
vn -0.3828 -0.0063 0.9238
vn -0.5223 -0.0063 0.8527
vn -0.3778 -0.1613 -0.9117
vn -0.5155 -0.1613 -0.8416
vn -0.5223 -0.0063 -0.8527
vn -0.3828 -0.0063 -0.9238
vn 0.9117 -0.1613 -0.3778
vn 0.8416 -0.1613 -0.5155
vn 0.8527 -0.0063 -0.5223
vn 0.9238 -0.0063 -0.3828
vn -0.2302 -0.1613 0.9597
vn -0.0776 -0.1613 0.9838
vn -0.0786 -0.0063 0.9969
vn -0.2333 -0.0063 0.9724
vn -0.6411 -0.1613 -0.7503
vn -0.7503 -0.1613 -0.6411
vn -0.7603 -0.0063 -0.6496
vn -0.6496 -0.0063 -0.7603
vn 0.7503 -0.1613 -0.6411
vn 0.6411 -0.1613 -0.7503
vn 0.6496 -0.0063 -0.7603
vn 0.7603 -0.0063 -0.6496
vn 0.0776 -0.1613 0.9838
vn 0.2302 -0.1613 0.9597
vn 0.2333 -0.0063 0.9724
vn 0.0786 -0.0063 0.9969
vn -0.8416 -0.1613 -0.5155
vn -0.9117 -0.1613 -0.3778
vn -0.9238 -0.0063 -0.3828
vn -0.8527 -0.0063 -0.5223
vn 0.5155 -0.1613 -0.8416
vn 0.3778 -0.1613 -0.9117
vn 0.3828 -0.0063 -0.9238
vn 0.5223 -0.0063 -0.8527
vn 0.3778 -0.1613 0.9117
vn 0.5155 -0.1613 0.8416
vn 0.5223 -0.0063 0.8527
vn 0.3828 -0.0063 0.9238
vn -0.9597 -0.1613 -0.2302
vn -0.9838 -0.1613 -0.0776
vn -0.9969 -0.0063 -0.0786
vn -0.9724 -0.0063 -0.2333
vn 0.2302 -0.1613 -0.9597
vn 0.0776 -0.1613 -0.9838
vn 0.0786 -0.0063 -0.9969
vn 0.2333 -0.0063 -0.9724
vn 0.6411 -0.1613 0.7503
vn 0.7503 -0.1613 0.6411
vn 0.7603 -0.0063 0.6496
vn 0.6496 -0.0063 0.7603
vn 0.0065 0.9966 -0.0821
vn 0.0192 0.9966 -0.0801
vn 0.2265 0.2398 -0.9440
vn 0.0763 0.2398 -0.9678
vn 0.0315 0.9966 -0.0761
vn 0.0430 0.9966 -0.0702
vn 0.5071 0.2398 -0.8278
vn 0.3717 0.2398 -0.8968
vn 0.0535 0.9966 -0.0626
vn 0.0626 0.9966 -0.0535
vn 0.7381 0.2398 -0.6306
vn 0.6306 0.2398 -0.7381
vn 0.0702 0.9966 -0.0430
vn 0.0761 0.9966 -0.0315
vn 0.8969 0.2398 -0.3717
vn 0.8278 0.2398 -0.5071
vn 0.0801 0.9966 -0.0192
vn 0.0821 0.9966 -0.0065
vn 0.9678 0.2399 -0.0763
vn 0.9440 0.2398 -0.2265
vn 0.0821 0.9966 0.0065
vn 0.0801 0.9966 0.0192
vn 0.9440 0.2398 0.2265
vn 0.9678 0.2399 0.0763
vn 0.0761 0.9966 0.0315
vn 0.0702 0.9966 0.0430
vn 0.8278 0.2398 0.5071
vn 0.8969 0.2398 0.3717
vn 0.0626 0.9966 0.0535
vn 0.0535 0.9966 0.0626
vn 0.6306 0.2398 0.7381
vn 0.7381 0.2398 0.6306
vn 0.0430 0.9966 0.0702
vn 0.0315 0.9966 0.0761
vn 0.3717 0.2398 0.8968
vn 0.5071 0.2398 0.8278
vn 0.0192 0.9966 0.0801
vn 0.0065 0.9966 0.0821
vn 0.0763 0.2398 0.9678
vn 0.2265 0.2398 0.9440
vn -0.0065 0.9966 0.0821
vn -0.0192 0.9966 0.0801
vn -0.2265 0.2398 0.9440
vn -0.0763 0.2398 0.9678
vn -0.0315 0.9966 0.0761
vn -0.0430 0.9966 0.0702
vn -0.5071 0.2398 0.8278
vn -0.3717 0.2398 0.8968
vn -0.0535 0.9966 0.0626
vn -0.0626 0.9966 0.0535
vn -0.7381 0.2398 0.6306
vn -0.6306 0.2398 0.7381
vn -0.0702 0.9966 0.0430
vn -0.0761 0.9966 0.0315
vn -0.8969 0.2398 0.3717
vn -0.8278 0.2398 0.5071
vn -0.0801 0.9966 0.0192
vn -0.0821 0.9966 0.0065
vn -0.9678 0.2398 0.0763
vn -0.9440 0.2398 0.2265
vn -0.0821 0.9966 -0.0065
vn -0.0801 0.9966 -0.0192
vn -0.9440 0.2398 -0.2265
vn -0.9678 0.2399 -0.0763
vn -0.0761 0.9966 -0.0315
vn -0.0702 0.9966 -0.0430
vn -0.8278 0.2398 -0.5071
vn -0.8969 0.2398 -0.3717
vn -0.0626 0.9966 -0.0535
vn -0.0535 0.9966 -0.0626
vn -0.6306 0.2398 -0.7381
vn -0.7381 0.2398 -0.6306
vn -0.0430 0.9966 -0.0702
vn -0.0315 0.9966 -0.0761
vn -0.3717 0.2398 -0.8968
vn -0.5071 0.2398 -0.8278
vn -0.0192 0.9966 -0.0801
vn -0.0065 0.9966 -0.0821
vn -0.0763 0.2398 -0.9678
vn -0.2265 0.2398 -0.9440
vn 0.0168 0.9974 -0.0701
vn 0.0057 0.9974 -0.0719
vn 0.0757 0.2717 -0.9594
vn 0.2245 0.2717 -0.9358
vn 0.0377 0.9974 -0.0615
vn 0.0276 0.9974 -0.0666
vn 0.3684 0.2717 -0.8891
vn 0.5027 0.2717 -0.8206
vn 0.0548 0.9974 -0.0468
vn 0.0469 0.9974 -0.0548
vn 0.6251 0.2717 -0.7317
vn 0.7317 0.2717 -0.6251
vn 0.0666 0.9974 -0.0276
vn 0.0615 0.9974 -0.0377
vn 0.8206 0.2717 -0.5027
vn 0.8890 0.2718 -0.3685
vn 0.0719 0.9974 -0.0057
vn 0.0701 0.9974 -0.0168
vn 0.9358 0.2717 -0.2245
vn 0.9594 0.2717 -0.0757
vn 0.0701 0.9974 0.0168
vn 0.0719 0.9974 0.0057
vn 0.9594 0.2717 0.0757
vn 0.9358 0.2717 0.2245
vn 0.0615 0.9974 0.0377
vn 0.0666 0.9974 0.0276
vn 0.8890 0.2717 0.3684
vn 0.8206 0.2717 0.5027
vn 0.0468 0.9974 0.0548
vn 0.0548 0.9974 0.0468
vn 0.7317 0.2717 0.6251
vn 0.6251 0.2717 0.7317
vn 0.0276 0.9974 0.0666
vn 0.0377 0.9974 0.0615
vn 0.5027 0.2717 0.8206
vn 0.3684 0.2717 0.8891
vn 0.0057 0.9974 0.0719
vn 0.0168 0.9974 0.0701
vn 0.2245 0.2717 0.9358
vn 0.0757 0.2717 0.9594
vn -0.0168 0.9974 0.0701
vn -0.0057 0.9974 0.0719
vn -0.0757 0.2717 0.9594
vn -0.2245 0.2717 0.9358
vn -0.0377 0.9974 0.0615
vn -0.0276 0.9974 0.0666
vn -0.3684 0.2717 0.8891
vn -0.5027 0.2717 0.8206
vn -0.0548 0.9974 0.0468
vn -0.0469 0.9974 0.0548
vn -0.6251 0.2717 0.7317
vn -0.7317 0.2717 0.6251
vn -0.0666 0.9974 0.0276
vn -0.0615 0.9974 0.0377
vn -0.8206 0.2717 0.5027
vn -0.8890 0.2718 0.3685
vn -0.0719 0.9974 0.0057
vn -0.0701 0.9974 0.0168
vn -0.9358 0.2717 0.2245
vn -0.9594 0.2717 0.0757
vn -0.0701 0.9974 -0.0168
vn -0.0719 0.9974 -0.0057
vn -0.9594 0.2717 -0.0757
vn -0.9358 0.2717 -0.2245
vn -0.0615 0.9974 -0.0377
vn -0.0666 0.9974 -0.0276
vn -0.8890 0.2717 -0.3684
vn -0.8206 0.2717 -0.5027
vn -0.0468 0.9974 -0.0548
vn -0.0548 0.9974 -0.0468
vn -0.7317 0.2717 -0.6251
vn -0.6251 0.2717 -0.7317
vn -0.0276 0.9974 -0.0666
vn -0.0377 0.9974 -0.0615
vn -0.5027 0.2717 -0.8206
vn -0.3684 0.2717 -0.8891
vn -0.0057 0.9974 -0.0719
vn -0.0168 0.9974 -0.0701
vn -0.2245 0.2717 -0.9358
vn -0.0757 0.2717 -0.9594
vn 0.0342 -0.9001 -0.4343
vn 0.1016 -0.9001 -0.4237
vn 0.1991 -0.5215 -0.8297
vn 0.0670 -0.5215 -0.8506
vn 0.1668 -0.9001 -0.4025
vn 0.2276 -0.9001 -0.3715
vn 0.4458 -0.5215 -0.7276
vn 0.3266 -0.5215 -0.7883
vn 0.2830 -0.9001 -0.3312
vn 0.3313 -0.9001 -0.2830
vn 0.6488 -0.5215 -0.5542
vn 0.5542 -0.5215 -0.6488
vn 0.3715 -0.9001 -0.2276
vn 0.4025 -0.9001 -0.1668
vn 0.7883 -0.5215 -0.3266
vn 0.7276 -0.5215 -0.4458
vn 0.4236 -0.9001 -0.1016
vn 0.4343 -0.9001 -0.0343
vn 0.8506 -0.5215 -0.0670
vn 0.8297 -0.5215 -0.1991
vn 0.4343 -0.9001 0.0343
vn 0.4237 -0.9001 0.1016
vn 0.8297 -0.5215 0.1991
vn 0.8506 -0.5215 0.0670
vn 0.4025 -0.9001 0.1668
vn 0.3715 -0.9001 0.2276
vn 0.7276 -0.5215 0.4458
vn 0.7883 -0.5215 0.3266
vn 0.3313 -0.9001 0.2830
vn 0.2830 -0.9001 0.3312
vn 0.5542 -0.5215 0.6488
vn 0.6488 -0.5215 0.5542
vn 0.2276 -0.9001 0.3715
vn 0.1668 -0.9001 0.4025
vn 0.3266 -0.5215 0.7883
vn 0.4458 -0.5215 0.7276
vn 0.1016 -0.9001 0.4237
vn 0.0343 -0.9001 0.4343
vn 0.0670 -0.5215 0.8506
vn 0.1991 -0.5215 0.8297
vn -0.0343 -0.9001 0.4343
vn -0.1016 -0.9001 0.4237
vn -0.1991 -0.5215 0.8297
vn -0.0670 -0.5215 0.8506
vn -0.1668 -0.9001 0.4025
vn -0.2276 -0.9001 0.3715
vn -0.4458 -0.5215 0.7276
vn -0.3266 -0.5215 0.7883
vn -0.2830 -0.9001 0.3312
vn -0.3313 -0.9001 0.2830
vn -0.6488 -0.5215 0.5542
vn -0.5542 -0.5215 0.6488
vn -0.3715 -0.9001 0.2276
vn -0.4025 -0.9001 0.1668
vn -0.7883 -0.5215 0.3266
vn -0.7276 -0.5215 0.4458
vn -0.4237 -0.9001 0.1016
vn -0.4343 -0.9001 0.0343
vn -0.8506 -0.5215 0.0670
vn -0.8297 -0.5215 0.1991
vn -0.4343 -0.9001 -0.0343
vn -0.4237 -0.9001 -0.1016
vn -0.8297 -0.5215 -0.1991
vn -0.8506 -0.5215 -0.0670
vn -0.4025 -0.9001 -0.1668
vn -0.3715 -0.9001 -0.2276
vn -0.7276 -0.5215 -0.4458
vn -0.7883 -0.5215 -0.3266
vn -0.3313 -0.9001 -0.2830
vn -0.2830 -0.9001 -0.3312
vn -0.5542 -0.5215 -0.6488
vn -0.6488 -0.5215 -0.5542
vn -0.2276 -0.9001 -0.3715
vn -0.1668 -0.9001 -0.4025
vn -0.3266 -0.5215 -0.7883
vn -0.4458 -0.5215 -0.7276
vn -0.1016 -0.9001 -0.4236
vn -0.0343 -0.9001 -0.4343
vn -0.0670 -0.5215 -0.8506
vn -0.1991 -0.5215 -0.8297
vn 0.0200 -0.9963 -0.0832
vn 0.0067 -0.9963 -0.0853
vn 0.0765 -0.2312 -0.9699
vn 0.2270 -0.2312 -0.9461
vn 0.0447 -0.9963 -0.0730
vn 0.0328 -0.9963 -0.0791
vn 0.3725 -0.2312 -0.8988
vn 0.5082 -0.2312 -0.8296
vn 0.0651 -0.9963 -0.0556
vn 0.0556 -0.9963 -0.0651
vn 0.6320 -0.2312 -0.7397
vn 0.7397 -0.2312 -0.6320
vn 0.0791 -0.9963 -0.0328
vn 0.0730 -0.9963 -0.0447
vn 0.8296 -0.2312 -0.5082
vn 0.8988 -0.2312 -0.3725
vn 0.0853 -0.9963 -0.0067
vn 0.0832 -0.9963 -0.0200
vn 0.9461 -0.2312 -0.2270
vn 0.9699 -0.2312 -0.0765
vn 0.0832 -0.9963 0.0200
vn 0.0853 -0.9963 0.0067
vn 0.9699 -0.2312 0.0765
vn 0.9461 -0.2312 0.2270
vn 0.0730 -0.9963 0.0447
vn 0.0791 -0.9963 0.0328
vn 0.8988 -0.2312 0.3725
vn 0.8296 -0.2312 0.5082
vn 0.0556 -0.9963 0.0651
vn 0.0651 -0.9963 0.0556
vn 0.7397 -0.2312 0.6320
vn 0.6320 -0.2312 0.7397
vn 0.0328 -0.9963 0.0791
vn 0.0447 -0.9963 0.0730
vn 0.5082 -0.2312 0.8296
vn 0.3725 -0.2312 0.8988
vn 0.0067 -0.9963 0.0853
vn 0.0199 -0.9963 0.0832
vn 0.2270 -0.2312 0.9461
vn 0.0765 -0.2312 0.9699
vn -0.0200 -0.9963 0.0832
vn -0.0067 -0.9963 0.0853
vn -0.0765 -0.2312 0.9699
vn -0.2270 -0.2312 0.9461
vn -0.0447 -0.9963 0.0730
vn -0.0328 -0.9963 0.0791
vn -0.3725 -0.2312 0.8988
vn -0.5082 -0.2312 0.8296
vn -0.0651 -0.9963 0.0556
vn -0.0556 -0.9963 0.0651
vn -0.6320 -0.2312 0.7397
vn -0.7397 -0.2312 0.6320
vn -0.0791 -0.9963 0.0328
vn -0.0730 -0.9963 0.0447
vn -0.8296 -0.2312 0.5082
vn -0.8988 -0.2312 0.3725
vn -0.0853 -0.9963 0.0067
vn -0.0832 -0.9963 0.0200
vn -0.9461 -0.2312 0.2270
vn -0.9699 -0.2312 0.0765
vn -0.0832 -0.9963 -0.0200
vn -0.0853 -0.9963 -0.0067
vn -0.9699 -0.2312 -0.0765
vn -0.9461 -0.2312 -0.2270
vn -0.0730 -0.9963 -0.0447
vn -0.0791 -0.9963 -0.0328
vn -0.8988 -0.2312 -0.3725
vn -0.8296 -0.2312 -0.5082
vn -0.0556 -0.9963 -0.0651
vn -0.0651 -0.9963 -0.0556
vn -0.7397 -0.2312 -0.6320
vn -0.6320 -0.2312 -0.7397
vn -0.0328 -0.9963 -0.0791
vn -0.0447 -0.9963 -0.0730
vn -0.5082 -0.2312 -0.8296
vn -0.3725 -0.2312 -0.8988
vn -0.0067 -0.9963 -0.0853
vn -0.0200 -0.9963 -0.0832
vn -0.2270 -0.2312 -0.9461
vn -0.0765 -0.2311 -0.9699
vn 0.9717 -0.0986 0.2146
vn 0.6591 -0.1061 0.7445
vn 0.5237 -0.5624 0.6399
vn 0.9539 -0.2328 0.1897
vn 0.8556 -0.2734 -0.4396
vn 0.9086 -0.3360 0.2482
vn 0.7910 -0.5061 0.3437
vn 0.6670 -0.6744 -0.3166
vn -0.5038 -0.2641 -0.8225
vn -0.3693 -0.2639 -0.8911
vn -0.2818 -0.6768 -0.6801
vn -0.3845 -0.6769 -0.6276
vn -0.0890 -0.7341 -0.6732
vn 0.1222 -0.7329 0.6692
vn 0.2268 -0.8852 0.4061
vn 0.0908 -0.8865 -0.4537
vn -0.8478 -0.1078 -0.5193
vn -0.9184 -0.1078 -0.3806
vn -0.7360 -0.6044 -0.3050
vn -0.6793 -0.6044 -0.4161
vn 0.1729 -0.0969 -0.9802
vn -0.0177 -0.1016 -0.9947
vn 0.0310 -0.5991 -0.8001
vn 0.1680 -0.5951 -0.7859
vn 0.6266 -0.2635 -0.7334
vn 0.7334 -0.2635 -0.6266
vn 0.5599 -0.6765 -0.4784
vn 0.4784 -0.6765 -0.5599
vn 0.6152 -0.7316 -0.2938
vn -0.5995 -0.7320 0.3237
vn -0.3162 -0.8857 0.3399
vn 0.4612 -0.8856 -0.0556
vn 0.6130 -0.1485 0.7760
vn 0.4552 -0.2502 0.8545
vn 0.4331 -0.2163 0.8750
vn 0.5730 -0.1537 0.8050
vn 0.4697 -0.7321 0.4934
vn -0.4922 -0.7332 -0.4691
vn -0.4212 -0.8857 -0.1955
vn 0.1955 -0.8857 0.4211
vn -0.7823 -0.1138 -0.6124
vn -0.2181 -0.1020 -0.9706
vn -0.1914 -0.2373 -0.9524
vn -0.6492 -0.5712 -0.5024
vn -0.9409 -0.3363 -0.0397
vn -0.6783 -0.2741 -0.6818
vn -0.5366 -0.6749 -0.5065
vn -0.8590 -0.5046 0.0864
vn 0.3023 -0.1142 -0.9463
vn 0.8553 -0.1018 -0.5081
vn 0.8463 -0.2373 -0.4769
vn 0.2634 -0.5724 -0.7765
vn -0.3237 -0.7320 0.5995
vn 0.2938 -0.7316 -0.6152
vn 0.0555 -0.8855 -0.4612
vn -0.3399 -0.8857 0.3162
vn -0.2474 -0.3363 -0.9087
vn 0.4396 -0.2733 -0.8556
vn 0.3167 -0.6743 -0.6671
vn -0.3437 -0.5059 -0.7912
vn -0.8546 -0.2499 -0.4552
vn -0.7755 -0.1484 -0.6137
vn -0.8047 -0.1530 -0.5737
vn -0.8751 -0.2159 -0.4331
vn -0.6650 -0.7369 -0.1216
vn 0.6707 -0.7363 0.0897
vn 0.4541 -0.8863 -0.0914
vn -0.4034 -0.8864 -0.2273
vn -0.9501 -0.2746 -0.1480
vn -0.5855 -0.3356 -0.7380
vn -0.4356 -0.5035 -0.7462
vn -0.7248 -0.6753 -0.1364
vn 0.0945 -0.0996 0.9905
vn -0.5090 -0.1069 0.8541
vn -0.4480 -0.5630 0.6945
vn 0.1131 -0.2347 0.9655
vn 0.4165 -0.1062 0.9029
vn 0.5238 -0.1076 0.8450
vn 0.4177 -0.6043 0.6785
vn 0.3172 -0.6031 0.7318
vn -0.2263 -0.9685 0.1043
vn -0.7228 -0.6589 -0.2086
vn -0.4852 -0.7773 -0.4006
vn 0.0390 -0.9761 -0.2138
vn -0.1595 -0.9777 0.1369
vn -0.1369 -0.9777 0.1595
vn 0.1316 -0.9793 -0.1540
vn 0.1540 -0.9793 -0.1316
vn 0.2085 -0.6591 0.7225
vn -0.1043 -0.9685 0.2263
vn 0.2138 -0.9761 -0.0390
vn 0.4005 -0.7774 0.4850
vn -0.1691 -0.9687 -0.1817
vn -0.0247 -0.6586 -0.7521
vn 0.2310 -0.7757 -0.5873
vn 0.2154 -0.9761 -0.0293
vn -0.1791 -0.9777 -0.1097
vn -0.1940 -0.9777 -0.0804
vn 0.1870 -0.9793 0.0775
vn 0.1726 -0.9793 0.1057
vn -0.6228 -0.6592 0.4215
vn -0.2463 -0.9687 -0.0300
vn 0.1028 -0.9761 0.1914
vn -0.3392 -0.7764 0.5312
vn -0.5927 -0.6593 -0.4626
vn -0.0465 -0.9686 -0.2442
vn -0.1503 -0.9761 0.1569
vn -0.6103 -0.7762 -0.1584
vn 0.2436 -0.9687 0.0476
vn 0.4621 -0.6589 0.5936
vn 0.1584 -0.7763 0.6102
vn -0.1568 -0.9761 0.1502
vn 0.2094 -0.9777 -0.0165
vn 0.2042 -0.9777 -0.0490
vn -0.1968 -0.9793 0.0472
vn -0.2017 -0.9793 0.0159
vn 0.2559 -0.6585 -0.7077
vn 0.2169 -0.9687 -0.1205
vn -0.1957 -0.9761 -0.0944
vn -0.0382 -0.7758 -0.6298
vn 0.0300 -0.9687 0.2463
vn -0.4215 -0.6592 0.6228
vn -0.5312 -0.7764 0.3392
vn -0.1914 -0.9761 -0.1028
vn 0.0810 -0.9777 0.1940
vn 0.1098 -0.9777 0.1791
vn -0.1058 -0.9793 -0.1727
vn -0.0776 -0.9793 -0.1871
vn 0.1198 -0.9688 -0.2171
vn 0.7076 -0.6587 -0.2559
vn 0.6297 -0.7759 0.0381
vn 0.0945 -0.9761 0.1957
vn 0.0484 -0.9775 -0.2054
vn 0.0152 -0.9776 -0.2100
vn -0.0158 -0.9793 0.2018
vn -0.0472 -0.9793 0.1969
vn 0.7527 -0.6579 0.0248
vn 0.1832 -0.9684 0.1691
vn 0.0290 -0.9761 -0.2154
vn 0.5857 -0.7768 -0.2313
vn 0.7380 -0.3359 0.5853
vn 0.1480 -0.2748 0.9500
vn 0.1364 -0.6755 0.7246
vn 0.7460 -0.5038 0.4354
vn -0.9137 -0.1021 0.3933
vn -0.9549 -0.1140 -0.2743
vn -0.7879 -0.5712 -0.2301
vn -0.8832 -0.2378 0.4043
vn -0.0758 -0.2652 0.9612
vn -0.2249 -0.2652 0.9376
vn -0.1715 -0.6780 0.7148
vn -0.0578 -0.6779 0.7329
vn 0.1682 -0.2490 -0.9538
vn 0.3423 -0.1477 -0.9279
vn 0.2956 -0.1528 -0.9430
vn 0.1409 -0.2148 -0.9664
vn 0.7854 -0.3356 -0.5202
vn 0.9495 -0.2738 0.1530
vn 0.7321 -0.6746 0.0944
vn 0.6452 -0.5030 -0.5750
vn -0.9519 -0.1501 -0.2673
vn -0.8690 -0.2524 -0.4256
vn -0.8636 -0.2183 -0.4544
vn -0.9366 -0.1545 -0.3145
vn -0.1537 -0.2736 -0.9495
vn 0.5162 -0.3359 -0.7878
vn 0.5716 -0.5053 -0.6465
vn -0.0950 -0.6745 -0.7321
vn -0.6467 -0.1023 -0.7558
vn 0.0152 -0.1064 -0.9942
vn -0.0065 -0.5652 -0.8249
vn -0.6525 -0.2368 -0.7199
vn -0.5481 -0.1489 0.8230
vn -0.6717 -0.2507 0.6971
vn -0.6981 -0.2169 0.6824
vn -0.5882 -0.1542 0.7939
vn 0.8910 -0.2642 0.3692
vn 0.8224 -0.2643 0.5038
vn 0.6275 -0.6772 0.3844
vn 0.6799 -0.6771 0.2817
vn 0.6817 -0.2743 0.6782
vn 0.0396 -0.3366 0.9408
vn -0.0865 -0.5048 0.8589
vn 0.5064 -0.6751 0.5365
vn 0.4251 -0.2512 0.8696
vn 0.2673 -0.1487 0.9521
vn 0.3145 -0.1547 0.9366
vn 0.4543 -0.2185 0.8636
vn 0.9929 -0.1140 0.0345
vn 0.7471 -0.1019 0.6568
vn 0.7148 -0.2375 0.6577
vn 0.8204 -0.5712 0.0248
vn -0.0389 -0.1491 -0.9880
vn 0.1354 -0.2504 -0.9586
vn 0.1647 -0.2151 -0.9626
vn 0.0102 -0.1531 -0.9882
vn 0.9911 -0.1078 -0.0782
vn 0.9667 -0.1078 -0.2319
vn 0.7747 -0.6044 -0.1858
vn 0.7942 -0.6044 -0.0626
vn 0.9583 -0.2511 -0.1362
vn 0.9881 -0.1486 0.0396
vn 0.9882 -0.1528 -0.0099
vn 0.9621 -0.2166 -0.1654
vn -0.4343 -0.2751 0.8577
vn -0.8825 -0.3366 0.3284
vn -0.8436 -0.5047 0.1832
vn -0.3535 -0.6758 0.6468
vn 0.5070 -0.1017 -0.8559
vn 0.9336 -0.1140 -0.3397
vn 0.7726 -0.5712 -0.2772
vn 0.4762 -0.2371 -0.8468
vn -0.8549 -0.1066 0.5078
vn -0.9905 -0.0999 -0.0943
vn -0.9655 -0.2344 -0.1133
vn -0.6947 -0.5629 0.4478
vn -0.3284 -0.3367 0.8825
vn -0.8578 -0.2750 0.4343
vn -0.6469 -0.6757 0.3535
vn -0.1831 -0.5049 0.8435
vn -0.6971 -0.2507 0.6717
vn -0.8230 -0.1489 0.5482
vn -0.7938 -0.1542 0.5882
vn -0.6824 -0.2169 0.6981
vn 0.2743 -0.1140 0.9549
vn -0.3932 -0.1021 0.9137
vn -0.4043 -0.2379 0.8832
vn 0.2301 -0.5712 0.7879
vn -0.7344 -0.1062 0.6704
vn -0.6704 -0.1062 0.7344
vn -0.5263 -0.6031 0.5994
vn -0.5994 -0.6031 0.5263
vn -0.9376 -0.2651 0.2249
vn -0.9613 -0.2650 0.0758
vn -0.7330 -0.6777 0.0578
vn -0.7149 -0.6778 0.1715
vn 0.9279 -0.1478 -0.3424
vn 0.9537 -0.2492 -0.1683
vn 0.9664 -0.2150 -0.1410
vn 0.9430 -0.1529 -0.2957
vn -0.0920 -0.9610 0.2607
vn -0.2372 -0.9663 0.1002
vn -0.9353 -0.3444 0.0814
vn -0.7394 -0.1400 0.6586
vn -0.1485 -0.9494 0.2767
vn -0.2768 -0.9494 0.1485
vn -0.6911 -0.0779 0.7186
vn -0.7186 -0.0779 0.6911
vn -0.1018 -0.9666 0.2352
vn -0.2612 -0.9610 0.0910
vn -0.6606 -0.1402 0.7375
vn -0.0825 -0.3448 0.9350
vn -0.0909 -0.9944 -0.0536
vn -0.0696 -0.9951 0.0703
vn -0.0547 -0.7434 0.6666
vn -0.2588 -0.7322 -0.6300
vn -0.2899 -0.9570 0.0100
vn -0.1778 -0.9651 -0.1925
vn -0.3746 -0.3429 -0.8615
vn -0.8920 -0.1333 -0.4318
vn -0.3088 -0.9492 -0.0609
vn -0.2307 -0.9492 -0.2140
vn -0.9117 -0.0747 -0.4040
vn -0.8627 -0.0747 -0.5001
vn -0.2585 -0.9654 -0.0334
vn -0.1614 -0.9569 -0.2415
vn -0.8721 -0.1335 -0.4707
vn -0.9172 -0.3442 0.2005
vn 0.0176 -0.9945 -0.1029
vn -0.0936 -0.9945 -0.0463
vn -0.6593 -0.7353 0.1571
vn 0.5154 -0.7353 -0.4401
vn -0.0364 -0.9700 -0.2404
vn 0.1813 -0.9612 -0.2081
vn 0.2370 -0.1590 -0.9584
vn -0.4480 -0.3709 -0.8135
vn 0.1034 -0.9945 -0.0149
vn 0.0171 -0.9948 -0.1006
vn -0.3464 -0.7422 -0.5737
vn 0.5780 -0.7356 0.3533
vn 0.2282 -0.9569 -0.1798
vn 0.2561 -0.9655 0.0481
vn 0.8100 -0.3442 0.4747
vn 0.9749 -0.1336 -0.1780
vn 0.2856 -0.9492 -0.1322
vn 0.3124 -0.9492 0.0375
vn 0.9751 -0.0747 -0.2090
vn 0.9919 -0.0747 -0.1025
vn 0.2287 -0.9654 -0.1250
vn 0.2726 -0.9569 0.1005
vn 0.9822 -0.1336 -0.1320
vn 0.6232 -0.3443 -0.7022
vn 0.0463 -0.9945 0.0936
vn 0.1029 -0.9945 -0.0176
vn 0.4401 -0.7353 -0.5154
vn -0.1570 -0.7353 0.6593
vn 0.2416 -0.9569 0.1614
vn 0.0334 -0.9654 0.2585
vn -0.2004 -0.3442 0.9173
vn 0.4708 -0.1335 0.8721
vn 0.2192 -0.9492 0.2259
vn 0.0622 -0.9494 0.3078
vn 0.5051 -0.0750 0.8598
vn 0.4416 -0.0777 0.8938
vn -0.0742 -0.9950 0.0670
vn 0.0499 -0.9950 0.0864
vn 0.6189 -0.7426 0.2561
vn -0.6674 -0.7427 0.0539
vn -0.1073 -0.9570 -0.2695
vn 0.1235 -0.9658 -0.2282
vn 0.7003 -0.3463 -0.6242
vn 0.0870 -0.1392 -0.9864
vn -0.0501 -0.9539 -0.2961
vn 0.1069 -0.9551 -0.2763
vn -0.0008 -0.0871 -0.9962
vn 0.1437 -0.0975 -0.9848
vn 0.1952 -0.9663 0.1676
vn 0.0071 -0.9611 0.2762
vn 0.5030 -0.1403 0.8528
vn 0.8658 -0.3439 0.3636
vn 0.2334 0.0001 -0.9724
vn 0.0785 0.0001 -0.9969
vn 0.2288 -0.1989 -0.9529
vn 0.0769 -0.1989 -0.9770
vn 0.5225 0.0001 -0.8526
vn 0.3827 0.0001 -0.9239
vn 0.5121 -0.1989 -0.8356
vn 0.3750 -0.1989 -0.9054
vn 0.7604 0.0001 -0.6494
vn 0.6494 0.0001 -0.7604
vn 0.7452 -0.1989 -0.6365
vn 0.6365 -0.1989 -0.7452
vn 0.9239 0.0001 -0.3827
vn 0.8526 0.0001 -0.5225
vn 0.9054 -0.1989 -0.3750
vn 0.8356 -0.1989 -0.5121
vn 0.9969 0.0001 -0.0785
vn 0.9724 0.0001 -0.2334
vn 0.9770 -0.1989 -0.0769
vn 0.9529 -0.1989 -0.2288
vn 0.9724 0.0001 0.2334
vn 0.9969 0.0001 0.0785
vn 0.9529 -0.1989 0.2288
vn 0.9770 -0.1989 0.0769
vn 0.8526 0.0001 0.5225
vn 0.9239 0.0001 0.3827
vn 0.8356 -0.1989 0.5121
vn 0.9054 -0.1989 0.3750
vn 0.6494 0.0001 0.7604
vn 0.7604 0.0001 0.6494
vn 0.6365 -0.1989 0.7452
vn 0.7452 -0.1989 0.6365
vn 0.3827 0.0001 0.9239
vn 0.5225 0.0001 0.8526
vn 0.3750 -0.1989 0.9054
vn 0.5121 -0.1989 0.8356
vn 0.0785 0.0001 0.9969
vn 0.2334 0.0001 0.9724
vn 0.0769 -0.1989 0.9770
vn 0.2288 -0.1989 0.9529
vn -0.2334 0.0001 0.9724
vn -0.0785 0.0001 0.9969
vn -0.2288 -0.1989 0.9529
vn -0.0769 -0.1989 0.9770
vn -0.5225 0.0001 0.8526
vn -0.3827 0.0001 0.9239
vn -0.5121 -0.1989 0.8356
vn -0.3750 -0.1989 0.9054
vn -0.7604 0.0001 0.6494
vn -0.6494 0.0001 0.7604
vn -0.7452 -0.1989 0.6365
vn -0.6365 -0.1989 0.7452
vn -0.9239 0.0001 0.3827
vn -0.8526 0.0001 0.5225
vn -0.9054 -0.1989 0.3750
vn -0.8356 -0.1989 0.5121
vn -0.9969 0.0001 0.0785
vn -0.9724 0.0001 0.2334
vn -0.9770 -0.1989 0.0769
vn -0.9529 -0.1989 0.2288
vn -0.9724 0.0001 -0.2334
vn -0.9969 0.0001 -0.0785
vn -0.9529 -0.1989 -0.2288
vn -0.9770 -0.1989 -0.0769
vn -0.8526 0.0001 -0.5225
vn -0.9239 0.0001 -0.3827
vn -0.8356 -0.1989 -0.5121
vn -0.9054 -0.1989 -0.3750
vn -0.6494 0.0001 -0.7604
vn -0.7604 0.0001 -0.6494
vn -0.6365 -0.1989 -0.7452
vn -0.7452 -0.1989 -0.6365
vn -0.3827 0.0001 -0.9239
vn -0.5225 0.0001 -0.8526
vn -0.3750 -0.1989 -0.9054
vn -0.5121 -0.1989 -0.8356
vn -0.0785 0.0001 -0.9969
vn -0.2334 0.0001 -0.9724
vn -0.0769 -0.1989 -0.9770
vn -0.2288 -0.1989 -0.9529
vn -0.0771 -0.1833 0.9800
vn -0.2295 -0.1833 0.9559
vn -0.3762 -0.1833 0.9082
vn -0.5136 -0.1833 0.8382
vn -0.6384 -0.1833 0.7475
vn -0.7475 -0.1833 0.6384
vn -0.8382 -0.1833 0.5136
vn -0.9082 -0.1833 0.3762
vn -0.9559 -0.1833 0.2295
vn -0.9800 -0.1833 0.0771
vn -0.9800 -0.1833 -0.0771
vn -0.9559 -0.1833 -0.2295
vn -0.9082 -0.1833 -0.3762
vn -0.8382 -0.1833 -0.5136
vn -0.7475 -0.1833 -0.6384
vn -0.6384 -0.1833 -0.7475
vn -0.5136 -0.1833 -0.8382
vn -0.3762 -0.1833 -0.9082
vn -0.2295 -0.1833 -0.9559
vn -0.0771 -0.1833 -0.9800
vn 0.0771 -0.1833 -0.9800
vn 0.2295 -0.1833 -0.9559
vn 0.3762 -0.1833 -0.9082
vn 0.5136 -0.1833 -0.8382
vn 0.6384 -0.1833 -0.7475
vn 0.7475 -0.1833 -0.6384
vn 0.8382 -0.1833 -0.5136
vn 0.9082 -0.1833 -0.3762
vn 0.9559 -0.1833 -0.2295
vn 0.9800 -0.1833 -0.0771
vn 0.9800 -0.1833 0.0771
vn 0.9559 -0.1833 0.2295
vn 0.9082 -0.1833 0.3762
vn 0.8382 -0.1833 0.5136
vn 0.7475 -0.1833 0.6384
vn 0.6384 -0.1833 0.7475
vn -0.8522 0.0338 -0.5222
vn -0.9234 0.0338 -0.3825
vn -0.9229 -0.0454 -0.3823
vn -0.8518 -0.0454 -0.5220
vn 0.5136 -0.1833 0.8382
vn 0.3762 -0.1833 0.9082
vn 0.2295 -0.1833 0.9559
vn 0.0771 -0.1833 0.9800
vn 0.7564 -0.1029 -0.6460
vn 0.6460 -0.1029 -0.7564
vn 0.6352 -0.2080 -0.7438
vn 0.7438 -0.2080 -0.6352
vn 0.5222 0.0338 -0.8522
vn 0.3825 0.0338 -0.9234
vn 0.3823 -0.0454 -0.9229
vn 0.5220 -0.0454 -0.8518
vn 0.8522 0.0338 0.5222
vn 0.9234 0.0338 0.3825
vn 0.9229 -0.0454 0.3823
vn 0.8518 -0.0454 0.5220
vn -0.9963 0.0338 0.0784
vn -0.9718 0.0338 0.2333
vn -0.9714 -0.0454 0.2332
vn -0.9959 -0.0454 0.0784
vn -0.0784 0.0338 -0.9963
vn -0.2333 0.0338 -0.9718
vn -0.2332 -0.0454 -0.9714
vn -0.0784 -0.0454 -0.9959
vn 0.9963 0.0338 -0.0784
vn 0.9718 0.0338 -0.2333
vn 0.9714 -0.0454 -0.2332
vn 0.9959 -0.0454 -0.0784
vn 0.0784 0.0338 0.9963
vn 0.2333 0.0338 0.9718
vn 0.2332 -0.0454 0.9714
vn 0.0784 -0.0454 0.9959
vn -0.7600 0.0338 0.6491
vn -0.6491 0.0338 0.7600
vn -0.6488 -0.0454 0.7596
vn -0.7596 -0.0454 0.6488
vn -0.6491 0.0338 -0.7600
vn -0.7600 0.0338 -0.6491
vn -0.7596 -0.0454 -0.6488
vn -0.6488 -0.0454 -0.7596
vn -0.2333 0.0338 0.9718
vn -0.0784 0.0338 0.9963
vn -0.0784 -0.0454 0.9959
vn -0.2332 -0.0454 0.9714
vn 0.7600 0.0338 -0.6491
vn 0.6491 0.0338 -0.7600
vn 0.6488 -0.0454 -0.7596
vn 0.7596 -0.0454 -0.6488
vn 0.6491 0.0338 0.7600
vn 0.7600 0.0338 0.6491
vn 0.7596 -0.0454 0.6488
vn 0.6488 -0.0454 0.7596
vn -0.9718 0.0338 -0.2333
vn -0.9963 0.0338 -0.0784
vn -0.9959 -0.0454 -0.0784
vn -0.9714 -0.0454 -0.2332
vn 0.2333 0.0338 -0.9718
vn 0.0784 0.0338 -0.9963
vn 0.0784 -0.0454 -0.9959
vn 0.2332 -0.0454 -0.9714
vn 0.9718 0.0338 0.2333
vn 0.9963 0.0338 0.0784
vn 0.9959 -0.0454 0.0784
vn 0.9714 -0.0454 0.2332
vn -0.9234 0.0338 0.3825
vn -0.8522 0.0338 0.5222
vn -0.8518 -0.0454 0.5220
vn -0.9229 -0.0454 0.3823
vn -0.3825 0.0338 -0.9234
vn -0.5222 0.0338 -0.8522
vn -0.5220 -0.0454 -0.8518
vn -0.3823 -0.0454 -0.9229
vn 0.9234 0.0338 -0.3825
vn 0.8522 0.0338 -0.5222
vn 0.8518 -0.0454 -0.5220
vn 0.9229 -0.0454 -0.3823
vn 0.3825 0.0338 0.9234
vn 0.5222 0.0338 0.8522
vn 0.5220 -0.0454 0.8518
vn 0.3823 -0.0454 0.9229
vn -0.5222 0.0338 0.8522
vn -0.3825 0.0338 0.9234
vn -0.3823 -0.0454 0.9229
vn -0.5220 -0.0454 0.8518
vn -0.0757 -0.2609 -0.9624
vn -0.2254 -0.2609 -0.9387
vn -0.2244 -0.2756 -0.9347
vn -0.0754 -0.2756 -0.9583
vn -0.9672 -0.1029 -0.2322
vn -0.9916 -0.1029 -0.0780
vn -0.9751 -0.2080 -0.0767
vn -0.9511 -0.2080 -0.2283
vn 0.9190 -0.1029 -0.3807
vn 0.8481 -0.1029 -0.5197
vn 0.8340 -0.2080 -0.5111
vn 0.9037 -0.2080 -0.3743
vn -0.8481 -0.1029 -0.5197
vn -0.9190 -0.1029 -0.3807
vn -0.9037 -0.2080 -0.3743
vn -0.8340 -0.2080 -0.5111
vn 0.9916 -0.1029 -0.0780
vn 0.9672 -0.1029 -0.2322
vn 0.9511 -0.2080 -0.2283
vn 0.9751 -0.2080 -0.0767
vn -0.6460 -0.1029 -0.7564
vn -0.7564 -0.1029 -0.6460
vn -0.7438 -0.2080 -0.6352
vn -0.6352 -0.2080 -0.7438
vn -0.2322 -0.1029 0.9672
vn -0.0780 -0.1029 0.9916
vn -0.0767 -0.2080 0.9751
vn -0.2283 -0.2080 0.9511
vn 0.9672 -0.1029 0.2322
vn 0.9916 -0.1029 0.0780
vn 0.9751 -0.2080 0.0767
vn 0.9511 -0.2080 0.2283
vn -0.3807 -0.1029 -0.9190
vn -0.5197 -0.1029 -0.8481
vn -0.5111 -0.2080 -0.8340
vn -0.3743 -0.2080 -0.9037
vn -0.5197 -0.1029 0.8481
vn -0.3807 -0.1029 0.9190
vn -0.3743 -0.2080 0.9037
vn -0.5111 -0.2080 0.8340
vn 0.8481 -0.1029 0.5197
vn 0.9190 -0.1029 0.3807
vn 0.9037 -0.2080 0.3743
vn 0.8340 -0.2080 0.5111
vn -0.0780 -0.1029 -0.9916
vn -0.2322 -0.1029 -0.9672
vn -0.2283 -0.2080 -0.9511
vn -0.0767 -0.2080 -0.9751
vn -0.7564 -0.1029 0.6460
vn -0.6460 -0.1029 0.7564
vn -0.6352 -0.2080 0.7438
vn -0.7438 -0.2080 0.6352
vn 0.6460 -0.1029 0.7564
vn 0.7564 -0.1029 0.6460
vn 0.7438 -0.2080 0.6352
vn 0.6352 -0.2080 0.7438
vn 0.2322 -0.1029 -0.9672
vn 0.0780 -0.1029 -0.9916
vn 0.0767 -0.2080 -0.9751
vn 0.2283 -0.2080 -0.9511
vn -0.9190 -0.1029 0.3807
vn -0.8481 -0.1029 0.5197
vn -0.8340 -0.2080 0.5111
vn -0.9037 -0.2080 0.3743
vn 0.3807 -0.1029 0.9190
vn 0.5197 -0.1029 0.8481
vn 0.5111 -0.2080 0.8340
vn 0.3743 -0.2080 0.9037
vn 0.5197 -0.1029 -0.8481
vn 0.3807 -0.1029 -0.9190
vn 0.3743 -0.2080 -0.9037
vn 0.5111 -0.2080 -0.8340
vn -0.9916 -0.1029 0.0780
vn -0.9672 -0.1029 0.2322
vn -0.9511 -0.2080 0.2283
vn -0.9751 -0.2080 0.0767
vn 0.0780 -0.1029 0.9916
vn 0.2322 -0.1029 0.9672
vn 0.2283 -0.2080 0.9511
vn 0.0767 -0.2080 0.9751
vn -0.8087 -0.3168 -0.4956
vn -0.8763 -0.3168 -0.3630
vn -0.8132 -0.4747 -0.3368
vn -0.7505 -0.4747 -0.4599
vn -0.7341 -0.2609 0.6270
vn -0.6270 -0.2609 0.7341
vn -0.6243 -0.2756 0.7310
vn -0.7310 -0.2756 0.6243
vn 0.6270 -0.2609 0.7341
vn 0.7341 -0.2609 0.6270
vn 0.7310 -0.2756 0.6243
vn 0.6243 -0.2756 0.7310
vn 0.2254 -0.2609 -0.9387
vn 0.0757 -0.2609 -0.9624
vn 0.0754 -0.2756 -0.9583
vn 0.2244 -0.2756 -0.9347
vn -0.8919 -0.2609 0.3694
vn -0.8231 -0.2609 0.5044
vn -0.8196 -0.2756 0.5023
vn -0.8881 -0.2756 0.3679
vn 0.3694 -0.2609 0.8919
vn 0.5044 -0.2609 0.8231
vn 0.5023 -0.2756 0.8196
vn 0.3679 -0.2756 0.8881
vn 0.5044 -0.2609 -0.8231
vn 0.3694 -0.2609 -0.8919
vn 0.3679 -0.2756 -0.8881
vn 0.5023 -0.2756 -0.8196
vn -0.9624 -0.2609 0.0757
vn -0.9387 -0.2609 0.2254
vn -0.9347 -0.2756 0.2244
vn -0.9583 -0.2756 0.0754
vn 0.0757 -0.2609 0.9624
vn 0.2254 -0.2609 0.9387
vn 0.2244 -0.2756 0.9347
vn 0.0754 -0.2756 0.9583
vn 0.7341 -0.2609 -0.6270
vn 0.6270 -0.2609 -0.7341
vn 0.6243 -0.2756 -0.7310
vn 0.7310 -0.2756 -0.6243
vn -0.9387 -0.2609 -0.2254
vn -0.9624 -0.2609 -0.0757
vn -0.9583 -0.2756 -0.0754
vn -0.9347 -0.2756 -0.2244
vn 0.8919 -0.2609 -0.3694
vn 0.8231 -0.2609 -0.5044
vn 0.8196 -0.2756 -0.5023
vn 0.8881 -0.2756 -0.3679
vn -0.8231 -0.2609 -0.5044
vn -0.8919 -0.2609 -0.3694
vn -0.8881 -0.2756 -0.3679
vn -0.8196 -0.2756 -0.5023
vn 0.9624 -0.2609 -0.0757
vn 0.9387 -0.2609 -0.2254
vn 0.9347 -0.2756 -0.2244
vn 0.9583 -0.2756 -0.0754
vn -0.6270 -0.2609 -0.7341
vn -0.7341 -0.2609 -0.6270
vn -0.7310 -0.2756 -0.6243
vn -0.6243 -0.2756 -0.7310
vn -0.2254 -0.2609 0.9387
vn -0.0757 -0.2609 0.9624
vn -0.0754 -0.2756 0.9583
vn -0.2244 -0.2756 0.9347
vn 0.9387 -0.2609 0.2254
vn 0.9624 -0.2609 0.0757
vn 0.9583 -0.2756 0.0754
vn 0.9347 -0.2756 0.2244
vn -0.3694 -0.2609 -0.8919
vn -0.5044 -0.2609 -0.8231
vn -0.5023 -0.2756 -0.8196
vn -0.3679 -0.2756 -0.8881
vn -0.5044 -0.2609 0.8231
vn -0.3694 -0.2609 0.8919
vn -0.3679 -0.2756 0.8881
vn -0.5023 -0.2756 0.8196
vn 0.8231 -0.2609 0.5044
vn 0.8919 -0.2609 0.3694
vn 0.8881 -0.2756 0.3679
vn 0.8196 -0.2756 0.5023
vn -0.5561 -0.7985 0.2304
vn -0.5132 -0.7985 0.3145
vn -0.2445 -0.9580 0.1498
vn -0.2649 -0.9580 0.1097
vn 0.9456 -0.3168 -0.0744
vn 0.9223 -0.3168 -0.2214
vn 0.8558 -0.4747 -0.2055
vn 0.8774 -0.4747 -0.0691
vn -0.6160 -0.3168 -0.7212
vn -0.7212 -0.3168 -0.6160
vn -0.6693 -0.4747 -0.5716
vn -0.5716 -0.4747 -0.6693
vn -0.2214 -0.3168 0.9223
vn -0.0744 -0.3168 0.9456
vn -0.0691 -0.4747 0.8774
vn -0.2055 -0.4747 0.8558
vn 0.9223 -0.3168 0.2214
vn 0.9456 -0.3168 0.0744
vn 0.8774 -0.4747 0.0691
vn 0.8558 -0.4747 0.2055
vn -0.3630 -0.3168 -0.8763
vn -0.4956 -0.3168 -0.8087
vn -0.4599 -0.4747 -0.7505
vn -0.3368 -0.4747 -0.8132
vn -0.4956 -0.3168 0.8087
vn -0.3630 -0.3168 0.8763
vn -0.3368 -0.4747 0.8132
vn -0.4599 -0.4747 0.7505
vn 0.8087 -0.3168 0.4956
vn 0.8763 -0.3168 0.3630
vn 0.8132 -0.4747 0.3368
vn 0.7505 -0.4747 0.4599
vn -0.0744 -0.3168 -0.9456
vn -0.2214 -0.3168 -0.9223
vn -0.2055 -0.4747 -0.8558
vn -0.0691 -0.4747 -0.8774
vn -0.7212 -0.3168 0.6160
vn -0.6160 -0.3168 0.7212
vn -0.5716 -0.4747 0.6693
vn -0.6693 -0.4747 0.5716
vn 0.6160 -0.3168 0.7212
vn 0.7212 -0.3168 0.6160
vn 0.6693 -0.4747 0.5716
vn 0.5716 -0.4747 0.6693
vn 0.2214 -0.3168 -0.9223
vn 0.0744 -0.3168 -0.9456
vn 0.0691 -0.4747 -0.8774
vn 0.2055 -0.4747 -0.8558
vn -0.8763 -0.3168 0.3630
vn -0.8087 -0.3168 0.4956
vn -0.7505 -0.4747 0.4599
vn -0.8132 -0.4747 0.3368
vn 0.3630 -0.3168 0.8763
vn 0.4956 -0.3168 0.8087
vn 0.4599 -0.4747 0.7505
vn 0.3368 -0.4747 0.8132
vn 0.4956 -0.3168 -0.8087
vn 0.3630 -0.3168 -0.8763
vn 0.3368 -0.4747 -0.8132
vn 0.4599 -0.4747 -0.7505
vn -0.9456 -0.3168 0.0744
vn -0.9223 -0.3168 0.2214
vn -0.8558 -0.4747 0.2055
vn -0.8774 -0.4747 0.0691
vn 0.0744 -0.3168 0.9456
vn 0.2214 -0.3168 0.9223
vn 0.2055 -0.4747 0.8558
vn 0.0691 -0.4747 0.8774
vn 0.7212 -0.3168 -0.6160
vn 0.6160 -0.3168 -0.7212
vn 0.5716 -0.4747 -0.6693
vn 0.6693 -0.4747 -0.5716
vn -0.9223 -0.3168 -0.2214
vn -0.9456 -0.3168 -0.0744
vn -0.8774 -0.4747 -0.0691
vn -0.8558 -0.4747 -0.2055
vn 0.8763 -0.3168 -0.3630
vn 0.8087 -0.3168 -0.4956
vn 0.7505 -0.4747 -0.4599
vn 0.8132 -0.4747 -0.3368
vn -0.0001 1.0000 0.0006
vn 0.2304 -0.7985 0.5561
vn 0.3145 -0.7985 0.5132
vn 0.1498 -0.9580 0.2445
vn 0.1097 -0.9580 0.2649
vn 0.3145 -0.7985 -0.5132
vn 0.2304 -0.7985 -0.5561
vn 0.1098 -0.9580 -0.2649
vn 0.1498 -0.9580 -0.2445
vn -0.6001 -0.7985 0.0472
vn -0.5853 -0.7985 0.1405
vn -0.2789 -0.9580 0.0669
vn -0.2859 -0.9580 0.0225
vn 0.0472 -0.7985 0.6001
vn 0.1405 -0.7985 0.5853
vn 0.0669 -0.9580 0.2789
vn 0.0225 -0.9580 0.2859
vn 0.4577 -0.7985 -0.3909
vn 0.3909 -0.7985 -0.4577
vn 0.1863 -0.9580 -0.2181
vn 0.2181 -0.9580 -0.1863
vn -0.5853 -0.7985 -0.1405
vn -0.6001 -0.7985 -0.0472
vn -0.2859 -0.9580 -0.0225
vn -0.2789 -0.9580 -0.0669
vn 0.5561 -0.7985 -0.2304
vn 0.5132 -0.7985 -0.3145
vn 0.2445 -0.9580 -0.1498
vn 0.2649 -0.9580 -0.1097
vn -0.5132 -0.7985 -0.3145
vn -0.5561 -0.7985 -0.2304
vn -0.2649 -0.9580 -0.1097
vn -0.2445 -0.9580 -0.1498
vn 0.6001 -0.7985 -0.0472
vn 0.5853 -0.7985 -0.1405
vn 0.2789 -0.9580 -0.0669
vn 0.2859 -0.9580 -0.0225
vn -0.3909 -0.7985 -0.4577
vn -0.4577 -0.7985 -0.3909
vn -0.2181 -0.9580 -0.1863
vn -0.1862 -0.9580 -0.2181
vn -0.1405 -0.7985 0.5853
vn -0.0472 -0.7985 0.6001
vn -0.0225 -0.9580 0.2859
vn -0.0669 -0.9580 0.2789
vn 0.5853 -0.7985 0.1405
vn 0.6001 -0.7985 0.0472
vn 0.2859 -0.9580 0.0225
vn 0.2789 -0.9580 0.0669
vn -0.2304 -0.7985 -0.5561
vn -0.3145 -0.7985 -0.5132
vn -0.1498 -0.9580 -0.2445
vn -0.1098 -0.9580 -0.2649
vn -0.3145 -0.7985 0.5132
vn -0.2304 -0.7985 0.5561
vn -0.1097 -0.9580 0.2649
vn -0.1498 -0.9580 0.2445
vn 0.5132 -0.7985 0.3145
vn 0.5561 -0.7985 0.2304
vn 0.2649 -0.9580 0.1097
vn 0.2445 -0.9580 0.1498
vn -0.0472 -0.7985 -0.6001
vn -0.1405 -0.7985 -0.5853
vn -0.0669 -0.9580 -0.2789
vn -0.0225 -0.9580 -0.2859
vn -0.4577 -0.7985 0.3909
vn -0.3909 -0.7985 0.4577
vn -0.1862 -0.9580 0.2181
vn -0.2181 -0.9580 0.1863
vn 0.3909 -0.7985 0.4577
vn 0.4577 -0.7985 0.3909
vn 0.2181 -0.9580 0.1863
vn 0.1863 -0.9580 0.2181
vn 0.1405 -0.7985 -0.5853
vn 0.0472 -0.7985 -0.6001
vn 0.0225 -0.9580 -0.2859
vn 0.0669 -0.9580 -0.2789
vn 0.0006 1.0000 0.0001
vn -0.0002 1.0000 -0.0006
vn -0.0003 1.0000 -0.0005
vn -0.0003 1.0000 0.0005
vn -0.0002 1.0000 0.0005
vn 0.0005 1.0000 0.0003
vn 0.0006 1.0000 0.0002
vn -0.0000 1.0000 -0.0006
vn -0.0001 1.0000 -0.0006
vn -0.0005 1.0000 0.0004
vn -0.0004 1.0000 0.0005
vn 0.0004 1.0000 0.0005
vn 0.0005 1.0000 0.0004
vn 0.0001 1.0000 -0.0006
vn -0.0006 1.0000 0.0002
vn -0.0005 1.0000 0.0003
vn 0.0002 1.0000 0.0006
vn 0.0003 1.0000 0.0005
vn 0.0003 1.0000 -0.0005
vn 0.0002 1.0000 -0.0006
vn -0.0006 1.0000 0.0001
vn -0.0000 1.0000 0.0006
vn 0.0005 1.0000 -0.0004
vn 0.0004 1.0000 -0.0005
vn -0.0006 1.0000 -0.0001
vn 0.0006 1.0000 -0.0002
vn 0.0005 1.0000 -0.0003
vn -0.0005 1.0000 -0.0003
vn -0.0006 1.0000 -0.0002
vn 0.0006 1.0000 -0.0001
vn -0.0004 1.0000 -0.0005
vn -0.0005 1.0000 -0.0004
vn 0.9232 0.0362 -0.3826
vn 0.8522 0.0362 -0.5220
vn 0.8267 0.2451 -0.5064
vn 0.8956 0.2451 -0.3712
vn 0.1509 0.7625 -0.6292
vn 0.0509 0.7625 -0.6450
vn 0.0472 0.8002 -0.5979
vn 0.1399 0.8002 -0.5832
vn -0.8522 0.0362 -0.5220
vn -0.9232 0.0362 -0.3826
vn -0.8956 0.2451 -0.3712
vn -0.8267 0.2451 -0.5064
vn 0.9963 0.0362 -0.0786
vn 0.9718 0.0362 -0.2331
vn 0.9427 0.2451 -0.2262
vn 0.9665 0.2451 -0.0762
vn -0.6491 0.0362 -0.7598
vn -0.7598 0.0362 -0.6491
vn -0.7371 0.2451 -0.6298
vn -0.6297 0.2451 -0.7371
vn -0.2331 0.0362 0.9718
vn -0.0786 0.0362 0.9963
vn -0.0762 0.2451 0.9665
vn -0.2262 0.2451 0.9427
vn 0.9718 0.0362 0.2331
vn 0.9963 0.0362 0.0786
vn 0.9665 0.2451 0.0762
vn 0.9427 0.2451 0.2262
vn -0.3826 0.0362 -0.9232
vn -0.5220 0.0362 -0.8522
vn -0.5064 0.2451 -0.8267
vn -0.3712 0.2451 -0.8956
vn -0.5220 0.0362 0.8522
vn -0.3826 0.0362 0.9232
vn -0.3712 0.2451 0.8956
vn -0.5064 0.2451 0.8267
vn 0.8522 0.0362 0.5220
vn 0.9232 0.0362 0.3826
vn 0.8956 0.2451 0.3712
vn 0.8267 0.2451 0.5064
vn -0.0786 0.0362 -0.9963
vn -0.2331 0.0362 -0.9718
vn -0.2262 0.2451 -0.9427
vn -0.0762 0.2451 -0.9665
vn -0.7598 0.0362 0.6491
vn -0.6491 0.0362 0.7598
vn -0.6298 0.2451 0.7371
vn -0.7371 0.2451 0.6298
vn 0.6491 0.0362 0.7598
vn 0.7598 0.0362 0.6491
vn 0.7371 0.2451 0.6298
vn 0.6298 0.2451 0.7371
vn 0.2331 0.0362 -0.9718
vn 0.0786 0.0362 -0.9963
vn 0.0762 0.2451 -0.9665
vn 0.2262 0.2451 -0.9427
vn -0.9232 0.0362 0.3826
vn -0.8522 0.0362 0.5220
vn -0.8267 0.2451 0.5064
vn -0.8956 0.2451 0.3712
vn 0.3826 0.0362 0.9232
vn 0.5220 0.0362 0.8522
vn 0.5064 0.2451 0.8267
vn 0.3712 0.2451 0.8956
vn 0.5220 0.0362 -0.8522
vn 0.3826 0.0362 -0.9232
vn 0.3712 0.2451 -0.8956
vn 0.5064 0.2451 -0.8267
vn -0.9963 0.0362 0.0786
vn -0.9718 0.0362 0.2331
vn -0.9427 0.2451 0.2262
vn -0.9665 0.2451 0.0762
vn 0.0786 0.0362 0.9962
vn 0.2331 0.0362 0.9718
vn 0.2262 0.2451 0.9427
vn 0.0762 0.2451 0.9665
vn 0.7598 0.0362 -0.6491
vn 0.6491 0.0362 -0.7598
vn 0.6298 0.2451 -0.7371
vn 0.7371 0.2451 -0.6297
vn -0.9718 0.0362 -0.2331
vn -0.9963 0.0362 -0.0786
vn -0.9665 0.2451 -0.0762
vn -0.9427 0.2451 -0.2262
vn -0.5977 0.7625 0.2477
vn -0.5517 0.7625 0.3380
vn -0.5114 0.8002 0.3133
vn -0.5540 0.8002 0.2296
vn 0.2477 0.7625 0.5977
vn 0.3380 0.7625 0.5517
vn 0.3132 0.8002 0.5114
vn 0.2296 0.8002 0.5540
vn 0.3380 0.7625 -0.5517
vn 0.2477 0.7625 -0.5977
vn 0.2296 0.8002 -0.5540
vn 0.3133 0.8002 -0.5114
vn -0.6450 0.7625 0.0509
vn -0.6292 0.7625 0.1509
vn -0.5832 0.8002 0.1399
vn -0.5978 0.8002 0.0472
vn 0.0509 0.7625 0.6450
vn 0.1509 0.7625 0.6292
vn 0.1399 0.8002 0.5832
vn 0.0472 0.8002 0.5979
vn 0.4919 0.7625 -0.4203
vn 0.4203 0.7625 -0.4919
vn 0.3896 0.8002 -0.4560
vn 0.4559 0.8002 -0.3896
vn -0.6292 0.7625 -0.1509
vn -0.6450 0.7625 -0.0509
vn -0.5978 0.8002 -0.0472
vn -0.5832 0.8002 -0.1399
vn 0.5977 0.7625 -0.2477
vn 0.5517 0.7625 -0.3380
vn 0.5114 0.8002 -0.3133
vn 0.5540 0.8002 -0.2296
vn -0.5517 0.7625 -0.3380
vn -0.5977 0.7625 -0.2477
vn -0.5540 0.8002 -0.2296
vn -0.5114 0.8002 -0.3133
vn 0.6450 0.7625 -0.0509
vn 0.6292 0.7625 -0.1509
vn 0.5832 0.8002 -0.1399
vn 0.5979 0.8002 -0.0472
vn -0.4203 0.7625 -0.4919
vn -0.4919 0.7625 -0.4203
vn -0.4559 0.8002 -0.3896
vn -0.3895 0.8002 -0.4560
vn -0.1509 0.7625 0.6292
vn -0.0509 0.7625 0.6450
vn -0.0471 0.8002 0.5979
vn -0.1399 0.8002 0.5831
vn 0.6292 0.7625 0.1509
vn 0.6450 0.7625 0.0509
vn 0.5978 0.8002 0.0472
vn 0.5831 0.8002 0.1399
vn -0.2477 0.7625 -0.5977
vn -0.3380 0.7625 -0.5517
vn -0.3132 0.8002 -0.5114
vn -0.2296 0.8002 -0.5540
vn -0.3380 0.7625 0.5517
vn -0.2477 0.7625 0.5977
vn -0.2296 0.8002 0.5540
vn -0.3133 0.8002 0.5114
vn 0.5517 0.7625 0.3380
vn 0.5977 0.7625 0.2477
vn 0.5540 0.8002 0.2296
vn 0.5114 0.8002 0.3133
vn -0.0509 0.7625 -0.6450
vn -0.1509 0.7625 -0.6292
vn -0.1399 0.8002 -0.5832
vn -0.0471 0.8002 -0.5979
vn -0.4919 0.7625 0.4203
vn -0.4203 0.7625 0.4919
vn -0.3896 0.8002 0.4560
vn -0.4559 0.8002 0.3896
vn 0.4203 0.7625 0.4919
vn 0.4919 0.7625 0.4203
vn 0.4559 0.8002 0.3896
vn 0.3895 0.8002 0.4560
vn 0.8524 -0.0244 -0.5223
vn 0.9236 -0.0244 -0.3826
vn 0.0765 0.2286 -0.9705
vn 0.2272 0.2284 -0.9467
vn 0.2297 0.1748 -0.9574
vn 0.0774 0.1749 -0.9815
vn -0.9236 -0.0244 -0.3826
vn -0.8524 -0.0244 -0.5224
vn -0.8526 0.0001 -0.5226
vn -0.9238 0.0001 -0.3828
vn 0.9721 -0.0244 -0.2334
vn 0.9966 -0.0244 -0.0784
vn 0.9724 0.0001 -0.2335
vn -0.7602 -0.0244 -0.6493
vn -0.6492 -0.0244 -0.7602
vn -0.7604 0.0001 -0.6495
vn -0.0784 -0.0244 0.9966
vn -0.2334 -0.0244 0.9721
vn -0.0784 0.0001 0.9969
vn 0.9966 -0.0244 0.0784
vn 0.9721 -0.0244 0.2334
vn 0.9724 0.0001 0.2333
vn 0.9969 0.0001 0.0784
vn -0.5223 -0.0244 -0.8524
vn -0.3826 -0.0244 -0.9236
vn -0.3826 0.0001 -0.9239
vn -0.5224 0.0001 -0.8527
vn -0.3826 -0.0244 0.9236
vn -0.5223 -0.0244 0.8524
vn 0.9236 -0.0244 0.3826
vn 0.8524 -0.0244 0.5223
vn 0.8527 0.0001 0.5224
vn 0.9239 0.0001 0.3826
vn -0.2334 -0.0244 -0.9721
vn -0.0784 -0.0244 -0.9966
vn -0.0784 0.0001 -0.9969
vn -0.6493 -0.0244 0.7602
vn -0.7602 -0.0244 0.6493
vn -0.6495 0.0001 0.7604
vn 0.7602 -0.0244 0.6492
vn 0.6493 -0.0244 0.7602
vn 0.6495 0.0001 0.7604
vn 0.0784 -0.0244 -0.9966
vn 0.2334 -0.0244 -0.9721
vn 0.2335 0.0001 -0.9724
vn -0.8524 -0.0244 0.5223
vn -0.9236 -0.0244 0.3826
vn -0.8527 0.0001 0.5225
vn 0.5224 -0.0244 0.8524
vn 0.3826 -0.0244 0.9236
vn 0.3828 0.0001 0.9239
vn 0.5226 0.0001 0.8526
vn 0.3826 -0.0244 -0.9236
vn 0.5223 -0.0244 -0.8524
vn -0.9721 -0.0244 0.2334
vn -0.9966 -0.0244 0.0784
vn -0.9969 0.0001 0.0784
vn 0.2334 -0.0244 0.9721
vn 0.0784 -0.0244 0.9966
vn 0.2335 0.0001 0.9724
vn 0.6493 -0.0244 -0.7602
vn 0.7602 -0.0244 -0.6493
vn 0.7604 0.0001 -0.6495
vn -0.9966 -0.0244 -0.0784
vn -0.9721 -0.0244 -0.2334
vn -0.9723 0.0001 -0.2335
vn -0.9969 0.0001 -0.0786
vn -0.8306 0.2388 0.5030
vn -0.8986 0.2696 0.3462
vn -0.8888 0.4520 0.0758
vn -0.8521 0.2018 0.4829
vn 0.5082 0.2321 0.8294
vn 0.3723 0.2325 0.8985
vn 0.3768 0.1766 0.9093
vn 0.5142 0.1764 0.8394
vn 0.3769 0.2336 -0.8963
vn 0.5244 0.2649 -0.8092
vn 0.6761 0.4529 -0.5812
vn 0.4060 0.1998 -0.8918
vn -0.9275 0.3127 0.2051
vn -0.9455 0.3126 0.0913
vn -0.6443 0.7255 0.2419
vn -0.6888 0.7242 -0.0325
vn 0.2219 0.2381 0.9456
vn 0.0517 0.2692 0.9617
vn -0.2019 0.4517 0.8690
vn 0.1961 0.2014 0.9597
vn 0.6306 0.3086 -0.7121
vn 0.7121 0.3087 -0.6306
vn 0.3771 0.7259 -0.5751
vn 0.5751 0.7260 -0.3771
vn -0.9618 0.2690 -0.0515
vn -0.9457 0.2374 -0.2218
vn -0.9598 0.2014 -0.1957
vn -0.8673 0.4539 0.2045
vn 0.8092 0.2650 -0.5244
vn 0.8963 0.2339 -0.3768
vn 0.8917 0.1999 -0.4060
vn 0.5812 0.4529 -0.6761
vn -0.8987 0.2317 -0.3724
vn -0.8295 0.2313 -0.5083
vn -0.8394 0.1760 -0.5142
vn -0.9094 0.1762 -0.3769
vn 0.9466 0.2289 -0.2272
vn 0.9704 0.2292 -0.0765
vn 0.9815 0.1752 -0.0774
vn 0.9574 0.1750 -0.2297
vn -0.7355 0.2361 -0.6350
vn -0.6072 0.2669 -0.7484
vn -0.3437 0.4533 -0.8224
vn -0.7225 0.2008 -0.6616
vn -0.0913 0.3125 0.9455
vn -0.2053 0.3127 0.9274
vn 0.0302 0.7230 0.6902
vn -0.2421 0.7232 0.6469
vn 0.9686 0.2348 0.0813
vn 0.9312 0.2666 0.2485
vn 0.7613 0.4537 0.4632
vn 0.9735 0.2004 0.1106
vn -0.4820 0.3102 -0.8194
vn -0.3795 0.3099 -0.8717
vn -0.4303 0.7263 -0.5360
vn -0.1808 0.7261 -0.6634
vn -0.3462 0.2698 0.8985
vn -0.5030 0.2390 0.8306
vn -0.4830 0.2018 0.8521
vn -0.0765 0.4517 0.8889
vn 0.8715 0.3107 0.3794
vn 0.8192 0.3111 0.4819
vn 0.6633 0.7262 0.1808
vn 0.5359 0.7264 0.4303
vn -0.2485 0.2659 -0.9314
vn -0.0814 0.2342 -0.9688
vn -0.1106 0.2001 -0.9735
vn -0.4633 0.4534 -0.7614
vn -0.6315 0.2338 0.7393
vn -0.7393 0.2338 0.6315
vn -0.7483 0.1771 0.6393
vn -0.6393 0.1771 0.7483
vn 0.7482 0.2678 0.6070
vn 0.6349 0.2369 0.7354
vn 0.6615 0.2012 0.7224
vn 0.8223 0.4536 0.3437
vn -0.0002 1.0000 -0.0000
vn 0.0002 1.0000 -0.0000
vn 0.0002 1.0000 0.0001
vn -0.0001 1.0000 -0.0002
vn -0.0000 1.0000 -0.0002
vn -0.0000 1.0000 0.0002
vn 0.0002 1.0000 -0.0002
vn 0.0002 1.0000 -0.0001
vn -0.0002 1.0000 0.0001
vn 0.0001 1.0000 0.0001
vn -0.0002 1.0000 -0.0002
vn -0.0001 1.0000 0.0002
vn 0.0001 1.0000 -0.0002
vn -0.0533 -0.7346 0.6764
vn -0.1583 -0.7347 0.6597
vn -0.2332 -0.0221 0.9722
vn -0.0786 -0.0221 0.9967
vn -0.2597 -0.7347 0.6267
vn -0.3544 -0.7347 0.5785
vn -0.5222 -0.0221 0.8525
vn -0.3827 -0.0221 0.9236
vn -0.4407 -0.7347 0.5158
vn -0.5158 -0.7347 0.4407
vn -0.7601 -0.0221 0.6494
vn -0.6494 -0.0221 0.7601
vn -0.5785 -0.7347 0.3544
vn -0.6267 -0.7347 0.2597
vn -0.9236 -0.0221 0.3827
vn -0.8525 -0.0221 0.5222
vn -0.6597 -0.7347 0.1583
vn -0.6763 -0.7347 0.0533
vn -0.9967 -0.0221 0.0786
vn -0.9722 -0.0221 0.2332
vn -0.6763 -0.7347 -0.0533
vn -0.6597 -0.7347 -0.1583
vn -0.9722 -0.0221 -0.2332
vn -0.9967 -0.0221 -0.0786
vn -0.6267 -0.7347 -0.2597
vn -0.5785 -0.7347 -0.3544
vn -0.8525 -0.0221 -0.5222
vn -0.9236 -0.0221 -0.3827
vn -0.5158 -0.7347 -0.4407
vn -0.4407 -0.7347 -0.5158
vn -0.6494 -0.0221 -0.7601
vn -0.7601 -0.0221 -0.6494
vn -0.3544 -0.7347 -0.5785
vn -0.2597 -0.7347 -0.6267
vn -0.3827 -0.0221 -0.9236
vn -0.5222 -0.0221 -0.8525
vn -0.1583 -0.7347 -0.6597
vn -0.0533 -0.7347 -0.6763
vn -0.0786 -0.0221 -0.9967
vn -0.2332 -0.0221 -0.9722
vn 0.0533 -0.7347 -0.6763
vn 0.1583 -0.7347 -0.6597
vn 0.2332 -0.0221 -0.9722
vn 0.0786 -0.0221 -0.9967
vn 0.2597 -0.7347 -0.6267
vn 0.3544 -0.7347 -0.5785
vn 0.5222 -0.0221 -0.8525
vn 0.3827 -0.0221 -0.9236
vn 0.4407 -0.7347 -0.5158
vn 0.5158 -0.7347 -0.4407
vn 0.7601 -0.0221 -0.6494
vn 0.6494 -0.0221 -0.7601
vn 0.5785 -0.7347 -0.3544
vn 0.6267 -0.7347 -0.2597
vn 0.9236 -0.0221 -0.3827
vn 0.8525 -0.0221 -0.5222
vn 0.6597 -0.7347 -0.1583
vn 0.6764 -0.7346 -0.0533
vn 0.9967 -0.0221 -0.0786
vn 0.9722 -0.0221 -0.2332
vn 0.6764 -0.7346 0.0533
vn 0.6597 -0.7347 0.1583
vn 0.9722 -0.0221 0.2332
vn 0.9967 -0.0221 0.0786
vn 0.6268 -0.7347 0.2597
vn 0.5785 -0.7347 0.3544
vn 0.8525 -0.0221 0.5222
vn 0.9236 -0.0221 0.3827
vn 0.5158 -0.7347 0.4407
vn 0.4407 -0.7347 0.5158
vn 0.6494 -0.0221 0.7601
vn 0.7601 -0.0221 0.6494
vn 0.3544 -0.7347 0.5785
vn 0.2597 -0.7347 0.6267
vn 0.3827 -0.0221 0.9236
vn 0.5222 -0.0221 0.8525
vn 0.1583 -0.7347 0.6597
vn 0.0533 -0.7346 0.6764
vn 0.0786 -0.0221 0.9967
vn 0.2332 -0.0221 0.9722
vn 0.9837 0.1623 -0.0776
vn 0.9595 0.1623 -0.2302
vn 0.9724 0.0063 -0.2333
vn 0.9969 0.0063 -0.0786
vn -0.8414 0.1623 -0.5154
vn -0.9116 0.1623 -0.3778
vn -0.9238 0.0063 -0.3828
vn -0.8527 0.0063 -0.5223
vn 0.9116 0.1623 -0.3778
vn 0.8414 0.1623 -0.5154
vn 0.8527 0.0063 -0.5223
vn 0.9238 0.0063 -0.3828
vn -0.9595 0.1623 -0.2302
vn -0.9837 0.1623 -0.0776
vn -0.9969 0.0063 -0.0786
vn -0.9724 0.0063 -0.2333
vn 0.7502 0.1623 -0.6410
vn 0.6410 0.1623 -0.7502
vn 0.6496 0.0063 -0.7603
vn 0.7603 0.0063 -0.6496
vn 0.0776 0.1623 0.9837
vn 0.2302 0.1623 0.9595
vn 0.2333 0.0063 0.9724
vn 0.0786 0.0063 0.9969
vn -0.9837 0.1623 0.0776
vn -0.9595 0.1623 0.2302
vn -0.9724 0.0063 0.2333
vn -0.9969 0.0063 0.0786
vn 0.5154 0.1623 -0.8414
vn 0.3778 0.1623 -0.9116
vn 0.3828 0.0063 -0.9238
vn 0.5223 0.0063 -0.8527
vn 0.3778 0.1623 0.9116
vn 0.5154 0.1623 0.8414
vn 0.5223 0.0063 0.8527
vn 0.3828 0.0063 0.9238
vn -0.9116 0.1623 0.3778
vn -0.8414 0.1623 0.5154
vn -0.8527 0.0063 0.5223
vn -0.9238 0.0063 0.3828
vn 0.2302 0.1623 -0.9595
vn 0.0776 0.1623 -0.9837
vn 0.0786 0.0063 -0.9969
vn 0.2333 0.0063 -0.9724
vn 0.6410 0.1623 0.7502
vn 0.7502 0.1623 0.6410
vn 0.7603 0.0063 0.6496
vn 0.6496 0.0063 0.7603
vn -0.7502 0.1623 0.6410
vn -0.6410 0.1623 0.7502
vn -0.6496 0.0063 0.7603
vn -0.7603 0.0063 0.6496
vn -0.0776 0.1623 -0.9837
vn -0.2302 0.1623 -0.9595
vn -0.2333 0.0063 -0.9724
vn -0.0786 0.0063 -0.9969
vn 0.8414 0.1623 0.5154
vn 0.9116 0.1623 0.3778
vn 0.9238 0.0063 0.3828
vn 0.8527 0.0063 0.5223
vn -0.5154 0.1623 0.8414
vn -0.3778 0.1623 0.9116
vn -0.3828 0.0063 0.9238
vn -0.5223 0.0063 0.8527
vn -0.3778 0.1623 -0.9116
vn -0.5154 0.1623 -0.8414
vn -0.5223 0.0063 -0.8527
vn -0.3828 0.0063 -0.9238
vn 0.9595 0.1623 0.2302
vn 0.9837 0.1623 0.0776
vn 0.9969 0.0063 0.0786
vn 0.9724 0.0063 0.2333
vn -0.2302 0.1623 0.9595
vn -0.0776 0.1623 0.9837
vn -0.0786 0.0063 0.9969
vn -0.2333 0.0063 0.9724
vn -0.6410 0.1623 -0.7502
vn -0.7502 0.1623 -0.6410
vn -0.7603 0.0063 -0.6496
vn -0.6496 0.0063 -0.7603
vn -0.0056 -0.9975 0.0708
vn -0.0166 -0.9975 0.0691
vn -0.2246 -0.2708 0.9361
vn -0.0757 -0.2707 0.9597
vn -0.0272 -0.9975 0.0657
vn -0.0371 -0.9975 0.0606
vn -0.5029 -0.2707 0.8209
vn -0.3685 -0.2708 0.8893
vn -0.0462 -0.9975 0.0540
vn -0.0540 -0.9975 0.0461
vn -0.7319 -0.2707 0.6253
vn -0.6253 -0.2707 0.7319
vn -0.0606 -0.9975 0.0371
vn -0.0656 -0.9975 0.0272
vn -0.8893 -0.2708 0.3685
vn -0.8209 -0.2707 0.5028
vn -0.0691 -0.9975 0.0166
vn -0.0708 -0.9975 0.0056
vn -0.9597 -0.2708 0.0757
vn -0.9361 -0.2707 0.2246
vn -0.0708 -0.9975 -0.0056
vn -0.0691 -0.9975 -0.0166
vn -0.9361 -0.2707 -0.2246
vn -0.9597 -0.2707 -0.0757
vn -0.0656 -0.9975 -0.0272
vn -0.0606 -0.9975 -0.0371
vn -0.8209 -0.2707 -0.5028
vn -0.8893 -0.2708 -0.3685
vn -0.0540 -0.9975 -0.0461
vn -0.0462 -0.9975 -0.0540
vn -0.6253 -0.2707 -0.7319
vn -0.7319 -0.2708 -0.6253
vn -0.0371 -0.9975 -0.0606
vn -0.0272 -0.9975 -0.0656
vn -0.3685 -0.2708 -0.8893
vn -0.5029 -0.2707 -0.8209
vn -0.0166 -0.9975 -0.0691
vn -0.0056 -0.9975 -0.0708
vn -0.0757 -0.2708 -0.9597
vn -0.2246 -0.2708 -0.9361
vn 0.0056 -0.9975 -0.0708
vn 0.0166 -0.9975 -0.0691
vn 0.2246 -0.2708 -0.9361
vn 0.0757 -0.2708 -0.9597
vn 0.0272 -0.9975 -0.0656
vn 0.0371 -0.9975 -0.0606
vn 0.5029 -0.2708 -0.8209
vn 0.3685 -0.2708 -0.8893
vn 0.0462 -0.9975 -0.0540
vn 0.0540 -0.9975 -0.0461
vn 0.7319 -0.2707 -0.6253
vn 0.6253 -0.2707 -0.7319
vn 0.0606 -0.9975 -0.0371
vn 0.0656 -0.9975 -0.0272
vn 0.8893 -0.2708 -0.3685
vn 0.8209 -0.2707 -0.5028
vn 0.0691 -0.9975 -0.0166
vn 0.0708 -0.9975 -0.0056
vn 0.9597 -0.2707 -0.0757
vn 0.9361 -0.2707 -0.2246
vn 0.0709 -0.9975 0.0056
vn 0.0691 -0.9975 0.0166
vn 0.9361 -0.2707 0.2246
vn 0.9597 -0.2707 0.0757
vn 0.0656 -0.9975 0.0272
vn 0.0606 -0.9975 0.0371
vn 0.8209 -0.2707 0.5028
vn 0.8893 -0.2708 0.3685
vn 0.0540 -0.9975 0.0461
vn 0.0462 -0.9975 0.0540
vn 0.6253 -0.2707 0.7319
vn 0.7319 -0.2707 0.6253
vn 0.0371 -0.9975 0.0606
vn 0.0272 -0.9975 0.0656
vn 0.3685 -0.2708 0.8893
vn 0.5028 -0.2707 0.8209
vn 0.0166 -0.9975 0.0691
vn 0.0056 -0.9975 0.0708
vn 0.0757 -0.2708 0.9597
vn 0.2246 -0.2708 0.9361
vn -0.0183 -0.9969 0.0761
vn -0.0062 -0.9969 0.0780
vn -0.0759 -0.2629 0.9618
vn -0.2251 -0.2629 0.9382
vn -0.0409 -0.9969 0.0667
vn -0.0300 -0.9969 0.0723
vn -0.3694 -0.2629 0.8913
vn -0.5040 -0.2629 0.8227
vn -0.0595 -0.9969 0.0508
vn -0.0509 -0.9969 0.0595
vn -0.6267 -0.2629 0.7336
vn -0.7336 -0.2629 0.6267
vn -0.0723 -0.9969 0.0300
vn -0.0668 -0.9969 0.0409
vn -0.8227 -0.2629 0.5040
vn -0.8913 -0.2629 0.3694
vn -0.0780 -0.9969 0.0062
vn -0.0761 -0.9969 0.0183
vn -0.9382 -0.2629 0.2251
vn -0.9618 -0.2629 0.0759
vn -0.0761 -0.9969 -0.0183
vn -0.0780 -0.9969 -0.0062
vn -0.9618 -0.2629 -0.0759
vn -0.9382 -0.2629 -0.2251
vn -0.0668 -0.9969 -0.0409
vn -0.0723 -0.9969 -0.0300
vn -0.8913 -0.2629 -0.3694
vn -0.8227 -0.2629 -0.5040
vn -0.0509 -0.9969 -0.0595
vn -0.0595 -0.9969 -0.0508
vn -0.7336 -0.2629 -0.6267
vn -0.6267 -0.2629 -0.7336
vn -0.0300 -0.9969 -0.0723
vn -0.0409 -0.9969 -0.0667
vn -0.5040 -0.2629 -0.8227
vn -0.3694 -0.2629 -0.8913
vn -0.0062 -0.9969 -0.0780
vn -0.0183 -0.9969 -0.0761
vn -0.2251 -0.2629 -0.9382
vn -0.0759 -0.2629 -0.9618
vn 0.0183 -0.9969 -0.0761
vn 0.0062 -0.9969 -0.0780
vn 0.0759 -0.2629 -0.9618
vn 0.2251 -0.2629 -0.9382
vn 0.0409 -0.9969 -0.0667
vn 0.0300 -0.9969 -0.0723
vn 0.3694 -0.2629 -0.8913
vn 0.5040 -0.2629 -0.8227
vn 0.0595 -0.9969 -0.0508
vn 0.0509 -0.9969 -0.0595
vn 0.6267 -0.2629 -0.7336
vn 0.7336 -0.2629 -0.6267
vn 0.0723 -0.9969 -0.0300
vn 0.0668 -0.9969 -0.0409
vn 0.8227 -0.2629 -0.5040
vn 0.8913 -0.2629 -0.3694
vn 0.0781 -0.9969 -0.0062
vn 0.0761 -0.9969 -0.0183
vn 0.9382 -0.2629 -0.2251
vn 0.9618 -0.2629 -0.0759
vn 0.0761 -0.9969 0.0183
vn 0.0781 -0.9969 0.0062
vn 0.9618 -0.2629 0.0759
vn 0.9382 -0.2629 0.2251
vn 0.0668 -0.9969 0.0409
vn 0.0723 -0.9969 0.0300
vn 0.8913 -0.2629 0.3694
vn 0.8227 -0.2629 0.5040
vn 0.0509 -0.9969 0.0595
vn 0.0595 -0.9969 0.0508
vn 0.7336 -0.2629 0.6267
vn 0.6267 -0.2629 0.7336
vn 0.0300 -0.9969 0.0723
vn 0.0409 -0.9969 0.0667
vn 0.5040 -0.2629 0.8227
vn 0.3694 -0.2629 0.8913
vn 0.0062 -0.9969 0.0780
vn 0.0182 -0.9969 0.0761
vn 0.2251 -0.2629 0.9382
vn 0.0759 -0.2629 0.9618
vn -0.0344 0.8992 0.4362
vn -0.1021 0.8992 0.4255
vn -0.1989 0.5230 0.8288
vn -0.0669 0.5230 0.8497
vn -0.1675 0.8992 0.4042
vn -0.2286 0.8992 0.3731
vn -0.4453 0.5230 0.7268
vn -0.3262 0.5230 0.7874
vn -0.2842 0.8992 0.3327
vn -0.3327 0.8992 0.2842
vn -0.6481 0.5230 0.5536
vn -0.5536 0.5230 0.6481
vn -0.3731 0.8992 0.2286
vn -0.4042 0.8992 0.1675
vn -0.7874 0.5230 0.3262
vn -0.7268 0.5230 0.4453
vn -0.4255 0.8992 0.1021
vn -0.4362 0.8992 0.0344
vn -0.8497 0.5230 0.0669
vn -0.8288 0.5230 0.1989
vn -0.4362 0.8992 -0.0344
vn -0.4255 0.8992 -0.1021
vn -0.8288 0.5230 -0.1989
vn -0.8497 0.5230 -0.0669
vn -0.4042 0.8992 -0.1675
vn -0.3731 0.8992 -0.2286
vn -0.7268 0.5230 -0.4453
vn -0.7874 0.5230 -0.3262
vn -0.3327 0.8992 -0.2842
vn -0.2842 0.8992 -0.3327
vn -0.5536 0.5230 -0.6481
vn -0.6481 0.5230 -0.5536
vn -0.2285 0.8992 -0.3731
vn -0.1675 0.8992 -0.4042
vn -0.3262 0.5230 -0.7874
vn -0.4453 0.5230 -0.7268
vn -0.1021 0.8992 -0.4255
vn -0.0344 0.8992 -0.4362
vn -0.0670 0.5230 -0.8497
vn -0.1989 0.5230 -0.8288
vn 0.0344 0.8992 -0.4362
vn 0.1021 0.8992 -0.4255
vn 0.1989 0.5230 -0.8288
vn 0.0669 0.5230 -0.8497
vn 0.1675 0.8992 -0.4042
vn 0.2286 0.8992 -0.3731
vn 0.4453 0.5230 -0.7268
vn 0.3262 0.5230 -0.7874
vn 0.2842 0.8992 -0.3327
vn 0.3327 0.8992 -0.2842
vn 0.6481 0.5230 -0.5536
vn 0.5536 0.5230 -0.6481
vn 0.3731 0.8992 -0.2286
vn 0.4042 0.8992 -0.1675
vn 0.7874 0.5230 -0.3262
vn 0.7268 0.5230 -0.4453
vn 0.4255 0.8992 -0.1021
vn 0.4362 0.8992 -0.0344
vn 0.8497 0.5230 -0.0669
vn 0.8288 0.5230 -0.1989
vn 0.4362 0.8992 0.0344
vn 0.4255 0.8992 0.1021
vn 0.8288 0.5230 0.1989
vn 0.8497 0.5230 0.0669
vn 0.4042 0.8992 0.1675
vn 0.3731 0.8992 0.2286
vn 0.7268 0.5230 0.4453
vn 0.7874 0.5230 0.3262
vn 0.3327 0.8992 0.2842
vn 0.2842 0.8992 0.3327
vn 0.5536 0.5230 0.6481
vn 0.6481 0.5230 0.5536
vn 0.2285 0.8992 0.3731
vn 0.1675 0.8992 0.4042
vn 0.3262 0.5230 0.7874
vn 0.4453 0.5230 0.7268
vn 0.1021 0.8992 0.4255
vn 0.0344 0.8992 0.4362
vn 0.0669 0.5230 0.8497
vn 0.1989 0.5230 0.8288
vn -0.0172 0.9973 0.0715
vn -0.0058 0.9973 0.0733
vn -0.0759 0.2624 0.9620
vn -0.2251 0.2624 0.9383
vn -0.0385 0.9973 0.0627
vn -0.0282 0.9973 0.0679
vn -0.3694 0.2624 0.8914
vn -0.5040 0.2624 0.8229
vn -0.0559 0.9973 0.0478
vn -0.0478 0.9973 0.0559
vn -0.6268 0.2624 0.7337
vn -0.7336 0.2624 0.6268
vn -0.0680 0.9973 0.0282
vn -0.0627 0.9973 0.0384
vn -0.8228 0.2624 0.5041
vn -0.8914 0.2624 0.3694
vn -0.0733 0.9973 0.0058
vn -0.0716 0.9973 0.0172
vn -0.9383 0.2624 0.2251
vn -0.9620 0.2624 0.0759
vn -0.0716 0.9973 -0.0172
vn -0.0734 0.9973 -0.0058
vn -0.9620 0.2624 -0.0759
vn -0.9383 0.2624 -0.2251
vn -0.0627 0.9973 -0.0384
vn -0.0680 0.9973 -0.0282
vn -0.8914 0.2624 -0.3695
vn -0.8228 0.2624 -0.5041
vn -0.0478 0.9973 -0.0559
vn -0.0559 0.9973 -0.0478
vn -0.7336 0.2624 -0.6268
vn -0.6268 0.2624 -0.7336
vn -0.0282 0.9973 -0.0680
vn -0.0384 0.9973 -0.0627
vn -0.5040 0.2624 -0.8229
vn -0.3694 0.2624 -0.8915
vn -0.0058 0.9973 -0.0733
vn -0.0172 0.9973 -0.0715
vn -0.2251 0.2624 -0.9383
vn -0.0759 0.2624 -0.9620
vn 0.0172 0.9973 -0.0715
vn 0.0058 0.9973 -0.0733
vn 0.0759 0.2624 -0.9620
vn 0.2251 0.2624 -0.9383
vn 0.0384 0.9973 -0.0627
vn 0.0282 0.9973 -0.0680
vn 0.3694 0.2624 -0.8915
vn 0.5040 0.2624 -0.8229
vn 0.0559 0.9973 -0.0478
vn 0.0478 0.9973 -0.0559
vn 0.6268 0.2624 -0.7337
vn 0.7337 0.2624 -0.6268
vn 0.0680 0.9973 -0.0282
vn 0.0627 0.9973 -0.0384
vn 0.8228 0.2624 -0.5041
vn 0.8914 0.2624 -0.3695
vn 0.0734 0.9973 -0.0058
vn 0.0716 0.9973 -0.0172
vn 0.9383 0.2624 -0.2251
vn 0.9620 0.2624 -0.0759
vn 0.0716 0.9973 0.0172
vn 0.0734 0.9973 0.0058
vn 0.9620 0.2625 0.0759
vn 0.9383 0.2624 0.2251
vn 0.0627 0.9973 0.0384
vn 0.0680 0.9973 0.0282
vn 0.8914 0.2624 0.3695
vn 0.8228 0.2624 0.5041
vn 0.0478 0.9973 0.0559
vn 0.0559 0.9973 0.0478
vn 0.7336 0.2624 0.6269
vn 0.6268 0.2624 0.7337
vn 0.0282 0.9973 0.0680
vn 0.0384 0.9973 0.0627
vn 0.5040 0.2624 0.8229
vn 0.3694 0.2624 0.8914
vn 0.0058 0.9973 0.0733
vn 0.0172 0.9973 0.0715
vn 0.2251 0.2624 0.9383
vn 0.0759 0.2624 0.9620
vn -0.9718 0.0988 -0.2143
vn -0.6615 0.1059 -0.7424
vn -0.5241 0.5625 -0.6394
vn -0.9544 0.2315 -0.1886
vn -0.8556 0.2733 0.4396
vn -0.9085 0.3357 -0.2489
vn -0.7909 0.5057 -0.3446
vn -0.6672 0.6742 0.3167
vn 0.5038 0.2641 0.8225
vn 0.3693 0.2639 0.8910
vn 0.2818 0.6769 0.6800
vn 0.3844 0.6770 0.6276
vn 0.0889 0.7363 0.6708
vn -0.1216 0.7353 -0.6667
vn -0.2266 0.8845 -0.4077
vn -0.0901 0.8858 0.4552
vn 0.8477 0.1078 0.5194
vn 0.9185 0.1078 0.3805
vn 0.7358 0.6046 0.3050
vn 0.6792 0.6046 0.4160
vn -0.1730 0.0969 0.9801
vn 0.0180 0.1016 0.9947
vn -0.0311 0.5993 0.7999
vn -0.1679 0.5952 0.7858
vn -0.6266 0.2635 0.7334
vn -0.7334 0.2635 0.6266
vn -0.5599 0.6765 0.4784
vn -0.4784 0.6765 0.5599
vn -0.6128 0.7340 0.2929
vn 0.5974 0.7343 -0.3224
vn 0.3178 0.8850 -0.3402
vn -0.4624 0.8848 0.0567
vn -0.6130 0.1489 -0.7759
vn -0.4556 0.2503 -0.8543
vn -0.4333 0.2162 -0.8749
vn -0.5731 0.1534 -0.8050
vn -0.4680 0.7344 -0.4915
vn 0.4902 0.7356 0.4674
vn 0.4220 0.8850 0.1970
vn -0.1970 0.8850 -0.4219
vn 0.7803 0.1134 0.6151
vn 0.2176 0.1022 0.9707
vn 0.1903 0.2360 0.9529
vn 0.6486 0.5712 0.5030
vn 0.9410 0.3361 0.0390
vn 0.6783 0.2740 0.6818
vn 0.5368 0.6747 0.5066
vn 0.8592 0.5042 -0.0873
vn -0.3055 0.1138 0.9454
vn -0.8555 0.1020 0.5076
vn -0.8472 0.2360 0.4760
vn -0.2644 0.5724 0.7762
vn 0.3223 0.7343 -0.5974
vn -0.2928 0.7339 0.6128
vn -0.0567 0.8848 0.4625
vn 0.3402 0.8850 -0.3178
vn 0.2481 0.3361 0.9086
vn -0.4397 0.2733 0.8556
vn -0.3167 0.6742 0.6672
vn 0.3445 0.5054 0.7911
vn 0.8544 0.2500 0.4555
vn 0.7753 0.1488 0.6138
vn 0.8047 0.1527 0.5737
vn 0.8750 0.2158 0.4333
vn 0.6625 0.7392 0.1210
vn -0.6682 0.7386 -0.0895
vn -0.4556 0.8856 0.0907
vn 0.4050 0.8857 0.2271
vn 0.9501 0.2746 0.1479
vn 0.5850 0.3353 0.7385
vn 0.4350 0.5030 0.7468
vn 0.7249 0.6752 0.1364
vn -0.0948 0.0998 -0.9905
vn 0.5063 0.1066 -0.8557
vn 0.4474 0.5632 -0.6948
vn -0.1143 0.2335 -0.9656
vn -0.4165 0.1063 -0.9029
vn -0.5239 0.1076 -0.8450
vn -0.4176 0.6045 -0.6784
vn -0.3172 0.6034 -0.7317
vn 0.2250 0.9687 -0.1045
vn 0.7228 0.6590 0.2082
vn 0.4842 0.7780 0.4003
vn -0.0393 0.9761 0.2138
vn 0.1595 0.9777 -0.1367
vn 0.1367 0.9777 -0.1595
vn -0.1316 0.9793 0.1540
vn -0.1540 0.9793 0.1316
vn -0.2081 0.6592 -0.7226
vn 0.1046 0.9687 -0.2249
vn -0.2138 0.9761 0.0392
vn -0.4002 0.7781 -0.4841
vn 0.1689 0.9690 0.1804
vn 0.0250 0.6587 0.7520
vn -0.2310 0.7765 0.5863
vn -0.2154 0.9761 0.0291
vn 0.1789 0.9777 0.1097
vn 0.1940 0.9777 0.0803
vn -0.1870 0.9793 -0.0775
vn -0.1726 0.9793 -0.1057
vn 0.6229 0.6593 -0.4211
vn 0.2452 0.9690 0.0307
vn -0.1030 0.9761 -0.1913
vn 0.3384 0.7771 -0.5307
vn 0.5924 0.6594 0.4628
vn 0.0456 0.9689 0.2434
vn 0.1501 0.9761 -0.1571
vn 0.6096 0.7769 0.1578
vn -0.2427 0.9690 -0.0466
vn -0.4623 0.6591 -0.5933
vn -0.1578 0.7770 -0.6094
vn 0.1570 0.9761 -0.1500
vn -0.2092 0.9777 0.0164
vn -0.2041 0.9777 0.0491
vn 0.1967 0.9793 -0.0472
vn 0.2017 0.9793 -0.0159
vn -0.2562 0.6586 0.7075
vn -0.2164 0.9690 0.1194
vn 0.1958 0.9761 0.0942
vn 0.0385 0.7765 0.6289
vn -0.0307 0.9690 -0.2452
vn 0.4211 0.6593 -0.6229
vn 0.5307 0.7771 -0.3384
vn 0.1913 0.9761 0.1030
vn -0.0808 0.9777 -0.1939
vn -0.1098 0.9777 -0.1789
vn 0.1058 0.9793 0.1726
vn 0.0775 0.9793 0.1870
vn -0.1187 0.9690 0.2165
vn -0.7073 0.6588 0.2562
vn -0.6288 0.7766 -0.0385
vn -0.0942 0.9761 -0.1958
vn -0.0484 0.9775 0.2052
vn -0.0151 0.9776 0.2099
vn 0.0158 0.9793 -0.2018
vn 0.0472 0.9793 -0.1969
vn -0.7526 0.6580 -0.0252
vn -0.1818 0.9687 -0.1689
vn -0.0287 0.9761 0.2154
vn -0.5847 0.7775 0.2313
vn -0.7385 0.3356 -0.5849
vn -0.1479 0.2748 -0.9500
vn -0.1364 0.6754 -0.7247
vn -0.7467 0.5034 -0.4348
vn 0.9135 0.1023 -0.3937
vn 0.9559 0.1136 0.2710
vn 0.7881 0.5713 0.2292
vn 0.8830 0.2365 -0.4055
vn 0.0758 0.2652 -0.9612
vn 0.2249 0.2652 -0.9376
vn 0.1715 0.6780 -0.7148
vn 0.0578 0.6780 -0.7328
vn -0.1686 0.2491 0.9537
vn -0.3424 0.1482 0.9278
vn -0.2957 0.1524 0.9430
vn -0.1412 0.2147 0.9664
vn -0.7851 0.3353 0.5208
vn -0.9495 0.2738 -0.1530
vn -0.7322 0.6745 -0.0944
vn -0.6449 0.5026 0.5758
vn 0.9518 0.1505 0.2671
vn 0.8691 0.2525 0.4252
vn 0.8638 0.2182 0.4542
vn 0.9367 0.1542 0.3145
vn 0.1538 0.2735 0.9495
vn -0.5169 0.3357 0.7875
vn -0.5724 0.5048 0.6462
vn 0.0950 0.6744 0.7323
vn 0.6471 0.1025 0.7555
vn -0.0117 0.1060 0.9943
vn 0.0076 0.5652 0.8249
vn 0.6536 0.2355 0.7193
vn 0.5480 0.1493 -0.8231
vn 0.6714 0.2508 -0.6974
vn 0.6979 0.2168 -0.6826
vn 0.5882 0.1539 -0.7939
vn -0.8910 0.2642 -0.3693
vn -0.8224 0.2643 -0.5038
vn -0.6274 0.6772 -0.3843
vn -0.6798 0.6771 -0.2817
vn -0.6818 0.2743 -0.6782
vn -0.0389 0.3363 -0.9410
vn 0.0873 0.5044 -0.8590
vn -0.5064 0.6750 -0.5366
vn -0.4247 0.2513 -0.8698
vn -0.2671 0.1491 -0.9521
vn -0.3144 0.1544 -0.9366
vn -0.4541 0.2184 -0.8638
vn -0.9928 0.1136 -0.0379
vn -0.7468 0.1021 -0.6572
vn -0.7142 0.2362 -0.6588
vn -0.8204 0.5713 -0.0257
vn 0.0391 0.1496 0.9880
vn -0.1350 0.2504 0.9587
vn -0.1645 0.2150 0.9627
vn -0.0101 0.1528 0.9882
vn -0.9911 0.1078 0.0781
vn -0.9667 0.1078 0.2320
vn -0.7745 0.6046 0.1858
vn -0.7940 0.6046 0.0627
vn -0.9584 0.2512 0.1357
vn -0.9880 0.1490 -0.0397
vn -0.9883 0.1525 0.0098
vn -0.9622 0.2165 0.1651
vn 0.4343 0.2751 -0.8578
vn 0.8829 0.3363 -0.3278
vn 0.8440 0.5043 -0.1825
vn 0.3536 0.6756 -0.6469
vn -0.5065 0.1019 0.8562
vn -0.9325 0.1136 0.3429
vn -0.7723 0.5713 0.2780
vn -0.4753 0.2358 0.8476
vn 0.8565 0.1064 -0.5051
vn 0.9905 0.1001 0.0947
vn 0.9657 0.2331 0.1145
vn 0.6950 0.5631 -0.4472
vn 0.3277 0.3364 -0.8828
vn 0.8578 0.2750 -0.4343
vn 0.6470 0.6756 -0.3536
vn 0.1824 0.5045 -0.8440
vn 0.6974 0.2508 -0.6714
vn 0.8230 0.1493 -0.5480
vn 0.7939 0.1539 -0.5882
vn 0.6826 0.2168 -0.6979
vn -0.2710 0.1137 -0.9558
vn 0.3937 0.1023 -0.9135
vn 0.4055 0.2366 -0.8830
vn -0.2293 0.5713 -0.7881
vn 0.7343 0.1062 -0.6704
vn 0.6704 0.1062 -0.7344
vn 0.5262 0.6033 -0.5993
vn 0.5993 0.6033 -0.5262
vn 0.9376 0.2651 -0.2249
vn 0.9613 0.2650 -0.0758
vn 0.7330 0.6778 -0.0578
vn 0.7149 0.6779 -0.1715
vn -0.9278 0.1482 0.3425
vn -0.9536 0.2492 0.1687
vn -0.9664 0.2149 0.1413
vn -0.9430 0.1525 0.2958
vn 0.0901 0.9602 -0.2644
vn 0.2366 0.9665 -0.0992
vn 0.9336 0.3484 -0.0835
vn 0.7370 0.1396 -0.6613
vn 0.1467 0.9501 -0.2752
vn 0.2752 0.9501 -0.1467
vn 0.6901 0.0793 -0.7193
vn 0.7193 0.0793 -0.6901
vn 0.1007 0.9668 -0.2348
vn 0.2650 0.9601 -0.0891
vn 0.6634 0.1398 -0.7351
vn 0.0846 0.3488 -0.9334
vn 0.0897 0.9936 0.0684
vn 0.0637 0.9944 -0.0843
vn 0.0570 0.7486 -0.6605
vn 0.2591 0.7377 0.6234
vn 0.2924 0.9562 -0.0137
vn 0.1767 0.9654 0.1921
vn 0.3761 0.3471 0.8591
vn 0.8937 0.1327 0.4285
vn 0.3077 0.9497 0.0589
vn 0.2285 0.9497 0.2143
vn 0.9125 0.0759 0.4019
vn 0.8615 0.0759 0.5020
vn 0.2576 0.9657 0.0326
vn 0.1599 0.9561 0.2457
vn 0.8704 0.1329 0.4740
vn 0.9162 0.3483 -0.1980
vn -0.0326 0.9938 0.1062
vn 0.1051 0.9938 0.0361
vn 0.6541 0.7408 -0.1529
vn -0.5090 0.7407 0.4384
vn 0.0370 0.9702 0.2396
vn -0.1852 0.9604 0.2082
vn -0.2409 0.1580 0.9576
vn 0.4452 0.3749 0.8131
vn -0.1112 0.9938 0.0017
vn -0.0040 0.9942 0.1079
vn 0.3412 0.7473 0.5702
vn -0.5744 0.7410 -0.3478
vn -0.2280 0.9561 0.1843
vn -0.2550 0.9657 -0.0487
vn -0.8099 0.3484 -0.4720
vn -0.9743 0.1330 0.1817
vn -0.2836 0.9496 0.1333
vn -0.3109 0.9497 -0.0391
vn -0.9745 0.0759 0.2112
vn -0.9921 0.0759 0.1002
vn -0.2275 0.9657 0.1251
vn -0.2738 0.9560 -0.1049
vn -0.9828 0.1330 0.1283
vn -0.6238 0.3485 0.6996
vn -0.0361 0.9938 -0.1051
vn -0.1062 0.9938 0.0326
vn -0.4384 0.7407 0.5090
vn 0.1528 0.7408 -0.6541
vn -0.2458 0.9560 -0.1599
vn -0.0326 0.9657 -0.2576
vn 0.1979 0.3483 -0.9163
vn -0.4741 0.1329 -0.8704
vn -0.2188 0.9498 -0.2237
vn -0.0605 0.9500 -0.3064
vn -0.5066 0.0764 -0.8588
vn -0.4401 0.0789 -0.8945
vn 0.0876 0.9942 -0.0616
vn -0.0645 0.9943 -0.0853
vn -0.6125 0.7477 -0.2565
vn 0.6615 0.7479 -0.0562
vn 0.1115 0.9562 0.2706
vn -0.1235 0.9661 0.2269
vn -0.6976 0.3506 0.6248
vn -0.0826 0.1385 0.9869
vn 0.0516 0.9542 0.2948
vn -0.1081 0.9552 0.2755
vn 0.0026 0.0880 0.9961
vn -0.1462 0.0985 0.9843
vn -0.1949 0.9666 -0.1665
vn -0.0041 0.9602 -0.2792
vn -0.5000 0.1399 -0.8547
vn -0.8635 0.3479 -0.3651
vn -0.2288 0.1989 0.9529
vn -0.0769 0.1989 0.9770
vn -0.5121 0.1989 0.8356
vn -0.3750 0.1989 0.9054
vn -0.7452 0.1989 0.6365
vn -0.6365 0.1989 0.7452
vn -0.9054 0.1989 0.3750
vn -0.8356 0.1989 0.5121
vn -0.9770 0.1989 0.0769
vn -0.9529 0.1989 0.2288
vn -0.9529 0.1989 -0.2288
vn -0.9770 0.1989 -0.0769
vn -0.8356 0.1989 -0.5121
vn -0.9054 0.1989 -0.3750
vn -0.6365 0.1989 -0.7452
vn -0.7452 0.1989 -0.6365
vn -0.3750 0.1989 -0.9054
vn -0.5121 0.1989 -0.8356
vn -0.0769 0.1989 -0.9770
vn -0.2288 0.1989 -0.9529
vn 0.2288 0.1989 -0.9529
vn 0.0769 0.1989 -0.9770
vn 0.5121 0.1989 -0.8356
vn 0.3750 0.1989 -0.9054
vn 0.7452 0.1989 -0.6365
vn 0.6365 0.1989 -0.7452
vn 0.9054 0.1989 -0.3750
vn 0.8356 0.1989 -0.5121
vn 0.9770 0.1989 -0.0769
vn 0.9529 0.1989 -0.2288
vn 0.9529 0.1989 0.2288
vn 0.9770 0.1989 0.0769
vn 0.8356 0.1989 0.5121
vn 0.9054 0.1989 0.3750
vn 0.6365 0.1989 0.7452
vn 0.7452 0.1989 0.6365
vn 0.3750 0.1989 0.9054
vn 0.5121 0.1989 0.8356
vn 0.0769 0.1989 0.9770
vn 0.2288 0.1989 0.9529
vn 0.0002 -1.0000 -0.0012
vn 0.0001 -1.0000 -0.0012
vn 0.0006 -1.0000 -0.0010
vn 0.0005 -1.0000 -0.0011
vn 0.0009 -1.0000 -0.0008
vn 0.0008 -1.0000 -0.0009
vn 0.0011 -1.0000 -0.0005
vn 0.0010 -1.0000 -0.0006
vn 0.0012 -1.0000 -0.0001
vn 0.0012 -1.0000 -0.0002
vn 0.0012 -1.0000 0.0002
vn 0.0012 -1.0000 0.0001
vn 0.0010 -1.0000 0.0006
vn 0.0011 -1.0000 0.0005
vn 0.0008 -1.0000 0.0009
vn 0.0009 -1.0000 0.0008
vn 0.0005 -1.0000 0.0011
vn 0.0006 -1.0000 0.0010
vn 0.0001 -1.0000 0.0012
vn 0.0003 -1.0000 0.0012
vn -0.0003 -1.0000 0.0012
vn -0.0001 -1.0000 0.0012
vn -0.0006 -1.0000 0.0010
vn -0.0005 -1.0000 0.0011
vn -0.0009 -1.0000 0.0008
vn -0.0008 -1.0000 0.0009
vn -0.0011 -1.0000 0.0005
vn -0.0010 -1.0000 0.0006
vn -0.0012 -1.0000 0.0001
vn -0.0012 -1.0000 0.0003
vn -0.0012 -1.0000 -0.0003
vn -0.0012 -1.0000 -0.0001
vn -0.0010 -1.0000 -0.0006
vn -0.0011 -1.0000 -0.0005
vn -0.0008 -1.0000 -0.0009
vn -0.0009 -1.0000 -0.0008
vn -0.0005 -1.0000 -0.0011
vn -0.0006 -1.0000 -0.0010
vn -0.0001 -1.0000 -0.0012
vn -0.0002 -1.0000 -0.0012
vt 1.000000 0.625000
vt 1.000000 0.750000
vt 0.975000 0.750000
vt 0.975000 0.663195
vt 1.000000 0.875000
vt 1.000000 1.000000
vt 0.975000 0.923611
vt 0.975000 0.836806
vt 0.950000 0.916667
vt 0.950000 0.833333
vt 0.950000 0.750000
vt 0.950000 0.666667
vt 0.925000 0.750000
vt 0.925000 0.666667
vt 0.925000 0.916667
vt 0.925000 0.833333
vt 0.900000 0.916667
vt 0.900000 0.833333
vt 0.900000 0.750000
vt 0.900000 0.666667
vt 0.875000 0.750000
vt 0.875000 0.666667
vt 0.875000 0.916667
vt 0.875000 0.833333
vt 0.850000 0.916667
vt 0.850000 0.833333
vt 0.850000 0.750000
vt 0.850000 0.666667
vt 0.825000 0.750000
vt 0.825000 0.666667
vt 0.825000 0.916667
vt 0.825000 0.833333
vt 0.800000 0.916667
vt 0.800000 0.833333
vt 0.800000 0.750000
vt 0.800000 0.666667
vt 0.775000 0.750000
vt 0.775000 0.666667
vt 0.775000 0.916667
vt 0.775000 0.833333
vt 0.750000 0.916667
vt 0.750000 0.833333
vt 0.750000 0.750000
vt 0.750000 0.666667
vt 0.725000 0.750000
vt 0.725000 0.666667
vt 0.725000 0.916667
vt 0.725000 0.833333
vt 0.700000 0.916667
vt 0.700000 0.833333
vt 0.700000 0.750000
vt 0.700000 0.666667
vt 0.675000 0.750000
vt 0.675000 0.666667
vt 0.675000 0.916667
vt 0.675000 0.833333
vt 0.650000 0.916667
vt 0.650000 0.833333
vt 0.650000 0.750000
vt 0.650000 0.666667
vt 0.625000 0.750000
vt 0.625000 0.666667
vt 0.625000 0.916667
vt 0.625000 0.833333
vt 0.600000 0.916667
vt 0.600000 0.833333
vt 0.600000 0.750000
vt 0.600000 0.666667
vt 0.575000 0.750000
vt 0.575000 0.666667
vt 0.575000 0.916667
vt 0.575000 0.833333
vt 0.550000 0.916667
vt 0.550000 0.833333
vt 0.550000 0.750000
vt 0.550000 0.666667
vt 0.525000 0.750000
vt 0.525000 0.666667
vt 0.525000 0.916667
vt 0.525000 0.833333
vt 0.500000 0.916667
vt 0.500000 0.833333
vt 0.500000 0.750000
vt 0.500000 0.666667
vt 0.475000 0.750000
vt 0.475000 0.666667
vt 0.475000 0.916667
vt 0.475000 0.833333
vt 0.450000 0.916667
vt 0.450000 0.833333
vt 0.450000 0.750000
vt 0.450000 0.666667
vt 0.425000 0.750000
vt 0.425000 0.666667
vt 0.425000 0.916667
vt 0.425000 0.833333
vt 0.400000 0.916667
vt 0.400000 0.833333
vt 0.400000 0.750000
vt 0.400000 0.666667
vt 0.375000 0.750000
vt 0.375000 0.666667
vt 0.375000 0.916667
vt 0.375000 0.833333
vt 0.350000 0.916667
vt 0.350000 0.833333
vt 0.350000 0.750000
vt 0.350000 0.666667
vt 0.325000 0.750000
vt 0.325000 0.666667
vt 0.325000 0.916667
vt 0.325000 0.833333
vt 0.300000 0.916667
vt 0.300000 0.833333
vt 0.300000 0.750000
vt 0.300000 0.666667
vt 0.275000 0.750000
vt 0.275000 0.666667
vt 0.275000 0.916667
vt 0.275000 0.833333
vt 0.250000 0.916667
vt 0.250000 0.833333
vt 0.250000 0.750000
vt 0.250000 0.666667
vt 0.225000 0.750000
vt 0.225000 0.666667
vt 0.225000 0.916667
vt 0.225000 0.833333
vt 0.200000 0.916667
vt 0.200000 0.833333
vt 0.200000 0.750000
vt 0.200000 0.666667
vt 0.175000 0.750000
vt 0.175000 0.666667
vt 0.175000 0.916667
vt 0.175000 0.833333
vt 0.150000 0.916667
vt 0.150000 0.833333
vt 0.150000 0.750000
vt 0.150000 0.666667
vt 0.125000 0.750000
vt 0.125000 0.666667
vt 0.125000 0.916667
vt 0.125000 0.833333
vt 0.100000 0.916667
vt 0.100000 0.833333
vt 0.100000 0.750000
vt 0.100000 0.666667
vt 0.650000 1.000000
vt 0.675000 1.000000
vt 0.675000 1.000000
vt 0.650000 1.000000
vt 0.700000 1.000000
vt 0.700000 1.000000
vt 0.075000 0.750000
vt 0.075000 0.666667
vt 0.075000 0.916667
vt 0.075000 0.833333
vt 0.050000 0.916667
vt 0.050000 0.833333
vt 0.050000 0.750000
vt 0.050000 0.666667
vt 0.025000 0.750000
vt 0.025000 0.663195
vt 0.025000 0.923611
vt 0.025000 0.836806
vt -0.000000 1.000000
vt -0.000000 0.875000
vt -0.000000 0.750000
vt -0.000000 0.625000
vt 0.800000 0.500000
vt 0.775000 0.500000
vt 0.775000 0.500000
vt 0.800000 0.500000
vt 0.750000 0.500000
vt 0.750000 0.500000
vt 0.750000 0.500000
vt 0.775000 0.500000
vt 0.800000 0.500000
vt 0.800000 0.500000
vt 0.350000 1.000000
vt 0.375000 1.000000
vt 0.375000 1.000000
vt 0.350000 1.000000
vt 0.400000 1.000000
vt 0.400000 1.000000
vt 0.425000 1.000000
vt 0.425000 1.000000
vt 0.450000 1.000000
vt 0.450000 1.000000
vt 0.150000 1.000000
vt 0.175000 1.000000
vt 0.175000 1.000000
vt 0.150000 1.000000
vt 0.200000 1.000000
vt 0.200000 1.000000
vt 0.750000 1.000000
vt 0.775000 1.000000
vt 0.775000 1.000000
vt 0.750000 1.000000
vt 0.800000 1.000000
vt 0.800000 1.000000
vt 0.500000 1.000000
vt 0.525000 1.000000
vt 0.525000 1.000000
vt 0.500000 1.000000
vt 0.550000 1.000000
vt 0.550000 1.000000
vt 0.250000 1.000000
vt 0.275000 1.000000
vt 0.250000 1.000000
vt 0.300000 1.000000
vt 0.300000 1.000000
vt 0.025000 1.000000
vt -0.000000 1.000000
vt 0.050000 1.000000
vt 0.850000 1.000000
vt 0.875000 1.000000
vt 0.875000 1.000000
vt 0.850000 1.000000
vt 0.900000 1.000000
vt 0.900000 1.000000
vt 0.600000 1.000000
vt 0.625000 1.000000
vt 0.625000 1.000000
vt 0.600000 1.000000
vt 0.950000 1.000000
vt 0.975000 1.000000
vt 0.950000 1.000000
vt 1.000000 1.000000
vt 0.100000 1.000000
vt 0.125000 1.000000
vt 0.100000 1.000000
vt 0.725000 1.000000
vt 0.725000 1.000000
vt 0.475000 1.000000
vt 0.475000 1.000000
vt 0.225000 1.000000
vt 0.825000 1.000000
vt 0.825000 1.000000
vt 0.575000 1.000000
vt 0.325000 1.000000
vt 0.325000 1.000000
vt 0.075000 1.000000
vt 0.925000 1.000000
vt 0.050000 1.000000
vt 0.600000 1.000000
vt 0.625000 1.000000
vt 0.625000 1.000000
vt 0.600000 1.000000
vt 0.650000 1.000000
vt 0.650000 1.000000
vt 0.625000 1.000000
vt 0.050000 1.000000
vt 0.025000 1.000000
vt 0.225000 1.000000
vt 0.200000 1.000000
vt 0.304346 0.417258
vt 0.274228 0.402968
vt 0.250000 0.250000
vt 0.320312 0.387994
vt 0.250000 0.425866
vt 0.225772 0.402968
vt 0.195655 0.417258
vt 0.179688 0.387994
vt 0.146629 0.392278
vt 0.140487 0.359513
vt 0.107722 0.353371
vt 0.112006 0.320312
vt 0.082742 0.304346
vt 0.097032 0.274228
vt 0.074134 0.250000
vt 0.097032 0.225772
vt 0.082742 0.195655
vt 0.112006 0.179688
vt 0.107722 0.146629
vt 0.140487 0.140487
vt 0.146629 0.107722
vt 0.179688 0.112006
vt 0.195655 0.082742
vt 0.225772 0.097032
vt 0.250000 0.074134
vt 0.274228 0.097032
vt 0.304346 0.082742
vt 0.320312 0.112006
vt 0.353371 0.107722
vt 0.359513 0.140487
vt 0.392278 0.146629
vt 0.387994 0.179688
vt 0.417258 0.195655
vt 0.402968 0.225772
vt 0.425866 0.250000
vt 0.402968 0.274228
vt 0.417258 0.304345
vt 0.387994 0.320312
vt 0.392278 0.353371
vt 0.359513 0.359513
vt 0.353371 0.392278
vt 0.975000 1.000000
vt 0.950000 1.000000
vt 0.975000 1.000000
vt 0.950000 1.000000
vt 0.225000 1.000000
vt 0.250000 1.000000
vt 0.250000 1.000000
vt 0.250000 1.000000
vt 0.225000 1.000000
vt 0.550000 1.000000
vt 0.575000 1.000000
vt 0.575000 1.000000
vt 0.550000 1.000000
vt 0.575000 1.000000
vt 0.900000 1.000000
vt 0.925000 1.000000
vt 0.925000 1.000000
vt 0.900000 1.000000
vt 0.925000 1.000000
vt 0.900000 1.000000
vt 0.150000 1.000000
vt 0.175000 1.000000
vt 0.175000 1.000000
vt 0.175000 1.000000
vt 0.500000 1.000000
vt 0.525000 1.000000
vt 0.525000 1.000000
vt 0.850000 1.000000
vt 0.875000 1.000000
vt 0.875000 1.000000
vt 0.850000 1.000000
vt 0.100000 1.000000
vt 0.125000 1.000000
vt 0.125000 1.000000
vt 0.475000 1.000000
vt 0.475000 1.000000
vt 0.450000 1.000000
vt 0.450000 1.000000
vt 0.800000 1.000000
vt 0.825000 1.000000
vt 0.825000 1.000000
vt 0.800000 1.000000
vt 0.075000 1.000000
vt 0.075000 1.000000
vt 0.050000 1.000000
vt 0.400000 1.000000
vt 0.425000 1.000000
vt 0.425000 1.000000
vt 0.400000 1.000000
vt 0.775000 1.000000
vt 0.750000 1.000000
vt 0.025000 1.000000
vt 0.025000 1.000000
vt 0.350000 1.000000
vt 0.375000 1.000000
vt 0.375000 1.000000
vt 0.350000 1.000000
vt 0.375000 1.000000
vt 0.700000 1.000000
vt 0.725000 1.000000
vt 0.700000 1.000000
vt 0.700000 1.000000
vt 0.300000 1.000000
vt 0.325000 1.000000
vt 0.325000 1.000000
vt 0.300000 1.000000
vt 0.675000 1.000000
vt 0.675000 1.000000
vt 0.275000 1.000000
vt 0.275000 1.000000
vt 0.950000 0.500000
vt 0.925000 0.500000
vt 0.925000 0.500000
vt 0.950000 0.500000
vt 0.900000 0.500000
vt 0.900000 0.500000
vt 0.925000 0.500000
vt 0.925000 0.500000
vt 0.950000 0.500000
vt 0.950000 0.500000
vt 0.550000 0.500000
vt 0.525000 0.500000
vt 0.550000 0.500000
vt 0.500000 0.500000
vt 0.500000 0.500000
vt 0.500000 0.500000
vt 0.300000 0.500000
vt 0.275000 0.500000
vt 0.275000 0.500000
vt 0.300000 0.500000
vt 0.250000 0.500000
vt 0.250000 0.500000
vt 0.275000 0.500000
vt 0.250000 0.500000
vt 0.275000 0.500000
vt 0.300000 0.500000
vt 0.300000 0.500000
vt 0.050000 0.500000
vt 0.025000 0.500000
vt 0.025000 0.500000
vt 0.050000 0.500000
vt -0.000000 0.500000
vt -0.000000 0.500000
vt 0.025000 0.500000
vt 0.025000 0.500000
vt 0.050000 0.500000
vt 0.900000 0.500000
vt 0.875000 0.500000
vt 0.850000 0.500000
vt 0.850000 0.500000
vt 0.875000 0.500000
vt 0.875000 0.500000
vt 0.650000 0.500000
vt 0.625000 0.500000
vt 0.625000 0.500000
vt 0.650000 0.500000
vt 0.600000 0.500000
vt 0.600000 0.500000
vt 0.625000 0.500000
vt 0.600000 0.500000
vt 0.625000 0.500000
vt 1.000000 0.500000
vt 0.975000 0.500000
vt 0.975000 0.500000
vt 1.000000 0.500000
vt 0.975000 0.500000
vt 0.400000 0.500000
vt 0.375000 0.500000
vt 0.400000 0.500000
vt 0.350000 0.500000
vt 0.350000 0.500000
vt 0.350000 0.500000
vt 0.350000 0.500000
vt 0.375000 0.500000
vt 0.150000 0.500000
vt 0.125000 0.500000
vt 0.125000 0.500000
vt 0.150000 0.500000
vt 0.100000 0.500000
vt 0.100000 0.500000
vt 0.125000 0.500000
vt 0.100000 0.500000
vt 0.100000 0.500000
vt 0.725000 0.500000
vt 0.725000 0.500000
vt 0.700000 0.500000
vt 0.725000 0.500000
vt 0.700000 0.500000
vt 0.700000 0.500000
vt 0.475000 0.500000
vt 0.475000 0.500000
vt 0.450000 0.500000
vt 0.450000 0.500000
vt 0.450000 0.500000
vt 0.450000 0.500000
vt 0.475000 0.500000
vt 0.225000 0.500000
vt 0.225000 0.500000
vt 0.200000 0.500000
vt 0.200000 0.500000
vt 0.200000 0.500000
vt 0.200000 0.500000
vt 0.825000 0.500000
vt 0.825000 0.500000
vt 0.825000 0.500000
vt 0.575000 0.500000
vt 0.575000 0.500000
vt 0.575000 0.500000
vt 0.575000 0.500000
vt 0.325000 0.500000
vt 0.325000 0.500000
vt 0.075000 0.500000
vt 0.075000 0.500000
vt 0.075000 0.500000
vt 0.675000 0.500000
vt 0.675000 0.500000
vt 0.675000 0.500000
vt 0.425000 0.500000
vt 0.425000 0.500000
vt 0.425000 0.500000
vt 0.175000 0.500000
vt 0.175000 0.500000
vt 0.200000 0.500000
vt 0.150000 0.500000
vt 0.150000 0.500000
vt 0.200000 0.500000
vt 0.525000 0.500000
vt 0.500000 0.500000
vt 0.525000 0.500000
vt 0.550000 0.500000
vt 0.850000 0.500000
vt 0.125000 0.500000
vt 0.075000 0.500000
vt 0.050000 0.500000
vt 0.050000 0.500000
vt 0.075000 0.500000
vt 0.050000 0.500000
vt 0.425000 0.500000
vt 0.400000 0.500000
vt 0.425000 0.500000
vt 0.400000 0.500000
vt 0.750000 0.500000
vt 0.775000 0.500000
vt -0.000000 0.500000
vt 0.025000 0.500000
vt 0.350000 0.500000
vt 0.700000 0.500000
vt 0.725000 0.500000
vt 0.700000 0.500000
vt 0.300000 0.500000
vt 0.300000 0.500000
vt 0.675000 0.500000
vt 0.250000 0.500000
vt 0.275000 0.500000
vt 0.625000 0.500000
vt 1.000000 0.500000
vt 0.825000 0.500000
vt 0.800000 0.500000
vt 0.825000 0.500000
vt 0.425000 0.500000
vt 0.775000 0.500000
vt 0.750000 0.500000
vt 0.750000 0.500000
vt 0.375000 0.500000
vt 0.350000 0.500000
vt 0.725000 0.500000
vt 0.325000 0.500000
vt 0.300000 0.500000
vt 0.625000 0.500000
vt 0.600000 0.500000
vt 0.950000 0.500000
vt 0.950000 0.500000
vt 0.975000 0.500000
vt 0.225000 0.500000
vt 0.200000 0.500000
vt 0.200000 0.500000
vt 0.550000 0.500000
vt 0.925000 0.500000
vt 0.525000 0.500000
vt 0.125000 0.500000
vt 0.750000 0.291013
vt 0.756337 0.290009
vt 0.750000 0.250000
vt 0.743663 0.290009
vt 0.762674 0.289006
vt 0.768390 0.286093
vt 0.774107 0.283180
vt 0.778643 0.278644
vt 0.783180 0.274107
vt 0.786093 0.268390
vt 0.789006 0.262674
vt 0.790009 0.256337
vt 0.791013 0.250000
vt 0.790009 0.243663
vt 0.789006 0.237326
vt 0.786093 0.231610
vt 0.783180 0.225893
vt 0.778644 0.221357
vt 0.774107 0.216820
vt 0.768390 0.213907
vt 0.762674 0.210994
vt 0.756337 0.209991
vt 0.750000 0.208987
vt 0.743663 0.209991
vt 0.737326 0.210994
vt 0.731610 0.213907
vt 0.725893 0.216820
vt 0.721357 0.221357
vt 0.716820 0.225893
vt 0.713907 0.231610
vt 0.710994 0.237326
vt 0.709991 0.243663
vt 0.708987 0.250000
vt 0.709991 0.256337
vt 0.710994 0.262674
vt 0.713907 0.268390
vt 0.716820 0.274107
vt 0.721357 0.278644
vt 0.725893 0.283180
vt 0.731610 0.286093
vt 0.737326 0.289006
vt 0.250000 0.480280
vt 0.286023 0.477439
vt 0.286843 0.482614
vt 0.250000 0.485685
vt 0.321161 0.469010
vt 0.322831 0.474150
vt 0.324164 0.478254
vt 0.287082 0.484127
vt 0.250000 0.490000
vt 0.354542 0.455176
vt 0.356921 0.459845
vt 0.385355 0.436301
vt 0.388532 0.440673
vt 0.391068 0.444164
vt 0.357616 0.461209
vt 0.412829 0.412829
vt 0.416534 0.416534
vt 0.436301 0.385355
vt 0.440673 0.388532
vt 0.444164 0.391068
vt 0.417616 0.417616
vt 0.455176 0.354542
vt 0.459845 0.356921
vt 0.469010 0.321161
vt 0.474150 0.322831
vt 0.478254 0.324164
vt 0.461209 0.357616
vt 0.477439 0.286023
vt 0.482614 0.286843
vt 0.480280 0.250000
vt 0.485685 0.250000
vt 0.490000 0.250000
vt 0.484127 0.287082
vt 0.477439 0.213977
vt 0.482614 0.213158
vt 0.469010 0.178840
vt 0.474150 0.177169
vt 0.478254 0.175836
vt 0.484127 0.212918
vt 0.455176 0.145458
vt 0.459845 0.143079
vt 0.436301 0.114645
vt 0.440673 0.111468
vt 0.444164 0.108932
vt 0.461209 0.142384
vt 0.412829 0.087172
vt 0.416534 0.083466
vt 0.385355 0.063699
vt 0.388532 0.059327
vt 0.391068 0.055836
vt 0.417616 0.082384
vt 0.354542 0.044824
vt 0.356921 0.040155
vt 0.321161 0.030991
vt 0.322831 0.025850
vt 0.324164 0.021746
vt 0.357616 0.038791
vt 0.286023 0.022561
vt 0.286843 0.017386
vt 0.250000 0.019720
vt 0.250000 0.014315
vt 0.250000 0.010000
vt 0.287082 0.015873
vt 0.213977 0.022561
vt 0.213158 0.017386
vt 0.178840 0.030991
vt 0.177169 0.025850
vt 0.175836 0.021746
vt 0.212918 0.015873
vt 0.145458 0.044824
vt 0.143079 0.040155
vt 0.114645 0.063699
vt 0.111468 0.059327
vt 0.108932 0.055836
vt 0.142384 0.038791
vt 0.087172 0.087172
vt 0.083466 0.083466
vt 0.063699 0.114645
vt 0.059327 0.111468
vt 0.055836 0.108932
vt 0.082384 0.082384
vt 0.044824 0.145458
vt 0.040155 0.143079
vt 0.030991 0.178840
vt 0.025850 0.177169
vt 0.021746 0.175836
vt 0.038791 0.142384
vt 0.022561 0.213977
vt 0.017386 0.213158
vt 0.019720 0.250000
vt 0.014315 0.250000
vt 0.010000 0.250000
vt 0.015873 0.212918
vt 0.022561 0.286023
vt 0.017386 0.286843
vt 0.030991 0.321161
vt 0.025850 0.322831
vt 0.021746 0.324164
vt 0.015873 0.287082
vt 0.044824 0.354542
vt 0.040155 0.356921
vt 0.063699 0.385355
vt 0.059327 0.388532
vt 0.055836 0.391068
vt 0.038791 0.357616
vt 0.087172 0.412829
vt 0.083466 0.416534
vt 0.114645 0.436301
vt 0.111468 0.440673
vt 0.108932 0.444164
vt 0.082384 0.417616
vt 0.145458 0.455176
vt 0.143079 0.459845
vt 0.178840 0.469010
vt 0.177169 0.474150
vt 0.175836 0.478254
vt 0.142384 0.461209
vt 0.213977 0.477439
vt 0.213158 0.482614
vt 0.212918 0.484127
vt 0.300000 1.000000
vt 0.675000 1.000000
vt 0.950000 1.000000
vt 0.600000 1.000000
vt 0.975000 1.000000
vt 0.750000 1.000000
vt 0.700000 1.000000
vt 0.650000 1.000000
vt 0.575000 1.000000
vt 0.550000 1.000000
vt 0.525000 1.000000
vt 0.450000 1.000000
vt 0.425000 1.000000
vt 0.400000 1.000000
vt 0.350000 1.000000
vt 0.300000 1.000000
vt 0.275000 1.000000
vt 0.250000 1.000000
vt 0.200000 1.000000
vt 0.075000 1.000000
vt 0.050000 1.000000
vt 0.750000 0.291013
vt 0.743645 0.290600
vt 0.743509 0.292679
vt 0.748240 0.318371
vt 0.737533 0.288369
vt 0.737516 0.288422
vt 0.737326 0.289006
vt 0.850000 0.500000
vt 0.800000 0.500000
vt 0.075000 0.500000
vt 0.100000 0.500000
vt 0.790009 0.256337
vt 0.887068 0.271709
vt 0.890507 0.250000
vt 0.883630 0.293419
vt 0.978254 0.324164
vt 0.984127 0.287082
vt 0.990000 0.250000
vt 0.782639 0.226286
vt 0.785946 0.231685
vt 0.785970 0.231672
vt 0.782684 0.226254
vt 0.788369 0.237533
vt 0.788422 0.237516
vt 0.789006 0.237326
vt 0.786093 0.231610
vt 0.783180 0.225893
vt 0.737533 0.211631
vt 0.743689 0.210154
vt 0.743685 0.210127
vt 0.737516 0.211578
vt 0.750000 0.209656
vt 0.750000 0.209600
vt 0.750000 0.208987
vt 0.743663 0.209991
vt 0.737326 0.210994
vt 0.900000 0.500000
vt 0.768390 0.213907
vt 0.813003 0.126349
vt 0.793419 0.116370
vt 0.832588 0.136328
vt 0.891069 0.055836
vt 0.857616 0.038791
vt 0.824164 0.021746
vt 0.716820 0.225893
vt 0.636328 0.167412
vt 0.634011 0.165947
vt 0.693652 0.211236
vt 0.555836 0.108932
vt 0.721357 0.221357
vt 0.651870 0.151870
vt 0.667412 0.136328
vt 0.608932 0.055836
vt 0.582384 0.082384
vt 0.790600 0.243645
vt 0.792679 0.243509
vt 0.818371 0.248240
vt 0.791013 0.250000
vt 0.756502 0.209423
vt 0.757015 0.207404
vt 0.769454 0.184431
vt 0.762674 0.210994
vt 0.756337 0.209991
vt 0.713907 0.268390
vt 0.626349 0.313003
vt 0.636328 0.332588
vt 0.616370 0.293419
vt 0.521747 0.324164
vt 0.538791 0.357616
vt 0.555836 0.391069
vt 0.925000 0.500000
vt 0.665947 0.134011
vt 0.711236 0.193652
vt 0.725893 0.216820
vt 0.667412 0.136328
vt 0.756337 0.290009
vt 0.771710 0.387068
vt 0.793419 0.383630
vt 0.750000 0.390507
vt 0.750000 0.490000
vt 0.787082 0.484127
vt 0.824164 0.478254
vt 0.225000 0.500000
vt 0.200000 0.500000
vt 0.225000 0.500000
vt 0.786649 0.268590
vt 0.788584 0.269362
vt 0.814481 0.272802
vt 0.782639 0.273714
vt 0.782684 0.273746
vt 0.783180 0.274107
vt 0.786093 0.268390
vt 0.789006 0.262674
vt 0.731685 0.285946
vt 0.731672 0.285970
vt 0.726286 0.282639
vt 0.726254 0.282684
vt 0.725893 0.283180
vt 0.731610 0.286093
vt 0.774107 0.283180
vt 0.768390 0.286093
vt 0.812891 0.373496
vt 0.831465 0.362127
vt 0.857616 0.461209
vt 0.891068 0.444164
vt 0.847863 0.347863
vt 0.862127 0.331465
vt 0.917616 0.417616
vt 0.944164 0.391068
vt 0.873496 0.312891
vt 0.961209 0.357616
vt 0.886886 0.228350
vt 0.881813 0.207171
vt 0.984127 0.212918
vt 0.978254 0.175836
vt 0.873315 0.187168
vt 0.862127 0.168535
vt 0.961209 0.142384
vt 0.944164 0.108932
vt 0.847975 0.151982
vt 0.917616 0.082384
vt 0.731610 0.213907
vt 0.687056 0.126531
vt 0.707171 0.118187
vt 0.675836 0.021746
vt 0.642384 0.038791
vt 0.710994 0.237326
vt 0.713907 0.231610
vt 0.626531 0.187056
vt 0.618187 0.207171
vt 0.538791 0.142384
vt 0.521746 0.175836
vt 0.708987 0.250000
vt 0.709991 0.243663
vt 0.613305 0.228350
vt 0.611404 0.250000
vt 0.515873 0.212918
vt 0.510000 0.250000
vt 0.709991 0.256337
vt 0.613123 0.271709
vt 0.515873 0.287082
vt 0.721357 0.278644
vt 0.651982 0.347975
vt 0.668535 0.362127
vt 0.582384 0.417616
vt 0.608932 0.444164
vt 0.687168 0.373315
vt 0.707171 0.381813
vt 0.642384 0.461209
vt 0.675836 0.478254
vt 0.771709 0.113123
vt 0.750000 0.111404
vt 0.787082 0.015873
vt 0.750000 0.010000
vt 0.728350 0.113305
vt 0.712918 0.015873
vt 0.728350 0.386886
vt 0.712918 0.484127
vt 0.550000 0.500000
vt 0.500000 0.500000
vt 0.525000 0.500000
vt 0.779005 0.220889
vt 0.780338 0.219288
vt 0.791612 0.195721
vt 0.475000 0.500000
vt 0.450000 0.500000
vt 0.475000 0.500000
vt 0.613714 0.294097
vt 0.684431 0.269454
vt 0.750000 0.500000
vt 0.794432 0.386177
vt 0.772802 0.314481
vt 0.824164 0.478254
vt 0.025000 0.500000
vt 0.025000 0.500000
vt 0.731277 0.213419
vt 0.730166 0.211657
vt 0.634218 0.334338
vt 0.695721 0.291612
vt 0.650000 0.500000
vt 0.625000 0.500000
vt 0.886177 0.294432
vt 0.978254 0.324164
vt 0.711631 0.237533
vt 0.713419 0.231277
vt 0.711657 0.230166
vt 0.711578 0.237516
vt 0.893242 0.249824
vt 0.709656 0.250000
vt 0.710154 0.243689
vt 0.710127 0.243685
vt 0.709600 0.250000
vt 0.749824 0.393242
vt 0.750000 0.490000
vt 0.400000 0.500000
vt 0.709424 0.256502
vt 0.707404 0.257015
vt 0.773714 0.282639
vt 0.768590 0.286649
vt 0.769362 0.288584
vt 0.773746 0.282684
vt 0.325000 0.500000
vt 0.350000 0.500000
vt 0.834338 0.134218
vt 0.891069 0.055836
vt 0.720889 0.279005
vt 0.719288 0.280338
vt 0.778527 0.278527
vt 0.778546 0.278546
vt 0.275000 0.500000
vt 0.794097 0.113714
vt 0.824164 0.021746
vt 0.768332 0.285984
vt 0.773746 0.282684
vt 0.762502 0.288475
vt 0.778546 0.278546
vt 0.782684 0.273746
vt 0.785983 0.268332
vt 0.788475 0.262501
vt 0.789901 0.256320
vt 0.790455 0.250000
vt 0.789887 0.243685
vt 0.788422 0.237516
vt 0.785970 0.231672
vt 0.782684 0.226254
vt 0.778554 0.221443
vt 0.773779 0.217271
vt 0.768340 0.214005
vt 0.762501 0.211525
vt 0.731664 0.214018
vt 0.726221 0.217271
vt 0.737516 0.211578
vt 0.721434 0.221434
vt 0.717271 0.226221
vt 0.714018 0.231664
vt 0.711578 0.237516
vt 0.710127 0.243685
vt 0.709600 0.250000
vt 0.710113 0.256320
vt 0.711525 0.262501
vt 0.714005 0.268340
vt 0.717271 0.273779
vt 0.721443 0.278554
vt 0.726254 0.282684
vt 0.731672 0.285970
vt 0.737516 0.288422
vt 0.756320 0.289901
vt 0.750000 0.290455
vt 0.756320 0.210113
vt 0.750000 0.209600
vt 0.743685 0.210127
vt 0.743685 0.289887
vt 0.975000 0.576389
vt 0.975000 0.508681
vt 0.950000 0.583333
vt 0.950000 0.510417
vt 0.975000 0.991320
vt 0.950000 0.989583
vt 0.925000 0.583333
vt 0.925000 0.510417
vt 0.900000 0.583333
vt 0.900000 0.510417
vt 0.925000 0.989583
vt 0.900000 0.989583
vt 0.875000 0.583333
vt 0.875000 0.510417
vt 0.850000 0.583333
vt 0.850000 0.510417
vt 0.875000 0.989583
vt 0.850000 0.989583
vt 0.825000 0.583333
vt 0.825000 0.510417
vt 0.800000 0.583333
vt 0.800000 0.510417
vt 0.825000 0.989583
vt 0.800000 0.989583
vt 0.775000 0.583333
vt 0.775000 0.510417
vt 0.750000 0.583333
vt 0.750000 0.510417
vt 0.775000 0.989583
vt 0.750000 0.989583
vt 0.725000 0.583333
vt 0.725000 0.510417
vt 0.700000 0.583333
vt 0.700000 0.510417
vt 0.725000 0.989583
vt 0.700000 0.989583
vt 0.675000 0.583333
vt 0.675000 0.510417
vt 0.650000 0.583333
vt 0.650000 0.510417
vt 0.675000 0.989583
vt 0.650000 0.989583
vt 0.625000 0.583333
vt 0.625000 0.510417
vt 0.600000 0.583333
vt 0.600000 0.510417
vt 0.625000 0.989583
vt 0.600000 0.989583
vt 0.575000 0.583333
vt 0.575000 0.510417
vt 0.550000 0.583333
vt 0.550000 0.510417
vt 0.575000 0.989583
vt 0.550000 0.989583
vt 0.525000 0.583333
vt 0.525000 0.510417
vt 0.500000 0.583333
vt 0.500000 0.510417
vt 0.525000 0.989583
vt 0.500000 0.989583
vt 0.475000 0.583333
vt 0.475000 0.510417
vt 0.450000 0.583333
vt 0.450000 0.510417
vt 0.475000 0.989583
vt 0.450000 0.989583
vt 0.425000 0.583333
vt 0.425000 0.510417
vt 0.400000 0.583333
vt 0.400000 0.510417
vt 0.425000 0.989583
vt 0.400000 0.989583
vt 0.375000 0.583333
vt 0.375000 0.510417
vt 0.350000 0.583333
vt 0.350000 0.510417
vt 0.375000 0.989583
vt 0.350000 0.989583
vt 0.325000 0.583333
vt 0.325000 0.510417
vt 0.300000 0.583333
vt 0.300000 0.510417
vt 0.325000 0.989583
vt 0.300000 0.989583
vt 0.275000 0.583333
vt 0.275000 0.510417
vt 0.250000 0.583333
vt 0.250000 0.510417
vt 0.275000 0.989583
vt 0.250000 0.989583
vt 0.225000 0.583333
vt 0.225000 0.510417
vt 0.200000 0.583333
vt 0.200000 0.510417
vt 0.225000 0.989583
vt 0.200000 0.989583
vt 0.175000 0.583333
vt 0.175000 0.510417
vt 0.150000 0.583333
vt 0.150000 0.510417
vt 0.175000 0.989583
vt 0.150000 0.989583
vt 0.125000 0.583333
vt 0.125000 0.510417
vt 0.100000 0.583333
vt 0.100000 0.510417
vt 0.125000 0.989583
vt 0.100000 0.989583
vt 0.075000 0.583333
vt 0.075000 0.510417
vt 0.050000 0.583333
vt 0.050000 0.510417
vt 0.075000 0.989583
vt 0.050000 0.989583
vt 0.025000 0.576389
vt 0.025000 0.508681
vt 0.025000 0.991320
vt 0.283156 0.459337
vt 0.250000 0.463659
vt 0.316024 0.453202
vt 0.346222 0.438845
vt 0.375585 0.422854
vt 0.399869 0.399869
vt 0.422854 0.375585
vt 0.438845 0.346222
vt 0.453202 0.316024
vt 0.459337 0.283156
vt 0.463659 0.250000
vt 0.459337 0.216844
vt 0.453202 0.183976
vt 0.438845 0.153779
vt 0.422854 0.124415
vt 0.399869 0.100132
vt 0.375585 0.077147
vt 0.346222 0.061155
vt 0.316024 0.046799
vt 0.283156 0.040663
vt 0.250000 0.036341
vt 0.216844 0.040663
vt 0.183976 0.046799
vt 0.153779 0.061155
vt 0.124415 0.077147
vt 0.100132 0.100132
vt 0.077147 0.124415
vt 0.061155 0.153779
vt 0.046799 0.183976
vt 0.040663 0.216844
vt 0.036341 0.250000
vt 0.040663 0.283156
vt 0.046799 0.316024
vt 0.061155 0.346222
vt 0.077147 0.375585
vt 0.100132 0.399869
vt 0.124415 0.422854
vt 0.153779 0.438845
vt 0.183976 0.453202
vt 0.216844 0.459337
s 0
usemtl Material.007
f 2403/1/1 603/2/1 1781/3/1 2423/4/1
f 2363/5/2 2/6/2 1662/7/2 2383/8/2
f 2383/8/3 1662/7/3 4/9/3 2364/10/3
f 2423/4/4 1781/3/4 604/11/4 2404/12/4
f 2404/12/5 604/11/5 1782/13/5 2424/14/5
f 2364/10/6 4/9/6 1664/15/6 2384/16/6
f 2384/16/7 1664/15/7 6/17/7 2365/18/7
f 2424/14/8 1782/13/8 607/19/8 2405/20/8
f 2405/20/9 607/19/9 1783/21/9 2425/22/9
f 2365/18/10 6/17/10 1666/23/10 2385/24/10
f 2385/24/11 1666/23/11 8/25/11 2366/26/11
f 2425/22/12 1783/21/12 610/27/12 2406/28/12
f 2406/28/13 610/27/13 1784/29/13 2426/30/13
f 2366/26/14 8/25/14 1668/31/14 2386/32/14
f 2386/32/15 1668/31/15 10/33/15 2367/34/15
f 2426/30/16 1784/29/16 613/35/16 2407/36/16
f 2407/36/17 613/35/17 1785/37/17 2427/38/17
f 2367/34/18 10/33/18 1670/39/18 2387/40/18
f 2387/40/19 1670/39/19 12/41/19 2368/42/19
f 2427/38/20 1785/37/20 616/43/20 2408/44/20
f 2408/44/21 616/43/21 1786/45/21 2428/46/21
f 2368/42/22 12/41/22 1672/47/22 2388/48/22
f 2388/48/23 1672/47/23 14/49/23 2369/50/23
f 2428/46/24 1786/45/24 619/51/24 2409/52/24
f 2409/52/25 619/51/25 1787/53/25 2429/54/25
f 2369/50/26 14/49/26 1674/55/26 2389/56/26
f 2389/56/27 1674/55/27 16/57/27 2370/58/27
f 2429/54/28 1787/53/28 622/59/28 2410/60/28
f 2410/60/29 622/59/29 1788/61/29 2430/62/29
f 2370/58/30 16/57/30 1676/63/30 2390/64/30
f 2390/64/31 1676/63/31 18/65/31 2371/66/31
f 2430/62/32 1788/61/32 625/67/32 2411/68/32
f 2411/68/33 625/67/33 1789/69/33 2431/70/33
f 2371/66/34 18/65/34 1678/71/34 2391/72/34
f 2391/72/35 1678/71/35 20/73/35 2372/74/35
f 2431/70/36 1789/69/36 628/75/36 2412/76/36
f 2412/76/37 628/75/37 1790/77/37 2432/78/37
f 2372/74/38 20/73/38 1680/79/38 2392/80/38
f 2392/80/39 1680/79/39 22/81/39 2373/82/39
f 2432/78/40 1790/77/40 631/83/40 2413/84/40
f 2413/84/41 631/83/41 1791/85/41 2433/86/41
f 2373/82/42 22/81/42 1682/87/42 2393/88/42
f 2393/88/43 1682/87/43 24/89/43 2374/90/43
f 2433/86/44 1791/85/44 634/91/44 2414/92/44
f 2414/92/45 634/91/45 1792/93/45 2434/94/45
f 2374/90/46 24/89/46 1684/95/46 2394/96/46
f 2394/96/47 1684/95/47 26/97/47 2375/98/47
f 2434/94/48 1792/93/48 637/99/48 2415/100/48
f 2415/100/49 637/99/49 1793/101/49 2435/102/49
f 2375/98/50 26/97/50 1686/103/50 2395/104/50
f 2395/104/51 1686/103/51 28/105/51 2376/106/51
f 2435/102/52 1793/101/52 640/107/52 2416/108/52
f 2416/108/53 640/107/53 1794/109/53 2436/110/53
f 2376/106/54 28/105/54 1688/111/54 2396/112/54
f 2396/112/55 1688/111/55 30/113/55 2377/114/55
f 2436/110/56 1794/109/56 643/115/56 2417/116/56
f 2417/116/57 643/115/57 1795/117/57 2437/118/57
f 2377/114/58 30/113/58 1690/119/58 2397/120/58
f 2397/120/59 1690/119/59 32/121/59 2378/122/59
f 2437/118/60 1795/117/60 646/123/60 2418/124/60
f 2418/124/61 646/123/61 1796/125/61 2438/126/61
f 2378/122/62 32/121/62 1692/127/62 2398/128/62
f 2398/128/63 1692/127/63 34/129/63 2379/130/63
f 2438/126/64 1796/125/64 649/131/64 2419/132/64
f 2419/132/65 649/131/65 1797/133/65 2439/134/65
f 2379/130/66 34/129/66 1694/135/66 2399/136/66
f 2399/136/67 1694/135/67 36/137/67 2380/138/67
f 2439/134/68 1797/133/68 652/139/68 2420/140/68
f 2420/140/69 652/139/69 1798/141/69 2440/142/69
f 2380/138/70 36/137/70 1696/143/70 2400/144/70
f 2400/144/71 1696/143/71 38/145/71 2381/146/71
f 2440/142/72 1798/141/72 655/147/72 2421/148/72
f 556/149/73 621/150/73 1799/151/73 682/152/73
f 621/150/74 554/153/74 681/154/74 1799/151/74
f 1799/151/75 681/154/75 47/153/75 667/150/75
f 682/152/76 1799/151/76 667/150/76 48/149/76
f 2421/148/77 655/147/77 1800/155/77 2441/156/77
f 2381/146/78 38/145/78 1698/157/78 2401/158/78
f 2401/158/79 1698/157/79 40/159/79 2382/160/79
f 2441/156/80 1800/155/80 658/161/80 2422/162/80
f 2422/162/81 658/161/81 1801/163/81 2442/164/81
f 2382/160/82 40/159/82 1700/165/82 2402/166/82
f 2402/166/83 1700/165/83 2/167/83 2363/168/83
f 2442/164/84 1801/163/84 603/169/84 2403/170/84
f 2444/171/17 2463/172/17 1802/173/17 1122/174/17
f 2463/172/20 2443/175/20 1121/176/20 1802/173/20
f 2503/173/85 2483/177/85 266/177/85 1105/178/85
f 2484/179/86 2503/173/86 1105/178/86 265/180/86
f 54/181/87 673/182/87 1803/183/87 722/184/87
f 673/182/88 53/185/88 721/186/88 1803/183/88
f 1803/183/89 721/186/89 73/185/89 713/182/89
f 722/184/90 1803/183/90 713/182/90 74/181/90
f 566/185/91 636/187/91 1804/188/91 684/186/91
f 636/187/92 564/189/92 683/190/92 1804/188/92
f 1804/188/93 683/190/93 52/189/93 672/187/93
f 684/186/94 1804/188/94 672/187/94 53/185/94
f 576/191/95 651/192/95 1805/193/95 686/194/95
f 651/192/96 574/195/96 685/196/96 1805/193/96
f 1805/193/97 685/196/97 57/195/97 677/192/97
f 686/194/98 1805/193/98 677/192/98 58/191/98
f 552/197/99 615/198/99 1806/199/99 688/200/99
f 615/198/100 550/201/100 687/202/100 1806/199/100
f 1806/199/101 687/202/101 45/201/101 665/198/101
f 688/200/102 1806/199/102 665/198/102 46/197/102
f 562/203/103 630/204/103 1807/205/103 690/206/103
f 630/204/104 560/207/104 689/208/104 1807/205/104
f 1807/205/105 689/208/105 50/207/105 670/204/105
f 690/206/106 1807/205/106 670/204/106 51/203/106
f 572/209/107 645/210/107 1808/210/107 692/211/107
f 645/210/108 570/212/108 691/213/108 1808/210/108
f 1808/210/109 691/213/109 55/212/109 675/210/109
f 692/211/110 1808/210/110 675/210/110 56/209/110
f 544/167/111 660/214/111 1809/214/111 694/215/111
f 660/214/112 580/216/112 693/216/112 1809/214/112
f 1809/214/113 693/216/113 60/216/113 680/214/113
f 694/215/114 1809/214/114 680/214/114 41/167/114
f 548/217/115 609/218/115 1810/219/115 696/220/115
f 609/218/116 546/221/116 695/222/116 1810/219/116
f 1810/219/117 695/222/117 43/221/117 663/218/117
f 696/220/118 1810/219/118 663/218/118 44/217/118
f 558/223/119 624/224/119 1811/225/119 697/226/119
f 624/224/120 556/149/120 682/152/120 1811/225/120
f 1811/225/121 682/152/121 48/149/121 668/224/121
f 697/226/122 1811/225/122 668/224/122 49/223/122
f 543/227/123 602/228/123 1812/228/123 698/229/123
f 602/228/124 544/6/124 694/230/124 1812/228/124
f 1812/228/125 694/230/125 41/6/125 661/228/125
f 698/229/126 1812/228/126 661/228/126 42/227/126
f 568/181/127 639/182/127 1813/183/127 699/184/127
f 639/182/128 566/185/128 684/186/128 1813/183/128
f 1813/183/129 684/186/129 53/185/129 673/182/129
f 699/184/130 1813/183/130 673/182/130 54/181/130
f 578/231/131 654/232/131 1814/232/131 700/233/131
f 654/232/132 576/191/132 686/194/132 1814/232/132
f 1814/232/133 686/194/133 58/191/133 678/232/133
f 700/233/134 1814/232/134 678/232/134 59/231/134
f 554/153/135 618/234/135 1815/235/135 681/154/135
f 618/234/136 552/197/136 688/200/136 1815/235/136
f 1815/235/137 688/200/137 46/197/137 666/234/137
f 681/154/138 1815/235/138 666/234/138 47/153/138
f 564/189/139 633/236/139 1816/237/139 683/190/139
f 633/236/140 562/203/140 690/206/140 1816/237/140
f 1816/237/141 690/206/141 51/203/141 671/236/141
f 683/190/142 1816/237/142 671/236/142 52/189/142
f 574/195/143 648/238/143 1817/238/143 685/196/143
f 648/238/144 572/209/144 692/211/144 1817/238/144
f 1817/238/145 692/211/145 56/209/145 676/238/145
f 685/196/146 1817/238/146 676/238/146 57/195/146
f 550/201/147 612/239/147 1818/240/147 687/202/147
f 612/239/148 548/217/148 696/220/148 1818/240/148
f 1818/240/149 696/220/149 44/217/149 664/239/149
f 687/202/150 1818/240/150 664/239/150 45/201/150
f 560/207/151 627/241/151 1819/241/151 689/208/151
f 627/241/152 558/223/152 697/226/152 1819/241/152
f 1819/241/153 697/226/153 49/223/153 669/241/153
f 689/208/154 1819/241/154 669/241/154 50/207/154
f 570/212/155 642/242/155 1820/243/155 691/213/155
f 642/242/156 568/181/156 699/184/156 1820/243/156
f 1820/243/157 699/184/157 54/181/157 674/242/157
f 691/213/158 1820/243/158 674/242/158 55/212/158
f 580/216/159 657/244/159 1821/244/159 693/216/159
f 657/244/160 578/231/160 700/233/160 1821/244/160
f 1821/244/161 700/233/161 59/231/161 679/244/161
f 693/216/162 1821/244/162 679/244/162 60/216/162
f 546/221/163 606/245/163 1822/245/163 695/222/163
f 606/245/164 543/227/164 698/229/164 1822/245/164
f 1822/245/165 698/229/165 42/227/165 662/245/165
f 695/222/166 1822/245/166 662/245/166 43/221/166
f 71/203/167 710/204/167 1823/205/167 762/206/167
f 710/204/168 70/207/168 761/208/168 1823/205/168
f 1823/205/169 761/208/169 90/207/169 750/204/169
f 762/206/170 1823/205/170 750/204/170 91/203/170
f 47/153/171 666/234/171 1824/235/171 724/154/171
f 666/234/172 46/197/172 723/200/172 1824/235/172
f 1824/235/173 723/200/173 66/197/173 706/234/173
f 724/154/174 1824/235/174 706/234/174 67/153/174
f 55/212/175 674/242/175 1825/243/175 725/213/175
f 674/242/176 54/181/176 722/184/176 1825/243/176
f 1825/243/177 722/184/177 74/181/177 714/242/177
f 725/213/178 1825/243/178 714/242/178 75/212/178
f 48/149/179 667/150/179 1826/151/179 726/152/179
f 667/150/180 47/153/180 724/154/180 1826/151/180
f 1826/151/181 724/154/181 67/153/181 707/150/181
f 726/152/182 1826/151/182 707/150/182 68/149/182
f 56/209/183 675/210/183 1827/210/183 727/211/183
f 675/210/184 55/212/184 725/213/184 1827/210/184
f 1827/210/185 725/213/185 75/212/185 715/210/185
f 727/211/186 1827/210/186 715/210/186 76/209/186
f 49/223/187 668/224/187 1828/225/187 728/226/187
f 668/224/188 48/149/188 726/152/188 1828/225/188
f 1828/225/189 726/152/189 68/149/189 708/224/189
f 728/226/190 1828/225/190 708/224/190 69/223/190
f 42/227/191 661/228/191 1829/228/191 730/229/191
f 661/228/192 41/6/192 729/230/192 1829/228/192
f 1829/228/193 729/230/193 61/6/193 701/228/193
f 730/229/194 1829/228/194 701/228/194 62/227/194
f 57/195/195 676/238/195 1830/238/195 731/196/195
f 676/238/196 56/209/196 727/211/196 1830/238/196
f 1830/238/197 727/211/197 76/209/197 716/238/197
f 731/196/198 1830/238/198 716/238/198 77/195/198
f 50/207/199 669/241/199 1831/241/199 732/208/199
f 669/241/200 49/223/200 728/226/200 1831/241/200
f 1831/241/201 728/226/201 69/223/201 709/241/201
f 732/208/202 1831/241/202 709/241/202 70/207/202
f 43/221/203 662/245/203 1832/245/203 733/222/203
f 662/245/204 42/227/204 730/229/204 1832/245/204
f 1832/245/205 730/229/205 62/227/205 702/245/205
f 733/222/206 1832/245/206 702/245/206 63/221/206
f 58/191/207 677/192/207 1833/193/207 734/194/207
f 677/192/208 57/195/208 731/196/208 1833/193/208
f 1833/193/209 731/196/209 77/195/209 717/192/209
f 734/194/210 1833/193/210 717/192/210 78/191/210
f 51/203/211 670/204/211 1834/205/211 735/206/211
f 670/204/212 50/207/212 732/208/212 1834/205/212
f 1834/205/213 732/208/213 70/207/213 710/204/213
f 735/206/214 1834/205/214 710/204/214 71/203/214
f 44/217/215 663/218/215 1835/219/215 736/220/215
f 663/218/216 43/221/216 733/222/216 1835/219/216
f 1835/219/217 733/222/217 63/221/217 703/218/217
f 736/220/218 1835/219/218 703/218/218 64/217/218
f 59/231/219 678/232/219 1836/232/219 737/233/219
f 678/232/220 58/191/220 734/194/220 1836/232/220
f 1836/232/221 734/194/221 78/191/221 718/232/221
f 737/233/222 1836/232/222 718/232/222 79/231/222
f 52/189/223 671/236/223 1837/237/223 738/190/223
f 671/236/224 51/203/224 735/206/224 1837/237/224
f 1837/237/225 735/206/225 71/203/225 711/236/225
f 738/190/226 1837/237/226 711/236/226 72/189/226
f 45/201/227 664/239/227 1838/240/227 739/202/227
f 664/239/228 44/217/228 736/220/228 1838/240/228
f 1838/240/229 736/220/229 64/217/229 704/239/229
f 739/202/230 1838/240/230 704/239/230 65/201/230
f 60/216/231 679/244/231 1839/244/231 740/246/231
f 679/244/232 59/231/232 737/233/232 1839/244/232
f 1839/244/233 737/233/233 79/231/233 719/244/233
f 740/246/234 1839/244/234 719/244/234 80/216/234
f 53/185/235 672/187/235 1840/188/235 721/186/235
f 672/187/236 52/189/236 738/190/236 1840/188/236
f 1840/188/237 738/190/237 72/189/237 712/187/237
f 721/186/238 1840/188/238 712/187/238 73/185/238
f 46/197/239 665/198/239 1841/199/239 723/200/239
f 665/198/240 45/201/240 739/202/240 1841/199/240
f 1841/199/241 739/202/241 65/201/241 705/198/241
f 723/200/242 1841/199/242 705/198/242 66/197/242
f 41/167/243 680/214/243 1842/214/243 729/215/243
f 680/214/244 60/216/244 740/246/244 1842/214/244
f 1842/214/245 740/246/245 80/216/245 720/214/245
f 729/215/246 1842/214/246 720/214/246 61/167/246
f 88/149/247 747/150/247 1843/151/247 802/152/247
f 747/150/248 87/153/248 801/154/248 1843/151/248
f 1843/151/249 801/154/249 107/153/249 787/150/249
f 802/152/250 1843/151/250 787/150/250 108/149/250
f 64/217/251 703/218/251 1844/219/251 764/220/251
f 703/218/252 63/221/252 763/222/252 1844/219/252
f 1844/219/253 763/222/253 83/221/253 743/218/253
f 764/220/254 1844/219/254 743/218/254 84/217/254
f 79/231/255 718/232/255 1845/232/255 766/233/255
f 718/232/256 78/191/256 765/194/256 1845/232/256
f 1845/232/257 765/194/257 98/191/257 758/232/257
f 766/233/258 1845/232/258 758/232/258 99/231/258
f 72/189/259 711/236/259 1846/237/259 767/190/259
f 711/236/260 71/203/260 762/206/260 1846/237/260
f 1846/237/261 762/206/261 91/203/261 751/236/261
f 767/190/262 1846/237/262 751/236/262 92/189/262
f 65/201/263 704/239/263 1847/240/263 768/202/263
f 704/239/264 64/217/264 764/220/264 1847/240/264
f 1847/240/265 764/220/265 84/217/265 744/239/265
f 768/202/266 1847/240/266 744/239/266 85/201/266
f 80/216/267 719/244/267 1848/244/267 769/246/267
f 719/244/268 79/231/268 766/233/268 1848/244/268
f 1848/244/269 766/233/269 99/231/269 759/244/269
f 769/246/270 1848/244/270 759/244/270 100/216/270
f 73/185/271 712/187/271 1849/188/271 770/186/271
f 712/187/272 72/189/272 767/190/272 1849/188/272
f 1849/188/273 767/190/273 92/189/273 752/187/273
f 770/186/274 1849/188/274 752/187/274 93/185/274
f 66/197/275 705/198/275 1850/199/275 771/200/275
f 705/198/276 65/201/276 768/202/276 1850/199/276
f 1850/199/277 768/202/277 85/201/277 745/198/277
f 771/200/278 1850/199/278 745/198/278 86/197/278
f 61/167/279 720/214/279 1851/214/279 772/215/279
f 720/214/280 80/216/280 769/246/280 1851/214/280
f 1851/214/281 769/246/281 100/216/281 760/214/281
f 772/215/282 1851/214/282 760/214/282 81/167/282
f 74/181/283 713/182/283 1852/183/283 773/184/283
f 713/182/284 73/185/284 770/186/284 1852/183/284
f 1852/183/285 770/186/285 93/185/285 753/182/285
f 773/184/286 1852/183/286 753/182/286 94/181/286
f 67/153/287 706/234/287 1853/235/287 774/154/287
f 706/234/288 66/197/288 771/200/288 1853/235/288
f 1853/235/289 771/200/289 86/197/289 746/234/289
f 774/154/290 1853/235/290 746/234/290 87/153/290
f 75/212/291 714/242/291 1854/243/291 775/213/291
f 714/242/292 74/181/292 773/184/292 1854/243/292
f 1854/243/293 773/184/293 94/181/293 754/242/293
f 775/213/294 1854/243/294 754/242/294 95/212/294
f 68/149/295 707/150/295 1855/151/295 776/152/295
f 707/150/296 67/153/296 774/154/296 1855/151/296
f 1855/151/297 774/154/297 87/153/297 747/150/297
f 776/152/298 1855/151/298 747/150/298 88/149/298
f 76/209/299 715/210/299 1856/210/299 777/211/299
f 715/210/300 75/212/300 775/213/300 1856/210/300
f 1856/210/301 775/213/301 95/212/301 755/210/301
f 777/211/302 1856/210/302 755/210/302 96/209/302
f 69/223/303 708/224/303 1857/225/303 778/226/303
f 708/224/304 68/149/304 776/152/304 1857/225/304
f 1857/225/305 776/152/305 88/149/305 748/224/305
f 778/226/306 1857/225/306 748/224/306 89/223/306
f 62/227/307 701/228/307 1858/228/307 779/229/307
f 701/228/308 61/6/308 772/230/308 1858/228/308
f 1858/228/309 772/230/309 81/6/309 741/228/309
f 779/229/310 1858/228/310 741/228/310 82/227/310
f 77/195/311 716/238/311 1859/238/311 780/196/311
f 716/238/312 76/209/312 777/211/312 1859/238/312
f 1859/238/313 777/211/313 96/209/313 756/238/313
f 780/196/314 1859/238/314 756/238/314 97/195/314
f 70/207/315 709/241/315 1860/241/315 761/208/315
f 709/241/316 69/223/316 778/226/316 1860/241/316
f 1860/241/317 778/226/317 89/223/317 749/241/317
f 761/208/318 1860/241/318 749/241/318 90/207/318
f 63/221/319 702/245/319 1861/245/319 763/222/319
f 702/245/320 62/227/320 779/229/320 1861/245/320
f 1861/245/321 779/229/321 82/227/321 742/245/321
f 763/222/322 1861/245/322 742/245/322 83/221/322
f 78/191/323 717/192/323 1862/193/323 765/194/323
f 717/192/324 77/195/324 780/196/324 1862/193/324
f 1862/193/325 780/196/325 97/195/325 757/192/325
f 765/194/326 1862/193/326 757/192/326 98/191/326
f 105/201/327 784/239/327 1863/240/327 842/202/327
f 784/239/328 104/217/328 841/220/328 1863/240/328
f 1863/240/329 841/220/329 424/217/329 824/239/329
f 842/202/330 1863/240/330 824/239/330 425/201/330
f 96/209/331 755/210/331 1864/210/331 804/211/331
f 755/210/332 95/212/332 803/213/332 1864/210/332
f 1864/210/333 803/213/333 115/212/333 795/210/333
f 804/211/334 1864/210/334 795/210/334 116/209/334
f 89/223/335 748/224/335 1865/225/335 805/226/335
f 748/224/336 88/149/336 802/152/336 1865/225/336
f 1865/225/337 802/152/337 108/149/337 788/224/337
f 805/226/338 1865/225/338 788/224/338 109/223/338
f 82/227/339 741/228/339 1866/228/339 807/229/339
f 741/228/340 81/6/340 806/230/340 1866/228/340
f 1866/228/341 806/230/341 101/6/341 781/228/341
f 807/229/342 1866/228/342 781/228/342 102/227/342
f 97/195/343 756/238/343 1867/238/343 808/196/343
f 756/238/344 96/209/344 804/211/344 1867/238/344
f 1867/238/345 804/211/345 116/209/345 796/238/345
f 808/196/346 1867/238/346 796/238/346 117/195/346
f 90/207/347 749/241/347 1868/241/347 809/208/347
f 749/241/348 89/223/348 805/226/348 1868/241/348
f 1868/241/349 805/226/349 109/223/349 789/241/349
f 809/208/350 1868/241/350 789/241/350 110/207/350
f 83/221/351 742/245/351 1869/245/351 810/222/351
f 742/245/352 82/227/352 807/229/352 1869/245/352
f 1869/245/353 807/229/353 102/227/353 782/245/353
f 810/222/354 1869/245/354 782/245/354 103/221/354
f 98/191/355 757/192/355 1870/193/355 811/194/355
f 757/192/356 97/195/356 808/196/356 1870/193/356
f 1870/193/357 808/196/357 117/195/357 797/192/357
f 811/194/358 1870/193/358 797/192/358 118/191/358
f 91/203/359 750/204/359 1871/205/359 812/206/359
f 750/204/360 90/207/360 809/208/360 1871/205/360
f 1871/205/361 809/208/361 110/207/361 790/204/361
f 812/206/362 1871/205/362 790/204/362 111/203/362
f 84/217/363 743/218/363 1872/219/363 813/220/363
f 743/218/364 83/221/364 810/222/364 1872/219/364
f 1872/219/365 810/222/365 103/221/365 783/218/365
f 813/220/366 1872/219/366 783/218/366 104/217/366
f 99/231/367 758/232/367 1873/232/367 814/233/367
f 758/232/368 98/191/368 811/194/368 1873/232/368
f 1873/232/369 811/194/369 118/191/369 798/232/369
f 814/233/370 1873/232/370 798/232/370 119/231/370
f 92/189/371 751/236/371 1874/237/371 815/190/371
f 751/236/372 91/203/372 812/206/372 1874/237/372
f 1874/237/373 812/206/373 111/203/373 791/236/373
f 815/190/374 1874/237/374 791/236/374 112/189/374
f 85/201/375 744/239/375 1875/240/375 816/202/375
f 744/239/376 84/217/376 813/220/376 1875/240/376
f 1875/240/377 813/220/377 104/217/377 784/239/377
f 816/202/378 1875/240/378 784/239/378 105/201/378
f 100/216/379 759/244/379 1876/244/379 817/246/379
f 759/244/380 99/231/380 814/233/380 1876/244/380
f 1876/244/381 814/233/381 119/231/381 799/244/381
f 817/246/382 1876/244/382 799/244/382 120/216/382
f 93/185/383 752/187/383 1877/188/383 818/186/383
f 752/187/384 92/189/384 815/190/384 1877/188/384
f 1877/188/385 815/190/385 112/189/385 792/187/385
f 818/186/386 1877/188/386 792/187/386 113/185/386
f 86/197/387 745/198/387 1878/199/387 819/200/387
f 745/198/388 85/201/388 816/202/388 1878/199/388
f 1878/199/389 816/202/389 105/201/389 785/198/389
f 819/200/390 1878/199/390 785/198/390 106/197/390
f 81/167/391 760/214/391 1879/214/391 806/215/391
f 760/214/392 100/216/392 817/246/392 1879/214/392
f 1879/214/393 817/246/393 120/216/393 800/214/393
f 806/215/394 1879/214/394 800/214/394 101/167/394
f 94/181/395 753/182/395 1880/183/395 820/184/395
f 753/182/396 93/185/396 818/186/396 1880/183/396
f 1880/183/397 818/186/397 113/185/397 793/182/397
f 820/184/398 1880/183/398 793/182/398 114/181/398
f 87/153/399 746/234/399 1881/235/399 801/154/399
f 746/234/400 86/197/400 819/200/400 1881/235/400
f 1881/235/401 819/200/401 106/197/401 786/234/401
f 801/154/402 1881/235/402 786/234/402 107/153/402
f 95/212/403 754/242/403 1882/243/403 803/213/403
f 754/242/404 94/181/404 820/184/404 1882/243/404
f 1882/243/405 820/184/405 114/181/405 794/242/405
f 803/213/406 1882/243/406 794/242/406 115/212/406
f 122/227/407 1399/228/407 1883/228/407 882/229/407
f 1399/228/407 121/6/407 881/230/407 1883/228/407
f 1883/228/407 881/230/407 141/6/407 1419/228/407
f 882/229/407 1883/228/407 1419/228/407 142/227/407
f 120/216/408 799/244/408 1884/244/408 844/246/408
f 799/244/409 119/231/409 843/233/409 1884/244/409
f 1884/244/410 843/233/410 439/231/410 839/244/410
f 844/246/411 1884/244/411 839/244/411 440/216/411
f 113/185/412 792/187/412 1885/188/412 846/186/412
f 792/187/413 112/189/413 845/190/413 1885/188/413
f 1885/188/414 845/190/414 432/189/414 832/187/414
f 846/186/415 1885/188/415 832/187/415 433/185/415
f 106/197/416 785/198/416 1886/199/416 847/200/416
f 785/198/417 105/201/417 842/202/417 1886/199/417
f 1886/199/418 842/202/418 425/201/418 825/198/418
f 847/200/419 1886/199/419 825/198/419 426/197/419
f 101/167/420 800/214/420 1887/214/420 848/215/420
f 800/214/421 120/216/421 844/246/421 1887/214/421
f 1887/214/422 844/246/422 440/216/422 840/214/422
f 848/215/423 1887/214/423 840/214/423 422/167/423
f 114/181/424 793/182/424 1888/183/424 849/184/424
f 793/182/425 113/185/425 846/186/425 1888/183/425
f 1888/183/426 846/186/426 433/185/426 833/182/426
f 849/184/427 1888/183/427 833/182/427 434/181/427
f 107/153/428 786/234/428 1889/235/428 850/154/428
f 786/234/429 106/197/429 847/200/429 1889/235/429
f 1889/235/430 847/200/430 426/197/430 826/234/430
f 850/154/431 1889/235/431 826/234/431 427/153/431
f 115/212/432 794/242/432 1890/243/432 851/213/432
f 794/242/433 114/181/433 849/184/433 1890/243/433
f 1890/243/434 849/184/434 434/181/434 834/242/434
f 851/213/435 1890/243/435 834/242/435 435/212/435
f 108/149/436 787/150/436 1891/151/436 852/152/436
f 787/150/437 107/153/437 850/154/437 1891/151/437
f 1891/151/438 850/154/438 427/153/438 827/150/438
f 852/152/439 1891/151/439 827/150/439 428/149/439
f 116/209/440 795/210/440 1892/210/440 853/211/440
f 795/210/441 115/212/441 851/213/441 1892/210/441
f 1892/210/442 851/213/442 435/212/442 835/210/442
f 853/211/443 1892/210/443 835/210/443 436/209/443
f 109/223/444 788/224/444 1893/225/444 854/226/444
f 788/224/445 108/149/445 852/152/445 1893/225/445
f 1893/225/446 852/152/446 428/149/446 828/224/446
f 854/226/447 1893/225/447 828/224/447 429/223/447
f 102/227/448 781/228/448 1894/228/448 855/229/448
f 781/228/449 101/6/449 848/230/449 1894/228/449
f 1894/228/450 848/230/450 422/6/450 821/228/450
f 855/229/451 1894/228/451 821/228/451 421/227/451
f 117/195/452 796/238/452 1895/238/452 856/196/452
f 796/238/453 116/209/453 853/211/453 1895/238/453
f 1895/238/454 853/211/454 436/209/454 836/238/454
f 856/196/455 1895/238/455 836/238/455 437/195/455
f 110/207/456 789/241/456 1896/241/456 857/208/456
f 789/241/457 109/223/457 854/226/457 1896/241/457
f 1896/241/458 854/226/458 429/223/458 829/241/458
f 857/208/459 1896/241/459 829/241/459 430/207/459
f 103/221/460 782/245/460 1897/245/460 858/222/460
f 782/245/461 102/227/461 855/229/461 1897/245/461
f 1897/245/462 855/229/462 421/227/462 822/245/462
f 858/222/463 1897/245/463 822/245/463 423/221/463
f 118/191/464 797/192/464 1898/193/464 859/194/464
f 797/192/465 117/195/465 856/196/465 1898/193/465
f 1898/193/466 856/196/466 437/195/466 837/192/466
f 859/194/467 1898/193/467 837/192/467 438/191/467
f 111/203/468 790/204/468 1899/205/468 860/206/468
f 790/204/469 110/207/469 857/208/469 1899/205/469
f 1899/205/470 857/208/470 430/207/470 830/204/470
f 860/206/471 1899/205/471 830/204/471 431/203/471
f 104/217/472 783/218/472 1900/219/472 841/220/472
f 783/218/473 103/221/473 858/222/473 1900/219/473
f 1900/219/474 858/222/474 423/221/474 823/218/474
f 841/220/475 1900/219/475 823/218/475 424/217/475
f 119/231/476 798/232/476 1901/232/476 843/233/476
f 798/232/477 118/191/477 859/194/477 1901/232/477
f 1901/232/478 859/194/478 438/191/478 838/232/478
f 843/233/479 1901/232/479 838/232/479 439/231/479
f 112/189/480 791/236/480 1902/237/480 845/190/480
f 791/236/481 111/203/481 860/206/481 1902/237/481
f 1902/237/482 860/206/482 431/203/482 831/236/482
f 845/190/483 1902/237/483 831/236/483 432/189/483
f 442/167/484 880/214/484 1903/214/484 922/215/484
f 880/214/485 460/216/485 921/216/485 1903/214/485
f 1903/214/485 921/216/485 400/216/485 920/214/485
f 922/215/484 1903/214/484 920/214/484 382/167/484
f 137/195/407 1414/238/407 1904/238/407 884/196/407
f 1414/238/407 136/209/407 883/211/407 1904/238/407
f 1904/238/407 883/211/407 156/209/407 1434/238/407
f 884/196/407 1904/238/407 1434/238/407 157/195/407
f 130/207/407 1407/241/407 1905/241/407 886/208/407
f 1407/241/407 129/223/407 885/226/407 1905/241/407
f 1905/241/407 885/226/407 149/223/407 1427/241/407
f 886/208/407 1905/241/407 1427/241/407 150/207/407
f 123/221/407 1400/245/407 1906/245/407 887/222/407
f 1400/245/407 122/227/407 882/229/407 1906/245/407
f 1906/245/407 882/229/407 142/227/407 1420/245/407
f 887/222/407 1906/245/407 1420/245/407 143/221/407
f 138/191/407 1415/192/407 1907/193/407 888/194/407
f 1415/192/407 137/195/407 884/196/407 1907/193/407
f 1907/193/407 884/196/407 157/195/407 1435/192/407
f 888/194/407 1907/193/407 1435/192/407 158/191/407
f 131/203/407 1408/204/407 1908/205/407 889/206/407
f 1408/204/407 130/207/407 886/208/407 1908/205/407
f 1908/205/407 886/208/407 150/207/407 1428/204/407
f 889/206/407 1908/205/407 1428/204/407 151/203/407
f 124/217/407 1401/218/407 1909/219/407 890/220/407
f 1401/218/407 123/221/407 887/222/407 1909/219/407
f 1909/219/407 887/222/407 143/221/407 1421/218/407
f 890/220/407 1909/219/407 1421/218/407 144/217/407
f 139/231/407 1416/232/407 1910/232/407 891/233/407
f 1416/232/407 138/191/407 888/194/407 1910/232/407
f 1910/232/407 888/194/407 158/191/407 1436/232/407
f 891/233/407 1910/232/407 1436/232/407 159/231/407
f 132/189/407 1409/236/407 1911/237/407 892/190/407
f 1409/236/407 131/203/407 889/206/407 1911/237/407
f 1911/237/407 889/206/407 151/203/407 1429/236/407
f 892/190/407 1911/237/407 1429/236/407 152/189/407
f 125/201/407 1402/239/407 1912/240/407 893/202/407
f 1402/239/407 124/217/407 890/220/407 1912/240/407
f 1912/240/407 890/220/407 144/217/407 1422/239/407
f 893/202/407 1912/240/407 1422/239/407 145/201/407
f 140/216/407 1417/244/407 1913/244/407 894/246/407
f 1417/244/407 139/231/407 891/233/407 1913/244/407
f 1913/244/407 891/233/407 159/231/407 1437/244/407
f 894/246/407 1913/244/407 1437/244/407 160/216/407
f 133/185/407 1410/187/407 1914/188/407 895/186/407
f 1410/187/407 132/189/407 892/190/407 1914/188/407
f 1914/188/407 892/190/407 152/189/407 1430/187/407
f 895/186/407 1914/188/407 1430/187/407 153/185/407
f 126/197/407 1403/198/407 1915/199/407 896/200/407
f 1403/198/407 125/201/407 893/202/407 1915/199/407
f 1915/199/407 893/202/407 145/201/407 1423/198/407
f 896/200/407 1915/199/407 1423/198/407 146/197/407
f 121/167/407 1418/214/407 1916/214/407 881/215/407
f 1418/214/407 140/216/407 894/246/407 1916/214/407
f 1916/214/407 894/246/407 160/216/407 1438/214/407
f 881/215/407 1916/214/407 1438/214/407 141/167/407
f 134/181/407 1411/182/407 1917/183/407 897/184/407
f 1411/182/407 133/185/407 895/186/407 1917/183/407
f 1917/183/407 895/186/407 153/185/407 1431/182/407
f 897/184/407 1917/183/407 1431/182/407 154/181/407
f 127/153/407 1404/234/407 1918/235/407 898/154/407
f 1404/234/407 126/197/407 896/200/407 1918/235/407
f 1918/235/407 896/200/407 146/197/407 1424/234/407
f 898/154/407 1918/235/407 1424/234/407 147/153/407
f 135/212/407 1412/242/407 1919/243/407 899/213/407
f 1412/242/407 134/181/407 897/184/407 1919/243/407
f 1919/243/407 897/184/407 154/181/407 1432/242/407
f 899/213/407 1919/243/407 1432/242/407 155/212/407
f 128/149/407 1405/150/407 1920/151/407 900/152/407
f 1405/150/407 127/153/407 898/154/407 1920/151/407
f 1920/151/407 898/154/407 147/153/407 1425/150/407
f 900/152/407 1920/151/407 1425/150/407 148/149/407
f 136/209/407 1413/210/407 1921/210/407 883/211/407
f 1413/210/407 135/212/407 899/213/407 1921/210/407
f 1921/210/407 899/213/407 155/212/407 1433/210/407
f 883/211/407 1921/210/407 1433/210/407 156/209/407
f 129/223/407 1406/224/407 1922/225/407 885/226/407
f 1406/224/407 128/149/407 900/152/407 1922/225/407
f 1922/225/407 900/152/407 148/149/407 1426/224/407
f 885/226/407 1922/225/407 1426/224/407 149/223/407
f 178/191/486 1335/192/486 1923/193/486 962/194/486
f 1335/192/486 177/195/486 961/196/486 1923/193/486
f 1923/193/486 961/196/486 197/195/486 1355/192/486
f 962/194/486 1923/193/486 1355/192/486 198/191/486
f 454/181/487 873/182/487 1924/183/487 924/184/487
f 873/182/488 453/185/488 923/186/488 1924/183/488
f 1924/183/488 923/186/488 393/185/488 913/182/488
f 924/184/487 1924/183/487 913/182/487 394/181/487
f 447/153/489 866/234/489 1925/235/489 926/154/489
f 866/234/490 446/197/490 925/200/490 1925/235/490
f 1925/235/490 925/200/490 386/197/490 906/234/490
f 926/154/489 1925/235/489 906/234/489 387/153/489
f 455/212/491 874/242/491 1926/243/491 927/213/491
f 874/242/492 454/181/492 924/184/492 1926/243/492
f 1926/243/492 924/184/492 394/181/492 914/242/492
f 927/213/491 1926/243/491 914/242/491 395/212/491
f 448/149/493 867/150/493 1927/151/493 928/152/493
f 867/150/494 447/153/494 926/154/494 1927/151/494
f 1927/151/494 926/154/494 387/153/494 907/150/494
f 928/152/493 1927/151/493 907/150/493 388/149/493
f 456/209/495 875/210/495 1928/210/495 929/211/495
f 875/210/496 455/212/496 927/213/496 1928/210/496
f 1928/210/496 927/213/496 395/212/496 915/210/496
f 929/211/495 1928/210/495 915/210/495 396/209/495
f 449/223/497 868/224/497 1929/225/497 930/226/497
f 868/224/498 448/149/498 928/152/498 1929/225/498
f 1929/225/498 928/152/498 388/149/498 908/224/498
f 930/226/497 1929/225/497 908/224/497 389/223/497
f 441/227/499 861/228/499 1930/228/499 931/229/499
f 861/228/500 442/6/500 922/230/500 1930/228/500
f 1930/228/500 922/230/500 382/6/500 901/228/500
f 931/229/499 1930/228/499 901/228/499 381/227/499
f 457/195/501 876/238/501 1931/238/501 932/196/501
f 876/238/502 456/209/502 929/211/502 1931/238/502
f 1931/238/502 929/211/502 396/209/502 916/238/502
f 932/196/501 1931/238/501 916/238/501 397/195/501
f 450/207/503 869/241/503 1932/241/503 933/208/503
f 869/241/504 449/223/504 930/226/504 1932/241/504
f 1932/241/505 930/226/505 389/223/505 909/241/505
f 933/208/503 1932/241/503 909/241/503 390/207/503
f 443/221/506 862/245/506 1933/245/506 934/222/506
f 862/245/507 441/227/507 931/229/507 1933/245/507
f 1933/245/507 931/229/507 381/227/507 902/245/507
f 934/222/508 1933/245/508 902/245/508 383/221/508
f 458/191/509 877/192/509 1934/193/509 935/194/509
f 877/192/510 457/195/510 932/196/510 1934/193/510
f 1934/193/510 932/196/510 397/195/510 917/192/510
f 935/194/509 1934/193/509 917/192/509 398/191/509
f 451/203/511 870/204/511 1935/205/511 936/206/511
f 870/204/512 450/207/512 933/208/512 1935/205/512
f 1935/205/512 933/208/512 390/207/512 910/204/512
f 936/206/511 1935/205/511 910/204/511 391/203/511
f 444/217/513 863/218/513 1936/219/513 937/220/513
f 863/218/514 443/221/514 934/222/514 1936/219/514
f 1936/219/514 934/222/514 383/221/514 903/218/514
f 937/220/513 1936/219/513 903/218/513 384/217/513
f 459/231/515 878/232/515 1937/232/515 938/233/515
f 878/232/516 458/191/516 935/194/516 1937/232/516
f 1937/232/516 935/194/516 398/191/516 918/232/516
f 938/233/515 1937/232/515 918/232/515 399/231/515
f 452/189/517 871/236/517 1938/237/517 939/190/517
f 871/236/518 451/203/518 936/206/518 1938/237/518
f 1938/237/518 936/206/518 391/203/518 911/236/518
f 939/190/517 1938/237/517 911/236/517 392/189/517
f 445/201/519 864/239/519 1939/240/519 940/202/519
f 864/239/520 444/217/520 937/220/520 1939/240/520
f 1939/240/520 937/220/520 384/217/520 904/239/520
f 940/202/519 1939/240/519 904/239/519 385/201/519
f 460/216/521 879/244/521 1940/244/521 921/216/521
f 879/244/522 459/231/522 938/233/522 1940/244/522
f 1940/244/523 938/233/523 399/231/523 919/244/523
f 921/216/521 1940/244/521 919/244/521 400/216/521
f 453/185/524 872/187/524 1941/188/524 923/186/524
f 872/187/525 452/189/525 939/190/525 1941/188/525
f 1941/188/525 939/190/525 392/189/525 912/187/525
f 923/186/526 1941/188/526 912/187/526 393/185/526
f 446/197/527 865/198/527 1942/199/527 925/200/527
f 865/198/528 445/201/528 940/202/528 1942/199/528
f 1942/199/528 940/202/528 385/201/528 905/198/528
f 925/200/527 1942/199/527 905/198/527 386/197/527
f 415/212/529 954/242/529 1943/243/529 1002/213/529
f 954/242/530 414/181/530 1001/184/530 1943/243/530
f 1943/243/531 1001/184/531 214/181/531 994/242/531
f 1002/213/532 1943/243/532 994/242/532 215/212/532
f 171/203/486 1328/204/486 1944/205/486 964/206/486
f 1328/204/486 170/207/486 963/208/486 1944/205/486
f 1944/205/486 963/208/486 190/207/486 1348/204/486
f 964/206/486 1944/205/486 1348/204/486 191/203/486
f 164/217/486 1321/218/486 1945/219/486 966/220/486
f 1321/218/486 163/221/486 965/222/486 1945/219/486
f 1945/219/486 965/222/486 183/221/486 1341/218/486
f 966/220/486 1945/219/486 1341/218/486 184/217/486
f 179/231/486 1336/232/486 1946/232/486 967/233/486
f 1336/232/486 178/191/486 962/194/486 1946/232/486
f 1946/232/486 962/194/486 198/191/486 1356/232/486
f 967/233/486 1946/232/486 1356/232/486 199/231/486
f 172/189/486 1329/236/486 1947/237/486 968/190/486
f 1329/236/486 171/203/486 964/206/486 1947/237/486
f 1947/237/486 964/206/486 191/203/486 1349/236/486
f 968/190/486 1947/237/486 1349/236/486 192/189/486
f 165/201/486 1322/239/486 1948/240/486 969/202/486
f 1322/239/486 164/217/486 966/220/486 1948/240/486
f 1948/240/486 966/220/486 184/217/486 1342/239/486
f 969/202/486 1948/240/486 1342/239/486 185/201/486
f 180/216/486 1337/244/486 1949/244/486 970/246/486
f 1337/244/486 179/231/486 967/233/486 1949/244/486
f 1949/244/486 967/233/486 199/231/486 1357/244/486
f 970/246/486 1949/244/486 1357/244/486 200/216/486
f 173/185/486 1330/187/486 1950/188/486 971/186/486
f 1330/187/486 172/189/486 968/190/486 1950/188/486
f 1950/188/486 968/190/486 192/189/486 1350/187/486
f 971/186/486 1950/188/486 1350/187/486 193/185/486
f 166/197/486 1323/198/486 1951/199/486 972/200/486
f 1323/198/486 165/201/486 969/202/486 1951/199/486
f 1951/199/486 969/202/486 185/201/486 1343/198/486
f 972/200/486 1951/199/486 1343/198/486 186/197/486
f 161/167/486 1338/214/486 1952/214/486 973/215/486
f 1338/214/486 180/216/486 970/246/486 1952/214/486
f 1952/214/486 970/246/486 200/216/486 1358/214/486
f 973/215/486 1952/214/486 1358/214/486 181/167/486
f 174/181/486 1331/182/486 1953/183/486 974/184/486
f 1331/182/486 173/185/486 971/186/486 1953/183/486
f 1953/183/486 971/186/486 193/185/486 1351/182/486
f 974/184/486 1953/183/486 1351/182/486 194/181/486
f 167/153/486 1324/234/486 1954/235/486 975/154/486
f 1324/234/486 166/197/486 972/200/486 1954/235/486
f 1954/235/486 972/200/486 186/197/486 1344/234/486
f 975/154/486 1954/235/486 1344/234/486 187/153/486
f 175/212/486 1332/242/486 1955/243/486 976/213/486
f 1332/242/486 174/181/486 974/184/486 1955/243/486
f 1955/243/486 974/184/486 194/181/486 1352/242/486
f 976/213/486 1955/243/486 1352/242/486 195/212/486
f 168/149/486 1325/150/486 1956/151/486 977/152/486
f 1325/150/486 167/153/486 975/154/486 1956/151/486
f 1956/151/486 975/154/486 187/153/486 1345/150/486
f 977/152/486 1956/151/486 1345/150/486 188/149/486
f 176/209/486 1333/210/486 1957/210/486 978/211/486
f 1333/210/486 175/212/486 976/213/486 1957/210/486
f 1957/210/486 976/213/486 195/212/486 1353/210/486
f 978/211/486 1957/210/486 1353/210/486 196/209/486
f 169/223/486 1326/224/486 1958/225/486 979/226/486
f 1326/224/486 168/149/486 977/152/486 1958/225/486
f 1958/225/486 977/152/486 188/149/486 1346/224/486
f 979/226/486 1958/225/486 1346/224/486 189/223/486
f 162/227/486 1319/228/486 1959/228/486 980/229/486
f 1319/228/486 161/6/486 973/230/486 1959/228/486
f 1959/228/486 973/230/486 181/6/486 1339/228/486
f 980/229/486 1959/228/486 1339/228/486 182/227/486
f 177/195/486 1334/238/486 1960/238/486 961/196/486
f 1334/238/486 176/209/486 978/211/486 1960/238/486
f 1960/238/486 978/211/486 196/209/486 1354/238/486
f 961/196/486 1960/238/486 1354/238/486 197/195/486
f 170/207/486 1327/241/486 1961/241/486 963/208/486
f 1327/241/486 169/223/486 979/226/486 1961/241/486
f 1961/241/486 979/226/486 189/223/486 1347/241/486
f 963/208/486 1961/241/486 1347/241/486 190/207/486
f 163/221/486 1320/245/486 1962/245/486 965/222/486
f 1320/245/486 162/227/486 980/229/486 1962/245/486
f 1962/245/486 980/229/486 182/227/486 1340/245/486
f 965/222/486 1962/245/486 1340/245/486 183/221/486
f 408/149/537 947/150/537 1964/151/537 1004/152/537
f 947/150/538 407/153/538 1003/154/538 1964/151/538
f 1964/151/539 1003/154/539 207/153/539 987/150/539
f 1004/152/540 1964/151/540 987/150/540 208/149/540
f 416/209/541 955/210/541 1965/210/541 1005/211/541
f 955/210/542 415/212/542 1002/213/542 1965/210/542
f 1965/210/543 1002/213/543 215/212/543 995/210/543
f 1005/211/544 1965/210/544 995/210/544 216/209/544
f 409/223/545 948/224/545 1966/225/545 1006/226/545
f 948/224/546 408/149/546 1004/152/546 1966/225/546
f 1966/225/547 1004/152/547 208/149/547 988/224/547
f 1006/226/548 1966/225/548 988/224/548 209/223/548
f 401/227/549 941/228/549 1967/228/549 1008/229/549
f 941/228/550 402/6/550 1007/230/550 1967/228/550
f 1967/228/551 1007/230/551 201/6/551 981/228/551
f 1008/229/552 1967/228/552 981/228/552 202/227/552
f 417/195/553 956/238/553 1968/238/553 1009/196/553
f 956/238/554 416/209/554 1005/211/554 1968/238/554
f 1968/238/555 1005/211/555 216/209/555 996/238/555
f 1009/196/556 1968/238/556 996/238/556 217/195/556
f 410/207/557 949/241/557 1969/241/557 1010/208/557
f 949/241/558 409/223/558 1006/226/558 1969/241/558
f 1969/241/559 1006/226/559 209/223/559 989/241/559
f 1010/208/560 1969/241/560 989/241/560 210/207/560
f 403/221/561 942/245/561 1970/245/561 1011/222/561
f 942/245/562 401/227/562 1008/229/562 1970/245/562
f 1970/245/563 1008/229/563 202/227/563 982/245/563
f 1011/222/564 1970/245/564 982/245/564 203/221/564
f 418/191/565 957/192/565 1971/193/565 1012/194/565
f 957/192/566 417/195/566 1009/196/566 1971/193/566
f 1971/193/567 1009/196/567 217/195/567 997/192/567
f 1012/194/568 1971/193/568 997/192/568 218/191/568
f 411/203/569 950/204/569 1972/205/569 1013/206/569
f 950/204/570 410/207/570 1010/208/570 1972/205/570
f 1972/205/571 1010/208/571 210/207/571 990/204/571
f 1013/206/572 1972/205/572 990/204/572 211/203/572
f 404/217/573 943/218/573 1973/219/573 1014/220/573
f 943/218/574 403/221/574 1011/222/574 1973/219/574
f 1973/219/575 1011/222/575 203/221/575 983/218/575
f 1014/220/576 1973/219/576 983/218/576 204/217/576
f 419/231/577 958/232/577 1974/232/577 1015/233/577
f 958/232/578 418/191/578 1012/194/578 1974/232/578
f 1974/232/579 1012/194/579 218/191/579 998/232/579
f 1015/233/580 1974/232/580 998/232/580 219/231/580
f 412/189/581 951/236/581 1975/237/581 1016/190/581
f 951/236/582 411/203/582 1013/206/582 1975/237/582
f 1975/237/583 1013/206/583 211/203/583 991/236/583
f 1016/190/584 1975/237/584 991/236/584 212/189/584
f 405/201/585 944/239/585 1976/240/585 1017/202/585
f 944/239/586 404/217/586 1014/220/586 1976/240/586
f 1976/240/587 1014/220/587 204/217/587 984/239/587
f 1017/202/588 1976/240/588 984/239/588 205/201/588
f 420/216/589 959/244/589 1977/244/589 1018/246/589
f 959/244/590 419/231/590 1015/233/590 1977/244/590
f 1977/244/591 1015/233/591 219/231/591 999/244/591
f 1018/246/592 1977/244/592 999/244/592 220/216/592
f 413/185/593 952/187/593 1978/188/593 1019/186/593
f 952/187/594 412/189/594 1016/190/594 1978/188/594
f 1978/188/595 1016/190/595 212/189/595 992/187/595
f 1019/186/596 1978/188/596 992/187/596 213/185/596
f 406/197/597 945/198/597 1979/199/597 1020/200/597
f 945/198/598 405/201/598 1017/202/598 1979/199/598
f 1979/199/599 1017/202/599 205/201/599 985/198/599
f 1020/200/600 1979/199/600 985/198/600 206/197/600
f 402/167/601 960/214/601 1980/214/601 1007/215/601
f 960/214/602 420/216/602 1018/246/602 1980/214/602
f 1980/214/603 1018/246/603 220/216/603 1000/214/603
f 1007/215/604 1980/214/604 1000/214/604 201/167/604
f 414/181/605 953/182/605 1981/183/605 1001/184/605
f 953/182/606 413/185/606 1019/186/606 1981/183/606
f 1981/183/607 1019/186/607 213/185/607 993/182/607
f 1001/184/608 1981/183/608 993/182/608 214/181/608
f 407/153/609 946/234/609 1982/235/609 1003/154/609
f 946/234/610 406/197/610 1020/200/610 1982/235/610
f 1982/235/611 1020/200/611 206/197/611 986/234/611
f 1003/154/612 1982/235/612 986/234/612 207/153/612
f 2524/369/5 2543/370/5 2023/371/5 1162/372/5
f 2543/370/8 2523/373/8 1161/374/8 2023/371/8
f 2583/375/689 2563/373/689 283/373/689 1142/376/689
f 2564/377/690 2583/375/690 1142/376/690 282/378/690
f 2446/379/37 2464/380/37 2024/380/37 1124/381/37
f 2464/380/40 2445/382/40 1123/383/40 2024/380/40
f 2504/380/691 2485/382/691 271/384/691 1110/380/691
f 2486/379/692 2504/380/692 1110/380/692 270/379/692
f 2448/385/57 2465/386/57 2025/387/57 1126/388/57
f 2465/386/60 2447/389/60 1125/390/60 2025/387/60
f 2505/391/693 2487/392/693 276/389/693 1115/393/693
f 2488/394/694 2505/391/694 1115/393/694 275/395/694
f 2450/396/81 2466/397/81 2026/398/81 1128/399/81
f 2466/397/84 2449/400/84 1127/401/84 2026/398/84
f 2506/402/695 2489/400/695 261/400/695 1120/403/695
f 2490/404/696 2506/402/696 1120/403/696 280/399/696
f 2452/405/9 2467/406/9 2027/406/9 1130/374/9
f 2467/406/12 2451/407/12 1129/408/12 2027/406/12
f 2507/409/697 2491/407/697 264/407/697 1103/410/697
f 2492/405/698 2507/409/698 1103/410/698 263/373/698
f 2454/411/29 2468/412/29 2028/413/29 1132/414/29
f 2468/412/32 2453/415/32 1131/416/32 2028/413/32
f 2508/417/699 2493/418/699 269/418/699 1108/419/699
f 2494/411/700 2508/417/700 1108/419/700 268/411/700
f 2449/420/1 2469/421/1 2029/422/1 1127/423/1
f 2469/421/4 2455/369/4 1133/378/4 2029/422/4
f 2509/422/701 2495/378/701 262/378/701 1101/424/701
f 2489/420/702 2509/422/702 1101/424/702 261/420/702
f 2457/425/49 2470/426/49 2030/426/49 1135/427/49
f 2470/426/52 2456/428/52 1134/429/52 2030/426/52
f 2510/426/703 2496/430/703 274/431/703 1113/432/703
f 2497/425/704 2510/426/704 1113/432/704 273/425/704
f 2459/433/69 2471/434/69 2031/435/69 1137/436/69
f 2471/434/72 2458/437/72 1136/438/72 2031/435/72
f 2511/439/705 2498/440/705 279/441/705 1118/434/705
f 2499/433/706 2511/439/706 1118/434/706 278/433/706
f 2443/175/21 2472/442/21 2032/443/21 1121/176/21
f 2472/442/24 2460/444/24 1138/444/24 2032/443/24
f 2512/445/707 2500/446/707 267/447/707 1106/443/707
f 2483/177/708 2512/445/708 1106/443/708 266/177/708
f 2445/382/41 2473/448/41 2033/449/41 1123/383/41
f 2473/448/44 2461/450/44 1139/451/44 2033/449/44
f 2513/449/709 2501/452/709 272/453/709 1111/454/709
f 2485/382/710 2513/449/710 1111/454/710 271/384/710
f 2447/389/61 2474/455/61 2034/456/61 1125/390/61
f 2474/455/64 2462/457/64 1140/458/64 2034/456/64
f 2514/455/711 2502/459/711 277/460/711 1116/455/711
f 2487/392/712 2514/455/712 1116/455/712 276/389/712
f 2451/407/13 2475/461/13 2035/461/13 1129/408/13
f 2475/461/16 2444/171/16 1122/174/16 2035/461/16
f 2515/462/713 2484/179/713 265/180/713 1104/463/713
f 2491/407/714 2515/462/714 1104/463/714 264/407/714
f 2453/415/33 2476/464/33 2036/465/33 1131/416/33
f 2476/464/36 2446/379/36 1124/381/36 2036/465/36
f 2516/466/715 2486/379/715 270/379/715 1109/467/715
f 2493/418/716 2516/466/716 1109/467/716 269/418/716
f 2456/428/53 2477/468/53 2037/469/53 1134/429/53
f 2477/468/56 2448/385/56 1126/388/56 2037/469/56
f 2517/468/717 2488/394/717 275/395/717 1114/468/717
f 2496/430/718 2517/468/718 1114/468/718 274/431/718
f 2458/437/77 2478/470/77 2038/471/77 1136/438/77
f 2478/470/80 2450/396/80 1128/399/80 2038/471/80
f 2518/470/719 2490/404/719 280/399/719 1119/472/719
f 2498/440/720 2518/470/720 1119/472/720 279/441/720
f 2455/369/5 2479/375/5 2039/371/5 1133/378/5
f 2479/375/8 2452/405/8 1130/374/8 2039/371/8
f 2519/376/689 2492/405/689 263/373/689 1102/376/689
f 2495/378/690 2519/376/690 1102/376/690 262/378/690
f 2460/444/25 2480/473/25 2040/474/25 1138/444/25
f 2480/473/28 2454/411/28 1132/414/28 2040/474/28
f 2520/475/721 2494/411/721 268/411/721 1107/475/721
f 2500/446/722 2520/475/722 1107/475/722 267/447/722
f 2461/450/45 2481/476/45 2041/477/45 1139/451/45
f 2481/476/48 2457/425/48 1135/427/48 2041/477/48
f 2521/476/723 2497/425/723 273/425/723 1112/478/723
f 2501/452/724 2521/476/724 1112/478/724 272/453/724
f 2462/457/65 2482/479/65 2042/479/65 1140/458/65
f 2482/479/68 2459/433/68 1137/436/68 2042/479/68
f 2522/480/725 2499/433/725 278/433/725 1117/479/725
f 2502/459/726 2522/480/726 1117/479/726 277/460/726
f 294/431/727 1154/468/727 2043/469/727 1202/429/727
f 1154/468/728 295/395/728 1201/388/728 2043/469/728
f 2043/469/717 1201/388/717 315/395/717 1194/468/717
f 1202/429/718 2043/469/718 1194/468/718 314/431/718
f 2526/481/65 2544/479/65 2044/479/65 1164/458/65
f 2544/479/68 2525/482/68 1163/436/68 2044/479/68
f 2584/480/725 2565/483/725 298/433/725 1157/479/725
f 2566/484/726 2584/480/726 1157/479/726 297/460/726
f 2528/379/37 2545/485/37 2045/380/37 1166/381/37
f 2545/485/40 2527/486/40 1165/383/40 2045/380/40
f 2585/487/691 2567/382/691 291/384/691 1150/380/691
f 2568/488/692 2585/487/692 1150/380/692 290/379/692
f 2523/373/9 2546/410/9 2046/406/9 1161/374/9
f 2546/410/12 2529/489/12 1167/408/12 2046/406/12
f 2586/406/697 2569/489/697 284/407/697 1143/410/697
f 2563/373/698 2586/406/698 1143/410/698 283/373/698
f 2525/482/69 2547/490/69 2047/435/69 1163/436/69
f 2547/490/72 2530/441/72 1168/438/72 2047/435/72
f 2587/434/705 2570/441/705 299/441/705 1158/434/705
f 2565/483/706 2587/434/706 1158/434/706 298/433/706
f 2527/486/41 2548/449/41 2048/449/41 1165/383/41
f 2548/449/44 2531/452/44 1169/451/44 2048/449/44
f 2588/454/709 2571/452/709 292/453/709 1151/454/709
f 2567/382/710 2588/454/710 1151/454/710 291/384/710
f 2529/489/13 2549/461/13 2049/461/13 1167/408/13
f 2549/461/16 2532/171/16 1170/174/16 2049/461/16
f 2589/461/713 2572/171/713 285/180/713 1144/463/713
f 2569/489/714 2589/461/714 1144/463/714 284/407/714
f 2530/441/77 2550/491/77 2050/471/77 1168/438/77
f 2550/491/80 2533/492/80 1171/493/80 2050/471/80
f 2590/494/719 2573/495/719 300/404/719 1159/472/719
f 2570/441/720 2590/494/720 1159/472/720 299/441/720
f 2531/452/45 2551/496/45 2051/477/45 1169/451/45
f 2551/496/48 2534/497/48 1172/427/48 2051/477/48
f 2591/498/723 2574/499/723 293/425/723 1152/478/723
f 2571/452/724 2591/498/724 1152/478/724 292/453/724
f 2532/171/17 2552/173/17 2052/173/17 1170/174/17
f 2552/173/20 2535/500/20 1173/176/20 2052/173/20
f 2592/501/85 2575/175/85 286/177/85 1145/178/85
f 2572/171/86 2592/501/86 1145/178/86 285/180/86
f 2533/492/81 2553/403/81 2053/398/81 1171/493/81
f 2553/403/84 2536/502/84 1174/401/84 2053/398/84
f 2593/503/695 2576/400/695 281/400/695 1160/403/695
f 2573/495/696 2593/503/696 1160/403/696 300/404/696
f 2534/497/49 2554/426/49 2054/426/49 1172/427/49
f 2554/426/52 2537/504/52 1175/429/52 2054/426/52
f 2594/426/703 2577/430/703 294/431/703 1153/432/703
f 2574/499/704 2594/426/704 1153/432/704 293/425/704
f 2535/500/21 2555/443/21 2055/443/21 1173/176/21
f 2555/443/24 2538/505/24 1176/444/24 2055/443/24
f 2595/506/707 2578/507/707 287/447/707 1146/443/707
f 2575/175/708 2595/506/708 1146/443/708 286/177/708
f 2537/504/53 2556/468/53 2056/469/53 1175/429/53
f 2556/468/56 2539/508/56 1177/388/56 2056/469/56
f 2596/468/717 2579/509/717 295/395/717 1154/468/717
f 2577/430/718 2596/468/718 1154/468/718 294/431/718
f 2538/505/25 2557/475/25 2057/474/25 1176/444/25
f 2557/475/28 2540/411/28 1178/414/28 2057/474/28
f 2597/510/721 2580/411/721 288/411/721 1147/475/721
f 2578/507/722 2597/510/722 1147/475/722 287/447/722
f 2539/508/57 2558/393/57 2058/387/57 1177/388/57
f 2558/393/60 2541/511/60 1179/390/60 2058/387/60
f 2598/512/693 2581/389/693 296/389/693 1155/393/693
f 2579/509/694 2598/512/694 1155/393/694 295/395/694
f 2540/411/29 2559/417/29 2059/413/29 1178/414/29
f 2559/417/32 2542/418/32 1180/416/32 2059/413/32
f 2599/513/699 2582/418/699 289/418/699 1148/419/699
f 2580/411/700 2599/513/700 1148/419/700 288/411/700
f 2536/514/1 2560/422/1 2060/422/1 1174/423/1
f 2560/422/4 2524/369/4 1162/372/4 2060/422/4
f 2600/422/701 2564/377/701 282/378/701 1141/424/701
f 2576/420/702 2600/422/702 1141/424/702 281/420/702
f 2541/511/61 2561/455/61 2061/456/61 1179/390/61
f 2561/455/64 2526/481/64 1164/458/64 2061/456/64
f 2601/455/711 2566/484/711 297/460/711 1156/455/711
f 2581/389/712 2601/455/712 1156/455/712 296/389/712
f 2542/418/33 2562/465/33 2062/465/33 1180/416/33
f 2562/465/36 2528/379/36 1166/381/36 2062/465/36
f 2602/464/715 2568/488/715 290/379/715 1149/467/715
f 2582/418/716 2602/464/716 1149/467/716 289/418/716
f 311/384/729 1191/454/729 2063/449/729 1221/383/729
f 1191/454/730 312/453/730 1483/451/730 2063/449/730
f 2063/449/731 1483/451/731 470/453/731 1481/454/731
f 1221/383/732 2063/449/732 1481/454/732 480/384/732
f 287/447/733 1147/475/733 2064/474/733 1204/444/733
f 1147/475/734 288/411/734 1203/414/734 2064/474/734
f 2064/474/735 1203/414/735 308/411/735 1187/475/735
f 1204/444/736 2064/474/736 1187/475/736 307/447/736
f 295/395/737 1155/393/737 2065/387/737 1201/388/737
f 1155/393/738 296/389/738 1205/390/738 2065/387/738
f 2065/387/693 1205/390/693 316/389/693 1195/393/693
f 1201/388/739 2065/387/739 1195/393/739 315/395/739
f 288/411/740 1148/419/740 2066/413/740 1203/414/740
f 1148/419/741 289/418/741 1206/416/741 2066/413/741
f 2066/413/742 1206/416/742 309/418/742 1188/419/742
f 1203/414/743 2066/413/743 1188/419/743 308/411/743
f 281/420/744 1141/424/744 2067/422/744 1208/423/744
f 1141/424/745 282/378/745 1207/378/745 2067/422/745
f 2067/422/701 1207/378/701 302/378/701 1181/424/701
f 1208/423/746 2067/422/746 1181/424/746 301/420/746
f 296/389/747 1156/455/747 2068/456/747 1205/390/747
f 1156/455/748 297/460/748 1209/458/748 2068/456/748
f 2068/456/711 1209/458/711 317/460/711 1196/455/711
f 1205/390/749 2068/456/749 1196/455/749 316/389/749
f 289/418/750 1149/467/750 2069/465/750 1206/416/750
f 1149/467/751 290/379/751 1210/381/751 2069/465/751
f 2069/465/752 1210/381/752 310/379/752 1189/467/752
f 1206/416/753 2069/465/753 1189/467/753 309/418/753
f 282/378/754 1142/376/754 2070/371/754 1207/378/754
f 1142/376/755 283/373/755 1211/374/755 2070/371/755
f 2070/371/689 1211/374/689 303/373/689 1182/376/689
f 1207/378/690 2070/371/690 1182/376/690 302/378/690
f 297/460/756 1157/479/756 2071/479/756 1209/458/756
f 1157/479/757 298/433/757 1212/436/757 2071/479/757
f 2071/479/758 1212/436/758 318/433/758 1197/479/758
f 1209/458/759 2071/479/759 1197/479/759 317/460/759
f 290/379/760 1150/380/760 2072/380/760 1210/381/760
f 1150/380/761 291/384/761 1213/383/761 2072/380/761
f 2072/380/762 1213/383/762 311/384/762 1190/380/762
f 1210/381/692 2072/380/692 1190/380/692 310/379/692
f 283/373/763 1143/410/763 2073/406/763 1211/374/763
f 1143/410/764 284/407/764 1214/408/764 2073/406/764
f 2073/406/697 1214/408/697 304/407/697 1183/410/697
f 1211/374/765 2073/406/765 1183/410/765 303/373/765
f 298/433/766 1158/434/766 2074/435/766 1212/436/766
f 1158/434/767 299/441/767 1215/438/767 2074/435/767
f 2074/435/768 1215/438/768 319/441/768 1198/434/768
f 1212/436/769 2074/435/769 1198/434/769 318/433/769
f 291/384/770 1151/454/770 2075/449/770 1213/383/770
f 1151/454/771 292/453/771 1216/451/771 2075/449/771
f 2075/449/772 1216/451/772 312/453/772 1191/454/772
f 1213/383/710 2075/449/710 1191/454/710 311/384/710
f 284/407/773 1144/463/773 2076/461/773 1214/408/773
f 1144/463/774 285/180/774 1217/174/774 2076/461/774
f 2076/461/775 1217/174/775 305/180/775 1184/463/775
f 1214/408/776 2076/461/776 1184/463/776 304/407/776
f 299/441/777 1159/472/777 2077/471/777 1215/438/777
f 1159/472/778 300/404/778 1218/493/778 2077/471/778
f 2077/471/719 1218/493/719 320/404/719 1199/472/719
f 1215/438/779 2077/471/779 1199/472/779 319/441/779
f 292/453/780 1152/478/780 2078/477/780 1216/451/780
f 1152/478/781 293/425/781 1219/427/781 2078/477/781
f 2078/477/723 1219/427/723 313/425/723 1192/478/723
f 1216/451/724 2078/477/724 1192/478/724 312/453/724
f 285/180/782 1145/178/782 2079/173/782 1217/174/782
f 1145/178/783 286/177/783 1220/176/783 2079/173/783
f 2079/173/784 1220/176/784 306/177/784 1185/178/784
f 1217/174/86 2079/173/86 1185/178/86 305/180/86
f 300/404/785 1160/403/785 2080/398/785 1218/493/785
f 1160/403/786 281/400/786 1208/401/786 2080/398/786
f 2080/398/695 1208/401/695 301/400/695 1200/403/695
f 1218/493/787 2080/398/787 1200/403/787 320/404/787
f 293/425/788 1153/432/788 2081/426/788 1219/427/788
f 1153/432/789 294/431/789 1202/429/789 2081/426/789
f 2081/426/790 1202/429/790 314/431/790 1193/432/790
f 1219/427/704 2081/426/704 1193/432/704 313/425/704
f 286/177/791 1146/443/791 2082/443/791 1220/176/791
f 1146/443/792 287/447/792 1204/444/792 2082/443/792
f 2082/443/793 1204/444/793 307/447/793 1186/443/793
f 1220/176/708 2082/443/708 1186/443/708 306/177/708
f 304/407/794 1184/463/794 2083/515/794 1485/489/794
f 1184/463/795 305/180/795 1484/516/795 2083/515/795
f 2083/515/796 1484/516/796 464/516/796 1225/517/796
f 1485/489/797 2083/515/797 1225/517/797 463/489/797
f 319/441/798 1199/472/798 2084/471/798 1487/438/798
f 1199/472/799 320/404/799 1486/493/799 2084/471/799
f 2084/471/800 1486/493/800 478/404/800 1238/472/800
f 1487/438/801 2084/471/801 1238/472/801 477/441/801
f 312/453/802 1192/478/802 2085/518/802 1483/451/802
f 1192/478/803 313/425/803 1488/425/803 2085/518/803
f 2085/518/804 1488/425/804 471/499/804 1231/518/804
f 1483/451/805 2085/518/805 1231/518/805 470/453/805
f 305/180/806 1185/178/806 2086/519/806 1484/516/806
f 1185/178/807 306/177/807 1489/520/807 2086/519/807
f 2086/519/808 1489/520/808 465/521/808 1226/173/808
f 1484/516/809 2086/519/809 1226/173/809 464/516/809
f 320/404/810 1200/403/810 2087/398/810 1486/493/810
f 1200/403/811 301/400/811 1222/401/811 2087/398/811
f 2087/398/812 1222/401/812 479/400/812 1482/403/812
f 1486/493/813 2087/398/813 1482/403/813 478/404/813
f 313/425/814 1193/432/814 2088/522/814 1488/425/814
f 1193/432/815 314/431/815 1490/431/815 2088/522/815
f 2088/522/816 1490/431/816 472/523/816 1232/426/816
f 1488/425/817 2088/522/817 1232/426/817 471/499/817
f 306/177/818 1186/443/818 2089/506/818 1489/520/818
f 1186/443/819 307/447/819 1491/446/819 2089/506/819
f 2089/506/820 1491/446/820 466/446/820 1227/524/820
f 1489/520/821 2089/506/821 1227/524/821 465/521/821
f 314/431/822 1194/468/822 2090/525/822 1490/431/822
f 1194/468/823 315/395/823 1492/526/823 2090/525/823
f 2090/525/824 1492/526/824 473/526/824 1233/525/824
f 1490/431/825 2090/525/825 1233/525/825 472/523/825
f 307/447/826 1187/475/826 2091/474/826 1491/446/826
f 1187/475/827 308/411/827 1493/414/827 2091/474/827
f 2091/474/828 1493/414/828 467/411/828 1228/475/828
f 1491/446/829 2091/474/829 1228/475/829 466/446/829
f 315/395/830 1195/393/830 2092/387/830 1492/526/830
f 1195/393/831 316/389/831 1494/390/831 2092/387/831
f 2092/387/832 1494/390/832 474/389/832 1234/393/832
f 1492/526/833 2092/387/833 1234/393/833 473/526/833
f 308/411/834 1188/419/834 2093/527/834 1493/414/834
f 1188/419/835 309/418/835 1495/418/835 2093/527/835
f 2093/527/836 1495/418/836 468/528/836 1229/527/836
f 1493/414/837 2093/527/837 1229/527/837 467/411/837
f 301/420/838 1181/424/838 2094/422/838 1222/423/838
f 1181/424/839 302/378/839 1496/529/839 2094/422/839
f 2094/422/840 1496/529/840 461/530/840 1479/531/840
f 1222/423/841 2094/422/841 1479/531/841 479/423/841
f 316/389/842 1196/455/842 2095/532/842 1494/390/842
f 1196/455/843 317/460/843 1497/533/843 2095/532/843
f 2095/532/844 1497/533/844 475/534/844 1235/532/844
f 1494/390/845 2095/532/845 1235/532/845 474/389/845
f 309/418/846 1189/467/846 2096/466/846 1495/418/846
f 1189/467/847 310/379/847 1498/379/847 2096/466/847
f 2096/466/848 1498/379/848 469/535/848 1230/467/848
f 1495/418/849 2096/466/849 1230/467/849 468/528/849
f 302/378/850 1182/376/850 2097/536/850 1496/529/850
f 1182/376/851 303/373/851 1499/405/851 2097/536/851
f 2097/536/852 1499/405/852 462/405/852 1223/536/852
f 1496/529/853 2097/536/853 1223/536/853 461/530/853
f 317/460/854 1197/479/854 2098/480/854 1497/533/854
f 1197/479/855 318/433/855 1500/433/855 2098/480/855
f 2098/480/856 1500/433/856 476/482/856 1236/479/856
f 1497/533/857 2098/480/857 1236/479/857 475/534/857
f 310/379/858 1190/380/858 2099/537/858 1498/379/858
f 1190/380/859 311/384/859 1221/383/859 2099/537/859
f 2099/537/860 1221/383/860 480/384/860 1480/537/860
f 1498/379/861 2099/537/861 1480/537/861 469/535/861
f 303/373/862 1183/410/862 2100/406/862 1499/405/862
f 1183/410/863 304/407/863 1485/489/863 2100/406/863
f 2100/406/864 1485/489/864 463/489/864 1224/410/864
f 1499/405/865 2100/406/865 1224/410/865 462/405/865
f 318/433/866 1198/434/866 2101/538/866 1500/433/866
f 1198/434/867 319/441/867 1487/438/867 2101/538/867
f 2101/538/868 1487/438/868 477/441/868 1237/538/868
f 1500/433/869 2101/538/869 1237/538/869 476/482/869
f 321/539/407 1637/540/407 2102/541/407 1640/542/407
f 323/543/407 1621/544/407 2102/541/407 1637/540/407
f 324/545/407 1622/546/407 2102/541/407 1621/544/407
f 325/547/407 1623/548/407 2102/541/407 1622/546/407
f 326/549/407 1624/550/407 2102/541/407 1623/548/407
f 327/551/407 1625/552/407 2102/541/407 1624/550/407
f 328/553/407 1626/554/407 2102/541/407 1625/552/407
f 329/555/407 1627/556/407 2102/541/407 1626/554/407
f 330/557/407 1628/558/407 2102/541/407 1627/556/407
f 331/559/407 1638/560/407 2102/541/407 1628/558/407
f 322/561/407 1639/562/407 2102/541/407 1638/560/407
f 332/563/407 1629/564/407 2102/541/407 1639/562/407
f 333/565/407 1630/566/407 2102/541/407 1629/564/407
f 334/567/407 1631/568/407 2102/541/407 1630/566/407
f 335/569/407 1632/570/407 2102/541/407 1631/568/407
f 336/571/407 1633/572/407 2102/541/407 1632/570/407
f 337/573/407 1634/574/407 2102/541/407 1633/572/407
f 338/575/407 1635/576/407 2102/541/407 1634/574/407
f 339/577/407 1636/578/407 2102/541/407 1635/576/407
f 340/579/407 1640/542/407 2102/541/407 1636/578/407
f 161/6/1030 1319/228/1030 2143/704/1030 1359/230/1030
f 1319/228/1031 162/227/1031 1360/227/1031 2143/704/1031
f 2143/704/1032 1360/227/1032 381/227/1032 901/228/1032
f 1359/230/1033 2143/704/1033 901/228/1033 382/6/1033
f 162/227/1034 1320/245/1034 2144/245/1034 1360/227/1034
f 1320/245/1035 163/221/1035 1361/222/1035 2144/245/1035
f 2144/245/1036 1361/222/1036 383/221/1036 902/245/1036
f 1360/227/1037 2144/245/1037 902/245/1037 381/227/1037
f 163/221/1038 1321/218/1038 2145/218/1038 1361/222/1038
f 1321/218/1039 164/217/1039 1362/220/1039 2145/218/1039
f 2145/218/1040 1362/220/1040 384/217/1040 903/218/1040
f 1361/222/1041 2145/218/1041 903/218/1041 383/221/1041
f 164/217/1042 1322/239/1042 2146/240/1042 1362/220/1042
f 1322/239/1043 165/201/1043 1363/202/1043 2146/240/1043
f 2146/240/1044 1363/202/1044 385/201/1044 904/239/1044
f 1362/220/1045 2146/240/1045 904/239/1045 384/217/1045
f 165/201/1046 1323/198/1046 2147/199/1046 1363/202/1046
f 1323/198/1047 166/197/1047 1364/705/1047 2147/199/1047
f 2147/199/1048 1364/705/1048 386/197/1048 905/198/1048
f 1363/202/1049 2147/199/1049 905/198/1049 385/201/1049
f 166/197/1050 1324/234/1050 2148/235/1050 1364/705/1050
f 1324/234/1051 167/153/1051 1365/706/1051 2148/235/1051
f 2148/235/1052 1365/706/1052 387/153/1052 906/234/1052
f 1364/705/1053 2148/235/1053 906/234/1053 386/197/1053
f 167/153/1054 1325/150/1054 2149/151/1054 1365/706/1054
f 1325/150/1055 168/149/1055 1366/707/1055 2149/151/1055
f 2149/151/1056 1366/707/1056 388/149/1056 907/150/1056
f 1365/706/1057 2149/151/1057 907/150/1057 387/153/1057
f 168/149/1058 1326/224/1058 2150/253/1058 1366/707/1058
f 1326/224/1059 169/223/1059 1367/703/1059 2150/253/1059
f 2150/253/1060 1367/703/1060 389/223/1060 908/224/1060
f 1366/707/1061 2150/253/1061 908/224/1061 388/149/1061
f 169/223/1062 1327/241/1062 2151/708/1062 1367/703/1062
f 1327/241/1063 170/207/1063 1368/709/1063 2151/708/1063
f 2151/708/1064 1368/709/1064 390/207/1064 909/241/1064
f 1367/703/1065 2151/708/1065 909/241/1065 389/223/1065
f 170/207/1066 1328/204/1066 2152/710/1066 1368/709/1066
f 1328/204/1067 171/203/1067 1369/206/1067 2152/710/1067
f 2152/710/1068 1369/206/1068 391/203/1068 910/204/1068
f 1368/709/1069 2152/710/1069 910/204/1069 390/207/1069
f 171/203/1070 1329/236/1070 2153/237/1070 1369/206/1070
f 1329/236/1071 172/189/1071 1370/711/1071 2153/237/1071
f 2153/237/1072 1370/711/1072 392/189/1072 911/236/1072
f 1369/206/1073 2153/237/1073 911/236/1073 391/203/1073
f 172/189/1074 1330/187/1074 2154/712/1074 1370/711/1074
f 1330/187/1075 173/185/1075 1371/713/1075 2154/712/1075
f 2154/712/1076 1371/713/1076 393/185/1076 912/187/1076
f 1370/711/1077 2154/712/1077 912/187/1077 392/189/1077
f 173/185/1078 1331/182/1078 2155/356/1078 1371/713/1078
f 1331/182/1079 174/181/1079 1372/714/1079 2155/356/1079
f 2155/356/1080 1372/714/1080 394/181/1080 913/182/1080
f 1371/713/1081 2155/356/1081 913/182/1081 393/185/1081
f 174/181/1082 1332/242/1082 2156/243/1082 1372/714/1082
f 1332/242/1083 175/212/1083 1373/715/1083 2156/243/1083
f 2156/243/1084 1373/715/1084 395/212/1084 914/242/1084
f 1372/714/1085 2156/243/1085 914/242/1085 394/181/1085
f 175/212/1086 1333/210/1086 2157/716/1086 1373/715/1086
f 1333/210/1087 176/209/1087 1374/717/1087 2157/716/1087
f 2157/716/1088 1374/717/1088 396/209/1088 915/210/1088
f 1373/715/1089 2157/716/1089 915/210/1089 395/212/1089
f 176/209/1090 1334/238/1090 2158/256/1090 1374/717/1090
f 1334/238/1091 177/195/1091 1375/718/1091 2158/256/1091
f 2158/256/1092 1375/718/1092 397/195/1092 916/238/1092
f 1374/717/1093 2158/256/1093 916/238/1093 396/209/1093
f 177/195/1094 1335/192/1094 2159/322/1094 1375/718/1094
f 1335/192/1095 178/191/1095 1376/194/1095 2159/322/1095
f 2159/322/1096 1376/194/1096 398/191/1096 917/192/1096
f 1375/718/1097 2159/322/1097 917/192/1097 397/195/1097
f 178/191/1098 1336/232/1098 2160/232/1098 1376/194/1098
f 1336/232/1099 179/231/1099 1377/233/1099 2160/232/1099
f 2160/232/1100 1377/233/1100 399/231/1100 918/232/1100
f 1376/194/1101 2160/232/1101 918/232/1101 398/191/1101
f 179/231/1102 1337/244/1102 2161/719/1102 1377/233/1102
f 1337/244/1103 180/216/1103 1378/720/1103 2161/719/1103
f 2161/719/1104 1378/720/1104 400/216/1104 919/244/1104
f 1377/233/1105 2161/719/1105 919/244/1105 399/231/1105
f 180/216/1106 1338/214/1106 2162/350/1106 1378/720/1106
f 1338/214/1107 161/167/1107 1359/215/1107 2162/350/1107
f 2162/350/1108 1359/215/1108 382/167/1108 920/214/1108
f 1378/720/1109 2162/350/1109 920/214/1109 400/216/1109
f 182/227/1110 1339/228/1110 2163/228/1110 1379/229/1110
f 1339/228/1111 181/6/1111 1380/230/1111 2163/228/1111
f 2163/228/1112 1380/230/1112 402/6/1112 941/228/1112
f 1379/229/1113 2163/228/1113 941/228/1113 401/227/1113
f 183/221/1114 1340/245/1114 2164/245/1114 1381/222/1114
f 1340/245/1115 182/227/1115 1379/229/1115 2164/245/1115
f 2164/245/1116 1379/229/1116 401/227/1116 942/245/1116
f 1381/222/1117 2164/245/1117 942/245/1117 403/221/1117
f 184/217/1118 1341/218/1118 2165/219/1118 1382/220/1118
f 1341/218/1119 183/221/1119 1381/222/1119 2165/219/1119
f 2165/219/1120 1381/222/1120 403/221/1120 943/218/1120
f 1382/220/1121 2165/219/1121 943/218/1121 404/217/1121
f 185/201/1122 1342/239/1122 2166/240/1122 1383/202/1122
f 1342/239/1123 184/217/1123 1382/220/1123 2166/240/1123
f 2166/240/1124 1382/220/1124 404/217/1124 944/239/1124
f 1383/202/1125 2166/240/1125 944/239/1125 405/201/1125
f 186/197/1126 1343/198/1126 2167/199/1126 1384/200/1126
f 1343/198/1127 185/201/1127 1383/202/1127 2167/199/1127
f 2167/199/1128 1383/202/1128 405/201/1128 945/198/1128
f 1384/200/1129 2167/199/1129 945/198/1129 406/197/1129
f 187/153/1130 1344/234/1130 2168/235/1130 1385/154/1130
f 1344/234/1131 186/197/1131 1384/200/1131 2168/235/1131
f 2168/235/1132 1384/200/1132 406/197/1132 946/234/1132
f 1385/154/1133 2168/235/1133 946/234/1133 407/153/1133
f 188/149/1134 1345/150/1134 2169/151/1134 1386/152/1134
f 1345/150/1135 187/153/1135 1385/154/1135 2169/151/1135
f 2169/151/1136 1385/154/1136 407/153/1136 947/150/1136
f 1386/152/1137 2169/151/1137 947/150/1137 408/149/1137
f 189/223/1138 1346/224/1138 2170/225/1138 1387/226/1138
f 1346/224/1139 188/149/1139 1386/152/1139 2170/225/1139
f 2170/225/1140 1386/152/1140 408/149/1140 948/224/1140
f 1387/226/1141 2170/225/1141 948/224/1141 409/223/1141
f 190/207/1142 1347/241/1142 2171/241/1142 1388/208/1142
f 1347/241/1143 189/223/1143 1387/226/1143 2171/241/1143
f 2171/241/1144 1387/226/1144 409/223/1144 949/241/1144
f 1388/208/1145 2171/241/1145 949/241/1145 410/207/1145
f 191/203/1146 1348/204/1146 2172/205/1146 1389/206/1146
f 1348/204/1147 190/207/1147 1388/208/1147 2172/205/1147
f 2172/205/1148 1388/208/1148 410/207/1148 950/204/1148
f 1389/206/1149 2172/205/1149 950/204/1149 411/203/1149
f 192/189/1150 1349/236/1150 2173/237/1150 1390/190/1150
f 1349/236/1151 191/203/1151 1389/206/1151 2173/237/1151
f 2173/237/1152 1389/206/1152 411/203/1152 951/236/1152
f 1390/190/1153 2173/237/1153 951/236/1153 412/189/1153
f 193/185/1154 1350/187/1154 2174/188/1154 1391/186/1154
f 1350/187/1155 192/189/1155 1390/190/1155 2174/188/1155
f 2174/188/1156 1390/190/1156 412/189/1156 952/187/1156
f 1391/186/1157 2174/188/1157 952/187/1157 413/185/1157
f 194/181/1158 1351/182/1158 2175/183/1158 1392/184/1158
f 1351/182/1159 193/185/1159 1391/186/1159 2175/183/1159
f 2175/183/1160 1391/186/1160 413/185/1160 953/182/1160
f 1392/184/1161 2175/183/1161 953/182/1161 414/181/1161
f 195/212/1162 1352/242/1162 2176/243/1162 1393/213/1162
f 1352/242/1163 194/181/1163 1392/184/1163 2176/243/1163
f 2176/243/1164 1392/184/1164 414/181/1164 954/242/1164
f 1393/213/1165 2176/243/1165 954/242/1165 415/212/1165
f 196/209/1166 1353/210/1166 2177/210/1166 1394/211/1166
f 1353/210/1167 195/212/1167 1393/213/1167 2177/210/1167
f 2177/210/1168 1393/213/1168 415/212/1168 955/210/1168
f 1394/211/1169 2177/210/1169 955/210/1169 416/209/1169
f 197/195/1170 1354/238/1170 2178/238/1170 1395/196/1170
f 1354/238/1171 196/209/1171 1394/211/1171 2178/238/1171
f 2178/238/1172 1394/211/1172 416/209/1172 956/238/1172
f 1395/196/1173 2178/238/1173 956/238/1173 417/195/1173
f 198/191/1174 1355/192/1174 2179/193/1174 1396/194/1174
f 1355/192/1175 197/195/1175 1395/196/1175 2179/193/1175
f 2179/193/1176 1395/196/1176 417/195/1176 957/192/1176
f 1396/194/1177 2179/193/1177 957/192/1177 418/191/1177
f 199/231/1178 1356/232/1178 2180/232/1178 1397/233/1178
f 1356/232/1179 198/191/1179 1396/194/1179 2180/232/1179
f 2180/232/1180 1396/194/1180 418/191/1180 958/232/1180
f 1397/233/1181 2180/232/1181 958/232/1181 419/231/1181
f 200/216/1182 1357/244/1182 2181/244/1182 1398/246/1182
f 1357/244/1183 199/231/1183 1397/233/1183 2181/244/1183
f 2181/244/1184 1397/233/1184 419/231/1184 959/244/1184
f 1398/246/1185 2181/244/1185 959/244/1185 420/216/1185
f 181/167/1186 1358/214/1186 2182/214/1186 1380/215/1186
f 1358/214/1187 200/216/1187 1398/246/1187 2182/214/1187
f 2182/214/1188 1398/246/1188 420/216/1188 960/214/1188
f 1380/215/1189 2182/214/1189 960/214/1189 402/167/1189
f 121/6/1190 1399/228/1190 2183/704/1190 1439/230/1190
f 1399/228/1191 122/227/1191 1440/227/1191 2183/704/1191
f 2183/704/1192 1440/227/1192 421/227/1192 821/228/1192
f 1439/230/1193 2183/704/1193 821/228/1193 422/6/1193
f 122/227/1194 1400/245/1194 2184/245/1194 1440/227/1194
f 1400/245/1195 123/221/1195 1441/222/1195 2184/245/1195
f 2184/245/1196 1441/222/1196 423/221/1196 822/245/1196
f 1440/227/1197 2184/245/1197 822/245/1197 421/227/1197
f 123/221/1198 1401/218/1198 2185/218/1198 1441/222/1198
f 1401/218/1199 124/217/1199 1442/220/1199 2185/218/1199
f 2185/218/1200 1442/220/1200 424/217/1200 823/218/1200
f 1441/222/1201 2185/218/1201 823/218/1201 423/221/1201
f 124/217/1202 1402/239/1202 2186/240/1202 1442/220/1202
f 1402/239/1203 125/201/1203 1443/202/1203 2186/240/1203
f 2186/240/1204 1443/202/1204 425/201/1204 824/239/1204
f 1442/220/1205 2186/240/1205 824/239/1205 424/217/1205
f 125/201/1206 1403/198/1206 2187/199/1206 1443/202/1206
f 1403/198/1207 126/197/1207 1444/705/1207 2187/199/1207
f 2187/199/1208 1444/705/1208 426/197/1208 825/198/1208
f 1443/202/1209 2187/199/1209 825/198/1209 425/201/1209
f 126/197/1210 1404/234/1210 2188/235/1210 1444/705/1210
f 1404/234/1211 127/153/1211 1445/706/1211 2188/235/1211
f 2188/235/1212 1445/706/1212 427/153/1212 826/234/1212
f 1444/705/1213 2188/235/1213 826/234/1213 426/197/1213
f 127/153/1214 1405/150/1214 2189/151/1214 1445/706/1214
f 1405/150/1215 128/149/1215 1446/707/1215 2189/151/1215
f 2189/151/1216 1446/707/1216 428/149/1216 827/150/1216
f 1445/706/1217 2189/151/1217 827/150/1217 427/153/1217
f 128/149/1218 1406/224/1218 2190/253/1218 1446/707/1218
f 1406/224/1219 129/223/1219 1447/703/1219 2190/253/1219
f 2190/253/1220 1447/703/1220 429/223/1220 828/224/1220
f 1446/707/1221 2190/253/1221 828/224/1221 428/149/1221
f 129/223/1222 1407/241/1222 2191/708/1222 1447/703/1222
f 1407/241/1223 130/207/1223 1448/709/1223 2191/708/1223
f 2191/708/1224 1448/709/1224 430/207/1224 829/241/1224
f 1447/703/1225 2191/708/1225 829/241/1225 429/223/1225
f 130/207/1226 1408/204/1226 2192/710/1226 1448/709/1226
f 1408/204/1227 131/203/1227 1449/206/1227 2192/710/1227
f 2192/710/1228 1449/206/1228 431/203/1228 830/204/1228
f 1448/709/1229 2192/710/1229 830/204/1229 430/207/1229
f 131/203/1230 1409/236/1230 2193/237/1230 1449/206/1230
f 1409/236/1231 132/189/1231 1450/711/1231 2193/237/1231
f 2193/237/1232 1450/711/1232 432/189/1232 831/236/1232
f 1449/206/1233 2193/237/1233 831/236/1233 431/203/1233
f 132/189/1234 1410/187/1234 2194/712/1234 1450/711/1234
f 1410/187/1235 133/185/1235 1451/713/1235 2194/712/1235
f 2194/712/1236 1451/713/1236 433/185/1236 832/187/1236
f 1450/711/1237 2194/712/1237 832/187/1237 432/189/1237
f 133/185/1238 1411/182/1238 2195/356/1238 1451/713/1238
f 1411/182/1239 134/181/1239 1452/714/1239 2195/356/1239
f 2195/356/1240 1452/714/1240 434/181/1240 833/182/1240
f 1451/713/1241 2195/356/1241 833/182/1241 433/185/1241
f 134/181/1242 1412/242/1242 2196/243/1242 1452/714/1242
f 1412/242/1243 135/212/1243 1453/715/1243 2196/243/1243
f 2196/243/1244 1453/715/1244 435/212/1244 834/242/1244
f 1452/714/1245 2196/243/1245 834/242/1245 434/181/1245
f 135/212/1246 1413/210/1246 2197/716/1246 1453/715/1246
f 1413/210/1247 136/209/1247 1454/717/1247 2197/716/1247
f 2197/716/1248 1454/717/1248 436/209/1248 835/210/1248
f 1453/715/1249 2197/716/1249 835/210/1249 435/212/1249
f 136/209/1250 1414/238/1250 2198/256/1250 1454/717/1250
f 1414/238/1251 137/195/1251 1455/718/1251 2198/256/1251
f 2198/256/1252 1455/718/1252 437/195/1252 836/238/1252
f 1454/717/1253 2198/256/1253 836/238/1253 436/209/1253
f 137/195/1254 1415/192/1254 2199/322/1254 1455/718/1254
f 1415/192/1255 138/191/1255 1456/194/1255 2199/322/1255
f 2199/322/1256 1456/194/1256 438/191/1256 837/192/1256
f 1455/718/1257 2199/322/1257 837/192/1257 437/195/1257
f 138/191/1258 1416/232/1258 2200/232/1258 1456/194/1258
f 1416/232/1259 139/231/1259 1457/233/1259 2200/232/1259
f 2200/232/1260 1457/233/1260 439/231/1260 838/232/1260
f 1456/194/1261 2200/232/1261 838/232/1261 438/191/1261
f 139/231/1262 1417/244/1262 2201/719/1262 1457/233/1262
f 1417/244/1263 140/216/1263 1458/720/1263 2201/719/1263
f 2201/719/1264 1458/720/1264 440/216/1264 839/244/1264
f 1457/233/1265 2201/719/1265 839/244/1265 439/231/1265
f 140/216/1266 1418/214/1266 2202/350/1266 1458/720/1266
f 1418/214/1267 121/167/1267 1439/215/1267 2202/350/1267
f 2202/350/1268 1439/215/1268 422/167/1268 840/214/1268
f 1458/720/1269 2202/350/1269 840/214/1269 440/216/1269
f 142/227/1270 1419/228/1270 2203/228/1270 1459/229/1270
f 1419/228/1271 141/6/1271 1460/230/1271 2203/228/1271
f 2203/228/1272 1460/230/1272 442/6/1272 861/228/1272
f 1459/229/1273 2203/228/1273 861/228/1273 441/227/1273
f 143/221/1274 1420/245/1274 2204/245/1274 1461/222/1274
f 1420/245/1275 142/227/1275 1459/229/1275 2204/245/1275
f 2204/245/1276 1459/229/1276 441/227/1276 862/245/1276
f 1461/222/1277 2204/245/1277 862/245/1277 443/221/1277
f 144/217/1278 1421/218/1278 2205/219/1278 1462/220/1278
f 1421/218/1279 143/221/1279 1461/222/1279 2205/219/1279
f 2205/219/1280 1461/222/1280 443/221/1280 863/218/1280
f 1462/220/1281 2205/219/1281 863/218/1281 444/217/1281
f 145/201/1282 1422/239/1282 2206/240/1282 1463/202/1282
f 1422/239/1283 144/217/1283 1462/220/1283 2206/240/1283
f 2206/240/1284 1462/220/1284 444/217/1284 864/239/1284
f 1463/202/1285 2206/240/1285 864/239/1285 445/201/1285
f 146/197/1286 1423/198/1286 2207/199/1286 1464/200/1286
f 1423/198/1287 145/201/1287 1463/202/1287 2207/199/1287
f 2207/199/1288 1463/202/1288 445/201/1288 865/198/1288
f 1464/200/1289 2207/199/1289 865/198/1289 446/197/1289
f 147/153/1290 1424/234/1290 2208/235/1290 1465/154/1290
f 1424/234/1291 146/197/1291 1464/200/1291 2208/235/1291
f 2208/235/1292 1464/200/1292 446/197/1292 866/234/1292
f 1465/154/1293 2208/235/1293 866/234/1293 447/153/1293
f 148/149/1294 1425/150/1294 2209/151/1294 1466/152/1294
f 1425/150/1295 147/153/1295 1465/154/1295 2209/151/1295
f 2209/151/1296 1465/154/1296 447/153/1296 867/150/1296
f 1466/152/1297 2209/151/1297 867/150/1297 448/149/1297
f 149/223/1298 1426/224/1298 2210/225/1298 1467/226/1298
f 1426/224/1299 148/149/1299 1466/152/1299 2210/225/1299
f 2210/225/1300 1466/152/1300 448/149/1300 868/224/1300
f 1467/226/1301 2210/225/1301 868/224/1301 449/223/1301
f 150/207/1302 1427/241/1302 2211/241/1302 1468/208/1302
f 1427/241/1303 149/223/1303 1467/226/1303 2211/241/1303
f 2211/241/1304 1467/226/1304 449/223/1304 869/241/1304
f 1468/208/1305 2211/241/1305 869/241/1305 450/207/1305
f 151/203/1306 1428/204/1306 2212/205/1306 1469/206/1306
f 1428/204/1307 150/207/1307 1468/208/1307 2212/205/1307
f 2212/205/1308 1468/208/1308 450/207/1308 870/204/1308
f 1469/206/1309 2212/205/1309 870/204/1309 451/203/1309
f 152/189/1310 1429/236/1310 2213/237/1310 1470/190/1310
f 1429/236/1311 151/203/1311 1469/206/1311 2213/237/1311
f 2213/237/1312 1469/206/1312 451/203/1312 871/236/1312
f 1470/190/1313 2213/237/1313 871/236/1313 452/189/1313
f 153/185/1314 1430/187/1314 2214/188/1314 1471/186/1314
f 1430/187/1315 152/189/1315 1470/190/1315 2214/188/1315
f 2214/188/1316 1470/190/1316 452/189/1316 872/187/1316
f 1471/186/1317 2214/188/1317 872/187/1317 453/185/1317
f 154/181/1318 1431/182/1318 2215/183/1318 1472/184/1318
f 1431/182/1319 153/185/1319 1471/186/1319 2215/183/1319
f 2215/183/1320 1471/186/1320 453/185/1320 873/182/1320
f 1472/184/1321 2215/183/1321 873/182/1321 454/181/1321
f 155/212/1322 1432/242/1322 2216/243/1322 1473/213/1322
f 1432/242/1323 154/181/1323 1472/184/1323 2216/243/1323
f 2216/243/1324 1472/184/1324 454/181/1324 874/242/1324
f 1473/213/1325 2216/243/1325 874/242/1325 455/212/1325
f 156/209/1326 1433/210/1326 2217/210/1326 1474/211/1326
f 1433/210/1327 155/212/1327 1473/213/1327 2217/210/1327
f 2217/210/1328 1473/213/1328 455/212/1328 875/210/1328
f 1474/211/1329 2217/210/1329 875/210/1329 456/209/1329
f 157/195/1330 1434/238/1330 2218/238/1330 1475/196/1330
f 1434/238/1331 156/209/1331 1474/211/1331 2218/238/1331
f 2218/238/1332 1474/211/1332 456/209/1332 876/238/1332
f 1475/196/1333 2218/238/1333 876/238/1333 457/195/1333
f 158/191/1334 1435/192/1334 2219/193/1334 1476/194/1334
f 1435/192/1335 157/195/1335 1475/196/1335 2219/193/1335
f 2219/193/1336 1475/196/1336 457/195/1336 877/192/1336
f 1476/194/1337 2219/193/1337 877/192/1337 458/191/1337
f 159/231/1338 1436/232/1338 2220/232/1338 1477/233/1338
f 1436/232/1339 158/191/1339 1476/194/1339 2220/232/1339
f 2220/232/1340 1476/194/1340 458/191/1340 878/232/1340
f 1477/233/1341 2220/232/1341 878/232/1341 459/231/1341
f 160/216/1342 1437/244/1342 2221/244/1342 1478/246/1342
f 1437/244/1343 159/231/1343 1477/233/1343 2221/244/1343
f 2221/244/1344 1477/233/1344 459/231/1344 879/244/1344
f 1478/246/1345 2221/244/1345 879/244/1345 460/216/1345
f 141/167/1346 1438/214/1346 2222/214/1346 1460/215/1346
f 1438/214/1347 160/216/1347 1478/246/1347 2222/214/1347
f 2222/214/1348 1478/246/1348 460/216/1348 880/214/1348
f 1460/215/1349 2222/214/1349 880/214/1349 442/167/1349
f 539/721/1350 1520/722/1350 2223/723/1350 1604/724/1350
f 1520/722/1351 538/725/1351 1538/726/1351 2223/723/1351
f 2223/723/1352 1538/726/1352 517/727/1352 1570/542/1352
f 1604/724/1353 2223/723/1353 1570/542/1353 520/721/1353
f 463/489/1354 1225/517/1354 2224/517/1354 1599/728/1354
f 1225/517/1355 464/516/1355 1603/729/1355 2224/517/1355
f 2224/517/1356 1603/729/1356 484/174/1356 1543/461/1356
f 1599/728/1357 2224/517/1357 1543/461/1357 483/728/1357
f 477/441/1358 1238/472/1358 2225/730/1358 1593/441/1358
f 1238/472/1359 478/404/1359 1602/404/1359 2225/730/1359
f 2225/730/1360 1602/404/1360 497/404/1360 1552/491/1360
f 1593/441/1361 2225/730/1361 1552/491/1361 496/731/1361
f 525/551/1362 1504/732/1362 2226/733/1362 1525/734/1362
f 1504/732/1363 524/549/1363 1524/735/1363 2226/733/1363
f 2226/733/1364 1524/735/1364 464/736/1364 1226/737/1364
f 1525/734/1365 2226/733/1365 1226/737/1365 465/738/1365
f 527/739/1366 1506/740/1366 2227/741/1366 1601/742/1366
f 1506/740/1367 526/743/1367 1596/744/1367 2227/741/1367
f 2227/741/1368 1596/744/1368 506/745/1368 1560/746/1368
f 1601/742/1369 2227/741/1369 1560/746/1369 507/747/1369
f 530/748/1370 1519/749/1370 2228/750/1370 1600/751/1370
f 1519/749/1371 540/752/1371 1592/753/1371 2228/750/1371
f 2228/750/1372 1592/753/1372 519/754/1372 1569/755/1372
f 1600/751/1373 2228/750/1373 1569/755/1373 509/756/1373
f 462/405/1374 1224/410/1374 2229/409/1374 1523/405/1374
f 1224/410/1375 463/489/1375 1599/728/1375 2229/409/1375
f 2229/409/1376 1599/728/1376 483/728/1376 1542/410/1376
f 1523/405/1377 2229/409/1377 1542/410/1377 482/757/1377
f 529/559/1378 1508/758/1378 2230/759/1378 1529/760/1378
f 1508/758/1379 528/557/1379 1528/761/1379 2230/759/1379
f 2230/759/1380 1528/761/1380 468/762/1380 1230/763/1380
f 1529/760/1381 2230/759/1381 1230/763/1381 469/764/1381
f 532/765/1382 1532/766/1382 2231/767/1382 1598/768/1382
f 1532/766/1383 472/769/1383 1597/769/1383 2231/767/1383
f 2231/767/1384 1597/769/1384 491/769/1384 1582/766/1384
f 1598/768/1385 2231/767/1385 1582/766/1385 511/765/1385
f 532/765/1386 1510/770/1386 2232/771/1386 1532/766/1386
f 1510/770/1387 531/565/1387 1530/772/1387 2232/771/1387
f 2232/771/1388 1530/772/1388 471/773/1388 1232/774/1388
f 1532/766/1389 2232/771/1389 1232/774/1389 472/769/1389
f 526/743/1390 1505/775/1390 2233/776/1390 1596/744/1390
f 1505/775/1391 525/551/1391 1595/777/1391 2233/776/1391
f 2233/776/1392 1595/777/1392 505/778/1392 1559/552/1392
f 1596/744/1393 2233/776/1393 1559/552/1393 506/745/1393
f 476/482/1394 1237/538/1394 2234/538/1394 1594/436/1394
f 1237/538/1395 477/441/1395 1593/441/1395 2234/538/1395
f 2234/538/1396 1593/441/1396 496/731/1396 1551/435/1396
f 1594/436/1397 2234/538/1397 1551/435/1397 495/436/1397
f 540/752/1398 1518/779/1398 2235/780/1398 1592/753/1398
f 1518/779/1399 529/559/1399 1591/781/1399 2235/780/1399
f 2235/780/1400 1591/781/1400 518/782/1400 1568/783/1400
f 1592/753/1401 2235/780/1401 1568/783/1401 519/754/1401
f 536/575/1402 1514/784/1402 2236/785/1402 1536/786/1402
f 1514/784/1403 535/573/1403 1535/787/1403 2236/785/1403
f 2236/785/1404 1535/787/1404 475/788/1404 1236/789/1404
f 1536/786/1405 2236/785/1405 1236/789/1405 476/790/1405
f 461/530/1406 1223/536/1406 2237/791/1406 1521/372/1406
f 1223/536/1407 462/405/1407 1523/405/1407 2237/791/1407
f 2237/791/1408 1523/405/1408 482/757/1408 1541/376/1408
f 1521/372/1409 2237/791/1409 1541/376/1409 481/372/1409
f 471/773/1410 1530/772/1410 2238/792/1410 1526/773/1410
f 1530/772/1411 531/565/1411 1527/793/1411 2238/792/1411
f 2238/792/1412 1527/793/1412 510/794/1412 1580/795/1412
f 1526/773/1413 2238/792/1413 1580/795/1413 490/773/1413
f 521/543/1414 1517/796/1414 2239/797/1414 1522/798/1414
f 1517/796/1415 539/721/1415 1539/799/1415 2239/797/1415
f 2239/797/1416 1539/799/1416 479/800/1416 1479/801/1416
f 1522/798/1417 2239/797/1417 1479/801/1417 461/802/1417
f 474/389/1418 1235/532/1418 2240/803/1418 1531/389/1418
f 1235/532/1419 475/534/1419 1533/804/1419 2240/803/1419
f 2240/803/1420 1533/804/1420 494/458/1420 1550/805/1420
f 1531/389/1421 2240/803/1421 1550/805/1421 493/392/1421
f 524/549/1422 1503/806/1422 2241/807/1422 1534/808/1422
f 1503/806/1423 523/809/1423 1537/810/1423 2241/807/1423
f 2241/807/1424 1537/810/1424 503/811/1424 1558/812/1424
f 1534/808/1425 2241/807/1425 1558/812/1425 504/813/1425
f 538/725/1426 1516/814/1426 2242/815/1426 1538/726/1426
f 1516/814/1427 537/816/1427 1540/817/1427 2242/815/1427
f 2242/815/1428 1540/817/1428 516/818/1428 1567/819/1428
f 1538/726/1429 2242/815/1429 1567/819/1429 517/727/1429
f 502/820/1430 1556/821/1430 2243/822/1430 1571/823/1430
f 1556/821/1431 501/543/1431 1572/798/1431 2243/822/1431
f 2243/822/1432 1572/798/1432 481/802/1432 1541/824/1432
f 1571/823/1433 2243/822/1433 1541/824/1433 482/825/1433
f 503/811/1434 1557/546/1434 2244/826/1434 1573/827/1434
f 1557/546/1435 502/820/1435 1571/823/1435 2244/826/1435
f 2244/826/1436 1571/823/1436 482/825/1436 1542/828/1436
f 1573/827/1437 2244/826/1437 1542/828/1437 483/829/1437
f 504/813/1438 1558/812/1438 2245/830/1438 1574/735/1438
f 1558/812/1439 503/811/1439 1573/827/1439 2245/830/1439
f 2245/830/1440 1573/827/1440 483/829/1440 1543/831/1440
f 1574/735/1441 2245/830/1441 1543/831/1441 484/736/1441
f 506/745/1442 1559/552/1442 2246/832/1442 1576/833/1442
f 1559/552/1443 505/778/1443 1575/734/1443 2246/832/1443
f 2246/832/1444 1575/734/1444 485/738/1444 1544/834/1444
f 1576/833/1445 2246/832/1445 1544/834/1445 486/835/1445
f 507/747/1446 1560/746/1446 2247/836/1446 1577/837/1446
f 1560/746/1447 506/745/1447 1576/833/1447 2247/836/1447
f 2247/836/1448 1576/833/1448 486/835/1448 1545/838/1448
f 1577/837/1449 2247/836/1449 1545/838/1449 487/839/1449
f 508/557/1450 1561/556/1450 2248/840/1450 1578/761/1450
f 1561/556/1451 507/747/1451 1577/837/1451 2248/840/1451
f 2248/840/1452 1577/837/1452 487/839/1452 1546/841/1452
f 1578/761/1453 2248/840/1453 1546/841/1453 488/762/1453
f 510/794/1454 1562/842/1454 2249/843/1454 1580/795/1454
f 1562/842/1455 509/756/1455 1581/844/1455 2249/843/1455
f 2249/843/1456 1581/844/1456 489/845/1456 1547/846/1456
f 1580/795/1457 2249/843/1457 1547/846/1457 490/773/1457
f 512/847/1458 1563/848/1458 2250/849/1458 1583/850/1458
f 1563/848/1459 511/765/1459 1582/766/1459 2250/849/1459
f 2250/849/1460 1582/766/1460 491/769/1460 1548/851/1460
f 1583/850/1461 2250/849/1461 1548/851/1461 492/852/1461
f 513/853/1462 1564/854/1462 2251/855/1462 1584/856/1462
f 1564/854/1463 512/847/1463 1583/850/1463 2251/855/1463
f 2251/855/1464 1583/850/1464 492/852/1464 1549/857/1464
f 1584/856/1465 2251/855/1465 1549/857/1465 493/858/1465
f 514/573/1466 1565/859/1466 2252/860/1466 1585/787/1466
f 1565/859/1467 513/853/1467 1584/856/1467 2252/860/1467
f 2252/860/1468 1584/856/1468 493/858/1468 1550/861/1468
f 1585/787/1469 2252/860/1469 1550/861/1469 494/788/1469
f 516/818/1470 1566/862/1470 2253/863/1470 1587/864/1470
f 1566/862/1471 515/575/1471 1586/786/1471 2253/863/1471
f 2253/863/1472 1586/786/1472 495/790/1472 1551/865/1472
f 1587/864/1473 2253/863/1473 1551/865/1473 496/866/1473
f 517/727/1474 1567/819/1474 2254/867/1474 1588/868/1474
f 1567/819/1475 516/818/1475 1587/864/1475 2254/867/1475
f 2254/867/1476 1587/864/1476 496/866/1476 1552/869/1476
f 1588/868/1477 2254/867/1477 1552/869/1477 497/870/1477
f 519/754/1478 1568/783/1478 2255/871/1478 1590/872/1478
f 1568/783/1479 518/782/1479 1579/760/1479 2255/871/1479
f 2255/871/1480 1579/760/1480 498/764/1480 1553/873/1480
f 1590/872/1481 2255/871/1481 1553/873/1481 499/874/1481
f 509/756/1482 1569/755/1482 2256/875/1482 1581/844/1482
f 1569/755/1483 519/754/1483 1590/872/1483 2256/875/1483
f 2256/875/1484 1590/872/1484 499/874/1484 1554/876/1484
f 1581/844/1485 2256/875/1485 1554/876/1485 489/845/1485
f 520/721/1486 1570/542/1486 2257/877/1486 1589/799/1486
f 1570/542/1487 517/727/1487 1588/868/1487 2257/877/1487
f 2257/877/1488 1588/868/1488 497/870/1488 1555/878/1488
f 1589/799/1489 2257/877/1489 1555/878/1489 500/800/1489
f 469/535/1490 1480/537/1490 2258/537/1490 1606/879/1490
f 1480/537/1491 480/384/1491 1605/382/1491 2258/537/1491
f 2258/537/1492 1605/382/1492 499/880/1492 1553/881/1492
f 1606/879/1493 2258/537/1493 1553/881/1493 498/879/1493
f 528/557/1494 1507/882/1494 2259/883/1494 1607/884/1494
f 1507/882/1495 527/739/1495 1601/742/1495 2259/883/1495
f 2259/883/1496 1601/742/1496 507/747/1496 1561/556/1496
f 1607/884/1497 2259/883/1497 1561/556/1497 508/557/1497
f 480/384/1498 1481/454/1498 2260/885/1498 1605/382/1498
f 1481/454/1499 470/453/1499 1608/886/1499 2260/885/1499
f 2260/885/1500 1608/886/1500 489/452/1500 1554/887/1500
f 1605/382/1501 2260/885/1501 1554/887/1501 499/880/1501
f 475/788/1502 1535/787/1502 2261/888/1502 1533/788/1502
f 1535/787/1503 535/573/1503 1609/889/1503 2261/888/1503
f 2261/888/1504 1609/889/1504 514/573/1504 1585/787/1504
f 1533/788/1505 2261/888/1505 1585/787/1505 494/788/1505
f 465/521/1506 1227/524/1506 2262/506/1506 1611/890/1506
f 1227/524/1507 466/446/1507 1610/447/1507 2262/506/1507
f 2262/506/1508 1610/447/1508 486/447/1508 1544/445/1508
f 1611/890/1509 2262/506/1509 1544/445/1509 485/890/1509
f 521/543/1510 1522/798/1510 2263/891/1510 1612/892/1510
f 1522/798/1511 461/802/1511 1521/893/1511 2263/891/1511
f 2263/891/1512 1521/893/1512 481/802/1512 1572/798/1512
f 1612/892/1513 2263/891/1513 1572/798/1513 501/543/1513
f 478/404/1514 1482/403/1514 2264/894/1514 1602/404/1514
f 1482/403/1515 479/400/1515 1613/401/1515 2264/894/1515
f 2264/894/1516 1613/401/1516 500/401/1516 1555/895/1516
f 1602/404/1517 2264/894/1517 1555/895/1517 497/404/1517
f 531/565/1518 1509/896/1518 2265/897/1518 1527/793/1518
f 1509/896/1519 530/748/1519 1600/751/1519 2265/897/1519
f 2265/897/1520 1600/751/1520 509/756/1520 1562/842/1520
f 1527/793/1521 2265/897/1521 1562/842/1521 510/794/1521
f 536/575/1522 1536/786/1522 2266/898/1522 1614/899/1522
f 1536/786/1523 476/790/1523 1594/790/1523 2266/898/1523
f 2266/898/1524 1594/790/1524 495/790/1524 1586/786/1524
f 1614/899/1525 2266/898/1525 1586/786/1525 515/575/1525
f 466/446/1526 1228/475/1526 2267/510/1526 1610/447/1526
f 1228/475/1527 467/411/1527 1615/411/1527 2267/510/1527
f 2267/510/1528 1615/411/1528 487/900/1528 1545/474/1528
f 1610/447/1529 2267/510/1529 1545/474/1529 486/447/1529
f 467/411/1530 1229/527/1530 2268/901/1530 1615/411/1530
f 1229/527/1531 468/528/1531 1616/416/1531 2268/901/1531
f 2268/901/1532 1616/416/1532 488/416/1532 1546/413/1532
f 1615/411/1533 2268/901/1533 1546/413/1533 487/900/1533
f 464/736/1534 1524/735/1534 2269/902/1534 1603/903/1534
f 1524/735/1535 524/549/1535 1534/808/1535 2269/902/1535
f 2269/902/1536 1534/808/1536 504/813/1536 1574/735/1536
f 1603/903/1537 2269/902/1537 1574/735/1537 484/736/1537
f 533/904/1538 1511/905/1538 2270/906/1538 1617/907/1538
f 1511/905/1539 532/765/1539 1598/768/1539 2270/906/1539
f 2270/906/1540 1598/768/1540 511/765/1540 1563/848/1540
f 1617/907/1541 2270/906/1541 1563/848/1541 512/847/1541
f 525/551/1542 1525/734/1542 2271/908/1542 1595/777/1542
f 1525/734/1543 465/738/1543 1611/738/1543 2271/908/1543
f 2271/908/1544 1611/738/1544 485/738/1544 1575/734/1544
f 1595/777/1545 2271/908/1545 1575/734/1545 505/778/1545
f 534/909/1546 1512/910/1546 2272/911/1546 1618/912/1546
f 1512/910/1547 533/904/1547 1617/907/1547 2272/911/1547
f 2272/911/1548 1617/907/1548 512/847/1548 1564/854/1548
f 1618/912/1549 2272/911/1549 1564/854/1549 513/853/1549
f 479/800/1550 1539/799/1550 2273/913/1550 1613/914/1550
f 1539/799/1551 539/721/1551 1604/724/1551 2273/913/1551
f 2273/913/1552 1604/724/1552 520/721/1552 1589/799/1552
f 1613/914/1553 2273/913/1553 1589/799/1553 500/800/1553
f 470/453/1554 1231/518/1554 2274/518/1554 1608/886/1554
f 1231/518/1555 471/499/1555 1526/915/1555 2274/518/1555
f 2274/518/1556 1526/915/1556 490/915/1556 1547/496/1556
f 1608/886/1557 2274/518/1557 1547/496/1557 489/452/1557
f 535/573/1558 1513/916/1558 2275/917/1558 1609/889/1558
f 1513/916/1559 534/909/1559 1618/912/1559 2275/917/1559
f 2275/917/1560 1618/912/1560 513/853/1560 1565/859/1560
f 1609/889/1561 2275/917/1561 1565/859/1561 514/573/1561
f 522/918/1562 1501/919/1562 2276/920/1562 1619/921/1562
f 1501/919/1563 521/543/1563 1612/892/1563 2276/920/1563
f 2276/920/1564 1612/892/1564 501/543/1564 1556/821/1564
f 1619/921/1565 2276/920/1565 1556/821/1565 502/820/1565
f 472/523/1566 1233/525/1566 2277/922/1566 1597/923/1566
f 1233/525/1567 473/526/1567 1620/395/1567 2277/922/1567
f 2277/922/1568 1620/395/1568 492/385/1568 1548/468/1568
f 1597/923/1569 2277/922/1569 1548/468/1569 491/923/1569
f 468/762/1570 1528/761/1570 2278/924/1570 1616/925/1570
f 1528/761/1571 528/557/1571 1607/884/1571 2278/924/1571
f 2278/924/1572 1607/884/1572 508/557/1572 1578/761/1572
f 1616/925/1573 2278/924/1573 1578/761/1573 488/762/1573
f 537/816/1574 1515/926/1574 2279/927/1574 1540/817/1574
f 1515/926/1575 536/575/1575 1614/899/1575 2279/927/1575
f 2279/927/1576 1614/899/1576 515/575/1576 1566/862/1576
f 1540/817/1577 2279/927/1577 1566/862/1577 516/818/1577
f 523/809/1578 1502/928/1578 2280/929/1578 1537/810/1578
f 1502/928/1579 522/918/1579 1619/921/1579 2280/929/1579
f 2280/929/1580 1619/921/1580 502/820/1580 1557/546/1580
f 1537/810/1581 2280/929/1581 1557/546/1581 503/811/1581
f 473/526/1582 1234/393/1582 2281/930/1582 1620/395/1582
f 1234/393/1583 474/389/1583 1531/389/1583 2281/930/1583
f 2281/930/1584 1531/389/1584 493/392/1584 1549/393/1584
f 1620/395/1585 2281/930/1585 1549/393/1585 492/385/1585
f 529/559/1586 1529/760/1586 2282/931/1586 1591/781/1586
f 1529/760/1587 469/764/1587 1606/932/1587 2282/931/1587
f 2282/931/1588 1606/932/1588 498/764/1588 1579/760/1588
f 1591/781/1589 2282/931/1589 1579/760/1589 518/782/1589
f 324/545/1590 1621/544/1590 2283/933/1590 1641/934/1590
f 1621/544/1591 323/543/1591 1642/935/1591 2283/933/1591
f 2283/933/1592 1642/935/1592 521/543/1592 1501/919/1592
f 1641/934/1593 2283/933/1593 1501/919/1593 522/918/1593
f 325/547/1594 1622/546/1594 2284/936/1594 1643/937/1594
f 1622/546/1595 324/545/1595 1641/934/1595 2284/936/1595
f 2284/936/1596 1641/934/1596 522/918/1596 1502/928/1596
f 1643/937/1597 2284/936/1597 1502/928/1597 523/809/1597
f 326/549/1598 1623/548/1598 2285/938/1598 1644/939/1598
f 1623/548/1599 325/547/1599 1643/937/1599 2285/938/1599
f 2285/938/1600 1643/937/1600 523/809/1600 1503/806/1600
f 1644/939/1601 2285/938/1601 1503/806/1601 524/549/1601
f 327/551/1602 1624/550/1602 2286/940/1602 1645/941/1602
f 1624/550/1603 326/549/1603 1644/939/1603 2286/940/1603
f 2286/940/1604 1644/939/1604 524/549/1604 1504/732/1604
f 1645/941/1605 2286/940/1605 1504/732/1605 525/551/1605
f 328/553/1606 1625/552/1606 2287/942/1606 1646/943/1606
f 1625/552/1607 327/551/1607 1645/941/1607 2287/942/1607
f 2287/942/1608 1645/941/1608 525/551/1608 1505/775/1608
f 1646/943/1609 2287/942/1609 1505/775/1609 526/743/1609
f 329/555/1610 1626/554/1610 2288/944/1610 1647/945/1610
f 1626/554/1611 328/553/1611 1646/943/1611 2288/944/1611
f 2288/944/1612 1646/943/1612 526/743/1612 1506/740/1612
f 1647/945/1613 2288/944/1613 1506/740/1613 527/739/1613
f 330/557/1614 1627/556/1614 2289/946/1614 1648/947/1614
f 1627/556/1615 329/555/1615 1647/945/1615 2289/946/1615
f 2289/946/1616 1647/945/1616 527/739/1616 1507/882/1616
f 1648/947/1617 2289/946/1617 1507/882/1617 528/557/1617
f 331/559/1618 1628/558/1618 2290/948/1618 1649/949/1618
f 1628/558/1619 330/557/1619 1648/947/1619 2290/948/1619
f 2290/948/1620 1648/947/1620 528/557/1620 1508/758/1620
f 1649/949/1621 2290/948/1621 1508/758/1621 529/559/1621
f 333/565/1622 1629/564/1622 2291/950/1622 1650/951/1622
f 1629/564/1623 332/563/1623 1651/952/1623 2291/950/1623
f 2291/950/1624 1651/952/1624 530/748/1624 1509/896/1624
f 1650/951/1625 2291/950/1625 1509/896/1625 531/565/1625
f 334/567/1626 1630/566/1626 2292/953/1626 1652/954/1626
f 1630/566/1627 333/565/1627 1650/951/1627 2292/953/1627
f 2292/953/1628 1650/951/1628 531/565/1628 1510/770/1628
f 1652/954/1629 2292/953/1629 1510/770/1629 532/765/1629
f 335/569/1630 1631/568/1630 2293/955/1630 1653/956/1630
f 1631/568/1631 334/567/1631 1652/954/1631 2293/955/1631
f 2293/955/1632 1652/954/1632 532/765/1632 1511/905/1632
f 1653/956/1633 2293/955/1633 1511/905/1633 533/904/1633
f 336/571/1634 1632/570/1634 2294/957/1634 1654/958/1634
f 1632/570/1635 335/569/1635 1653/956/1635 2294/957/1635
f 2294/957/1636 1653/956/1636 533/904/1636 1512/910/1636
f 1654/958/1637 2294/957/1637 1512/910/1637 534/909/1637
f 337/573/1638 1633/572/1638 2295/959/1638 1655/960/1638
f 1633/572/1639 336/571/1639 1654/958/1639 2295/959/1639
f 2295/959/1640 1654/958/1640 534/909/1640 1513/916/1640
f 1655/960/1641 2295/959/1641 1513/916/1641 535/573/1641
f 338/575/1642 1634/574/1642 2296/961/1642 1656/962/1642
f 1634/574/1643 337/573/1643 1655/960/1643 2296/961/1643
f 2296/961/1644 1655/960/1644 535/573/1644 1514/784/1644
f 1656/962/1645 2296/961/1645 1514/784/1645 536/575/1645
f 339/577/1646 1635/576/1646 2297/963/1646 1657/964/1646
f 1635/576/1647 338/575/1647 1656/962/1647 2297/963/1647
f 2297/963/1648 1656/962/1648 536/575/1648 1515/926/1648
f 1657/964/1649 2297/963/1649 1515/926/1649 537/816/1649
f 340/579/1650 1636/578/1650 2298/965/1650 1658/966/1650
f 1636/578/1651 339/577/1651 1657/964/1651 2298/965/1651
f 2298/965/1652 1657/964/1652 537/816/1652 1516/814/1652
f 1658/966/1653 2298/965/1653 1516/814/1653 538/725/1653
f 323/543/1654 1637/540/1654 2299/967/1654 1642/935/1654
f 1637/540/1655 321/539/1655 1659/968/1655 2299/967/1655
f 2299/967/1656 1659/968/1656 539/721/1656 1517/796/1656
f 1642/935/1657 2299/967/1657 1517/796/1657 521/543/1657
f 322/561/1658 1638/560/1658 2300/969/1658 1660/970/1658
f 1638/560/1659 331/559/1659 1649/949/1659 2300/969/1659
f 2300/969/1660 1649/949/1660 529/559/1660 1518/779/1660
f 1660/970/1661 2300/969/1661 1518/779/1661 540/752/1661
f 332/563/1662 1639/562/1662 2301/971/1662 1651/952/1662
f 1639/562/1663 322/561/1663 1660/970/1663 2301/971/1663
f 2301/971/1664 1660/970/1664 540/752/1664 1519/749/1664
f 1651/952/1665 2301/971/1665 1519/749/1665 530/748/1665
f 321/539/1666 1640/542/1666 2302/972/1666 1659/968/1666
f 1640/542/1667 340/579/1667 1658/966/1667 2302/972/1667
f 2302/972/1668 1658/966/1668 538/725/1668 1520/722/1668
f 1659/968/1669 2302/972/1669 1520/722/1669 539/721/1669
f 1/420/702 1661/973/702 2303/974/702 1701/423/702
f 1661/973/701 3/975/701 1702/976/701 2303/974/701
f 2303/974/1670 1702/976/1670 542/530/1670 601/424/1670
f 1701/423/1671 2303/974/1671 601/424/1671 541/420/1671
f 4/9/1672 1662/7/1672 2304/977/1672 1703/978/1672
f 1662/7/1673 2/6/1673 1704/230/1673 2304/977/1673
f 2304/977/702 1704/230/702 544/6/702 602/228/702
f 1703/978/701 2304/977/701 602/228/701 543/227/701
f 3/975/690 1663/979/690 2305/980/690 1702/976/690
f 1663/979/689 5/981/689 1705/982/689 2305/980/689
f 2305/980/1674 1705/982/1674 545/373/1674 605/376/1674
f 1702/976/1675 2305/980/1675 605/376/1675 542/530/1675
f 6/17/1676 1664/15/1676 2306/983/1676 1706/984/1676
f 1664/15/1677 4/9/1677 1703/978/1677 2306/983/1677
f 2306/983/690 1703/978/690 543/227/690 606/245/690
f 1706/984/689 2306/983/689 606/245/689 546/221/689
f 5/981/698 1665/985/698 2307/986/698 1705/982/698
f 1665/985/697 7/987/697 1707/988/697 2307/986/697
f 2307/986/1678 1707/988/1678 547/407/1678 608/410/1678
f 1705/982/1679 2307/986/1679 608/410/1679 545/373/1679
f 8/25/1680 1666/23/1680 2308/989/1680 1708/990/1680
f 1666/23/1681 6/17/1681 1706/984/1681 2308/989/1681
f 2308/989/698 1706/984/698 546/221/698 609/218/698
f 1708/990/697 2308/989/697 609/218/697 548/217/697
f 7/987/714 1667/991/714 2309/992/714 1707/988/714
f 1667/991/713 9/993/713 1709/994/713 2309/992/713
f 2309/992/1682 1709/994/1682 549/180/1682 611/463/1682
f 1707/988/1683 2309/992/1683 611/463/1683 547/407/1683
f 10/33/1684 1668/31/1684 2310/995/1684 1710/996/1684
f 1668/31/1685 8/25/1685 1708/990/1685 2310/995/1685
f 2310/995/714 1708/990/714 548/217/714 612/239/714
f 1710/996/713 2310/995/713 612/239/713 550/201/713
f 9/993/86 1669/997/86 2311/998/86 1709/994/86
f 1669/997/85 11/999/85 1711/1000/85 2311/998/85
f 2311/998/1686 1711/1000/1686 551/177/1686 614/178/1686
f 1709/994/1687 2311/998/1687 614/178/1687 549/180/1687
f 12/41/1688 1670/39/1688 2312/1001/1688 1712/1002/1688
f 1670/39/1689 10/33/1689 1710/996/1689 2312/1001/1689
f 2312/1001/86 1710/996/86 550/201/86 615/198/86
f 1712/1002/85 2312/1001/85 615/198/85 552/197/85
f 11/999/708 1671/1003/708 2313/1004/708 1711/1000/708
f 1671/1003/707 13/1005/707 1713/1006/707 2313/1004/707
f 2313/1004/1690 1713/1006/1690 553/447/1690 617/443/1690
f 1711/1000/1691 2313/1004/1691 617/443/1691 551/177/1691
f 14/49/1692 1672/47/1692 2314/1007/1692 1714/1008/1692
f 1672/47/1693 12/41/1693 1712/1002/1693 2314/1007/1693
f 2314/1007/708 1712/1002/708 552/197/708 618/234/708
f 1714/1008/707 2314/1007/707 618/234/707 554/153/707
f 13/1005/722 1673/1009/722 2315/1010/722 1713/1006/722
f 1673/1009/721 15/1011/721 1715/1012/721 2315/1010/721
f 2315/1010/1694 1715/1012/1694 555/411/1694 620/475/1694
f 1713/1006/1695 2315/1010/1695 620/475/1695 553/447/1695
f 16/57/1696 1674/55/1696 2316/1013/1696 1716/1014/1696
f 1674/55/1697 14/49/1697 1714/1008/1697 2316/1013/1697
f 2316/1013/722 1714/1008/722 554/153/722 621/150/722
f 1716/1014/721 2316/1013/721 621/150/721 556/149/721
f 15/1011/700 1675/1015/700 2317/1016/700 1715/1012/700
f 1675/1015/699 17/1017/699 1717/1018/699 2317/1016/699
f 2317/1016/1698 1717/1018/1698 557/418/1698 623/419/1698
f 1715/1012/1699 2317/1016/1699 623/419/1699 555/411/1699
f 18/65/1700 1676/63/1700 2318/1019/1700 1718/1020/1700
f 1676/63/1701 16/57/1701 1716/1014/1701 2318/1019/1701
f 2318/1019/700 1716/1014/700 556/149/700 624/224/700
f 1718/1020/699 2318/1019/699 624/224/699 558/223/699
f 17/1017/716 1677/1021/716 2319/1022/716 1717/1018/716
f 1677/1021/715 19/1023/715 1719/1024/715 2319/1022/715
f 2319/1022/1702 1719/1024/1702 559/379/1702 626/467/1702
f 1717/1018/1703 2319/1022/1703 626/467/1703 557/418/1703
f 20/73/1704 1678/71/1704 2320/1025/1704 1720/1026/1704
f 1678/71/1705 18/65/1705 1718/1020/1705 2320/1025/1705
f 2320/1025/716 1718/1020/716 558/223/716 627/241/716
f 1720/1026/715 2320/1025/715 627/241/715 560/207/715
f 19/1023/692 1679/1027/692 2321/1028/692 1719/1024/692
f 1679/1027/691 21/1029/691 1721/1030/691 2321/1028/691
f 2321/1028/1706 1721/1030/1706 561/384/1706 629/380/1706
f 1719/1024/1707 2321/1028/1707 629/380/1707 559/379/1707
f 22/81/1708 1680/79/1708 2322/1031/1708 1722/1032/1708
f 1680/79/1709 20/73/1709 1720/1026/1709 2322/1031/1709
f 2322/1031/692 1720/1026/692 560/207/692 630/204/692
f 1722/1032/691 2322/1031/691 630/204/691 562/203/691
f 21/1029/710 1681/1033/710 2323/1034/710 1721/1030/710
f 1681/1033/709 23/1035/709 1723/1036/709 2323/1034/709
f 2323/1034/1710 1723/1036/1710 563/453/1710 632/454/1710
f 1721/1030/1711 2323/1034/1711 632/454/1711 561/384/1711
f 24/89/1712 1682/87/1712 2324/1037/1712 1724/1038/1712
f 1682/87/1713 22/81/1713 1722/1032/1713 2324/1037/1713
f 2324/1037/710 1722/1032/710 562/203/710 633/236/710
f 1724/1038/709 2324/1037/709 633/236/709 564/189/709
f 23/1035/724 1683/1039/724 2325/1040/724 1723/1036/724
f 1683/1039/723 25/1041/723 1725/1042/723 2325/1040/723
f 2325/1040/1714 1725/1042/1714 565/425/1714 635/478/1714
f 1723/1036/1715 2325/1040/1715 635/478/1715 563/453/1715
f 26/97/1716 1684/95/1716 2326/1043/1716 1726/1044/1716
f 1684/95/1717 24/89/1717 1724/1038/1717 2326/1043/1717
f 2326/1043/724 1724/1038/724 564/189/724 636/187/724
f 1726/1044/723 2326/1043/723 636/187/723 566/185/723
f 25/1041/704 1685/1045/704 2327/1046/704 1725/1042/704
f 1685/1045/703 27/1047/703 1727/1048/703 2327/1046/703
f 2327/1046/1718 1727/1048/1718 567/431/1718 638/432/1718
f 1725/1042/1719 2327/1046/1719 638/432/1719 565/425/1719
f 28/105/1720 1686/103/1720 2328/1049/1720 1728/1050/1720
f 1686/103/1721 26/97/1721 1726/1044/1721 2328/1049/1721
f 2328/1049/704 1726/1044/704 566/185/704 639/182/704
f 1728/1050/703 2328/1049/703 639/182/703 568/181/703
f 27/1047/718 1687/1051/718 2329/1052/718 1727/1048/718
f 1687/1051/717 29/1053/717 1729/1054/717 2329/1052/717
f 2329/1052/1722 1729/1054/1722 569/395/1722 641/468/1722
f 1727/1048/1723 2329/1052/1723 641/468/1723 567/431/1723
f 30/113/1724 1688/111/1724 2330/1055/1724 1730/1056/1724
f 1688/111/1725 28/105/1725 1728/1050/1725 2330/1055/1725
f 2330/1055/718 1728/1050/718 568/181/718 642/242/718
f 1730/1056/717 2330/1055/717 642/242/717 570/212/717
f 29/1053/694 1689/1057/694 2331/1058/694 1729/1054/694
f 1689/1057/693 31/1059/693 1731/1060/693 2331/1058/693
f 2331/1058/1726 1731/1060/1726 571/389/1726 644/393/1726
f 1729/1054/1727 2331/1058/1727 644/393/1727 569/395/1727
f 32/121/1728 1690/119/1728 2332/1061/1728 1732/1062/1728
f 1690/119/1729 30/113/1729 1730/1056/1729 2332/1061/1729
f 2332/1061/694 1730/1056/694 570/212/694 645/210/694
f 1732/1062/693 2332/1061/693 645/210/693 572/209/693
f 31/1059/712 1691/1063/712 2333/1064/712 1731/1060/712
f 1691/1063/711 33/1065/711 1733/1066/711 2333/1064/711
f 2333/1064/1730 1733/1066/1730 573/460/1730 647/455/1730
f 1731/1060/1731 2333/1064/1731 647/455/1731 571/389/1731
f 34/129/1732 1692/127/1732 2334/1067/1732 1734/1068/1732
f 1692/127/1733 32/121/1733 1732/1062/1733 2334/1067/1733
f 2334/1067/712 1732/1062/712 572/209/712 648/238/712
f 1734/1068/711 2334/1067/711 648/238/711 574/195/711
f 33/1065/726 1693/1069/726 2335/1070/726 1733/1066/726
f 1693/1069/725 35/1071/725 1735/1072/725 2335/1070/725
f 2335/1070/1734 1735/1072/1734 575/433/1734 650/479/1734
f 1733/1066/1735 2335/1070/1735 650/479/1735 573/460/1735
f 36/137/1736 1694/135/1736 2336/1073/1736 1736/1074/1736
f 1694/135/1737 34/129/1737 1734/1068/1737 2336/1073/1737
f 2336/1073/726 1734/1068/726 574/195/726 651/192/726
f 1736/1074/725 2336/1073/725 651/192/725 576/191/725
f 35/1071/706 1695/1075/706 2337/1076/706 1735/1072/706
f 1695/1075/705 37/1077/705 1737/1078/705 2337/1076/705
f 2337/1076/1738 1737/1078/1738 577/441/1738 653/434/1738
f 1735/1072/1739 2337/1076/1739 653/434/1739 575/433/1739
f 38/145/1740 1696/143/1740 2338/1079/1740 1738/1080/1740
f 1696/143/1741 36/137/1741 1736/1074/1741 2338/1079/1741
f 2338/1079/706 1736/1074/706 576/191/706 654/232/706
f 1738/1080/705 2338/1079/705 654/232/705 578/231/705
f 37/1077/720 1697/1081/720 2339/1082/720 1737/1078/720
f 1697/1081/719 39/1083/719 1739/1084/719 2339/1082/719
f 2339/1082/1742 1739/1084/1742 579/399/1742 656/472/1742
f 1737/1078/1743 2339/1082/1743 656/472/1743 577/441/1743
f 40/159/1744 1698/157/1744 2340/1085/1744 1740/1086/1744
f 1698/157/1745 38/145/1745 1738/1080/1745 2340/1085/1745
f 2340/1085/720 1738/1080/720 578/231/720 657/244/720
f 1740/1086/719 2340/1085/719 657/244/719 580/216/719
f 39/1083/696 1699/1087/696 2341/1088/696 1739/1084/696
f 1699/1087/695 1/400/695 1701/401/695 2341/1088/695
f 2341/1088/1746 1701/401/1746 541/400/1746 659/403/1746
f 1739/1084/1747 2341/1088/1747 659/403/1747 579/399/1747
f 2/167/1748 1700/165/1748 2342/1089/1748 1704/215/1748
f 1700/165/1749 40/159/1749 1740/1086/1749 2342/1089/1749
f 2342/1089/696 1740/1086/696 580/216/696 660/214/696
f 1704/215/695 2342/1089/695 660/214/695 544/167/695
f 1801/163/1746 2402/166/1746 2363/168/1746 603/169/1746
f 658/161/1747 2382/160/1747 2402/166/1747 1801/163/1747
f 1800/155/1742 2401/158/1742 2382/160/1742 658/161/1742
f 655/147/1743 2381/146/1743 2401/158/1743 1800/155/1743
f 1798/141/1738 2400/144/1738 2381/146/1738 655/147/1738
f 652/139/1739 2380/138/1739 2400/144/1739 1798/141/1739
f 1797/133/1734 2399/136/1734 2380/138/1734 652/139/1734
f 649/131/1735 2379/130/1735 2399/136/1735 1797/133/1735
f 1796/125/1730 2398/128/1730 2379/130/1730 649/131/1730
f 646/123/1731 2378/122/1731 2398/128/1731 1796/125/1731
f 1795/117/1726 2397/120/1726 2378/122/1726 646/123/1726
f 643/115/1727 2377/114/1727 2397/120/1727 1795/117/1727
f 1794/109/1722 2396/112/1722 2377/114/1722 643/115/1722
f 640/107/1723 2376/106/1723 2396/112/1723 1794/109/1723
f 1793/101/1718 2395/104/1718 2376/106/1718 640/107/1718
f 637/99/1719 2375/98/1719 2395/104/1719 1793/101/1719
f 1792/93/1714 2394/96/1714 2375/98/1714 637/99/1714
f 634/91/1715 2374/90/1715 2394/96/1715 1792/93/1715
f 1791/85/1710 2393/88/1710 2374/90/1710 634/91/1710
f 631/83/1711 2373/82/1711 2393/88/1711 1791/85/1711
f 1790/77/1706 2392/80/1706 2373/82/1706 631/83/1706
f 628/75/1707 2372/74/1707 2392/80/1707 1790/77/1707
f 1789/69/1702 2391/72/1702 2372/74/1702 628/75/1702
f 625/67/1703 2371/66/1703 2391/72/1703 1789/69/1703
f 1788/61/1698 2390/64/1698 2371/66/1698 625/67/1698
f 622/59/1699 2370/58/1699 2390/64/1699 1788/61/1699
f 1787/53/1694 2389/56/1694 2370/58/1694 622/59/1694
f 619/51/1695 2369/50/1695 2389/56/1695 1787/53/1695
f 1786/45/1690 2388/48/1690 2369/50/1690 619/51/1690
f 616/43/1691 2368/42/1691 2388/48/1691 1786/45/1691
f 1785/37/1686 2387/40/1686 2368/42/1686 616/43/1686
f 613/35/1687 2367/34/1687 2387/40/1687 1785/37/1687
f 1784/29/1682 2386/32/1682 2367/34/1682 613/35/1682
f 610/27/1683 2366/26/1683 2386/32/1683 1784/29/1683
f 1783/21/1678 2385/24/1678 2366/26/1678 610/27/1678
f 607/19/1679 2365/18/1679 2385/24/1679 1783/21/1679
f 1782/13/1674 2384/16/1674 2365/18/1674 607/19/1674
f 604/11/1675 2364/10/1675 2384/16/1675 1782/13/1675
f 1781/3/1670 2383/8/1670 2364/10/1670 604/11/1670
f 603/2/1671 2363/5/1671 2383/8/1671 1781/3/1671
f 1699/1087/695 2442/164/695 2403/170/695 1/400/695
f 39/1083/696 2422/162/696 2442/164/696 1699/1087/696
f 1697/1081/719 2441/156/719 2422/162/719 39/1083/719
f 37/1077/720 2421/148/720 2441/156/720 1697/1081/720
f 1695/1075/705 2440/142/705 2421/148/705 37/1077/705
f 35/1071/706 2420/140/706 2440/142/706 1695/1075/706
f 1693/1069/725 2439/134/725 2420/140/725 35/1071/725
f 33/1065/726 2419/132/726 2439/134/726 1693/1069/726
f 1691/1063/711 2438/126/711 2419/132/711 33/1065/711
f 31/1059/712 2418/124/712 2438/126/712 1691/1063/712
f 1689/1057/693 2437/118/693 2418/124/693 31/1059/693
f 29/1053/694 2417/116/694 2437/118/694 1689/1057/694
f 1687/1051/717 2436/110/717 2417/116/717 29/1053/717
f 27/1047/718 2416/108/718 2436/110/718 1687/1051/718
f 1685/1045/703 2435/102/703 2416/108/703 27/1047/703
f 25/1041/704 2415/100/704 2435/102/704 1685/1045/704
f 1683/1039/723 2434/94/723 2415/100/723 25/1041/723
f 23/1035/724 2414/92/724 2434/94/724 1683/1039/724
f 1681/1033/709 2433/86/709 2414/92/709 23/1035/709
f 21/1029/710 2413/84/710 2433/86/710 1681/1033/710
f 1679/1027/691 2432/78/691 2413/84/691 21/1029/691
f 19/1023/692 2412/76/692 2432/78/692 1679/1027/692
f 1677/1021/715 2431/70/715 2412/76/715 19/1023/715
f 17/1017/716 2411/68/716 2431/70/716 1677/1021/716
f 1675/1015/699 2430/62/699 2411/68/699 17/1017/699
f 15/1011/700 2410/60/700 2430/62/700 1675/1015/700
f 1673/1009/721 2429/54/721 2410/60/721 15/1011/721
f 13/1005/722 2409/52/722 2429/54/722 1673/1009/722
f 1671/1003/707 2428/46/707 2409/52/707 13/1005/707
f 11/999/708 2408/44/708 2428/46/708 1671/1003/708
f 1669/997/85 2427/38/85 2408/44/85 11/999/85
f 9/993/86 2407/36/86 2427/38/86 1669/997/86
f 1667/991/713 2426/30/713 2407/36/713 9/993/713
f 7/987/714 2406/28/714 2426/30/714 1667/991/714
f 1665/985/697 2425/22/697 2406/28/697 7/987/697
f 5/981/698 2405/20/698 2425/22/698 1665/985/698
f 1663/979/689 2424/14/689 2405/20/689 5/981/689
f 3/975/690 2404/12/690 2424/14/690 1663/979/690
f 1661/973/701 2423/4/701 2404/12/701 3/975/701
f 1/420/702 2403/1/702 2423/4/702 1661/973/702
f 650/479/68 575/433/68 2459/433/68 2482/479/68
f 573/460/65 650/479/65 2482/479/65 2462/457/65
f 635/478/48 565/425/48 2457/425/48 2481/476/48
f 563/453/45 635/478/45 2481/476/45 2461/450/45
f 620/475/28 555/411/28 2454/411/28 2480/473/28
f 553/447/25 620/475/25 2480/473/25 2460/444/25
f 605/376/8 545/373/8 2452/405/8 2479/375/8
f 542/530/5 605/376/5 2479/375/5 2455/369/5
f 656/472/80 579/399/80 2450/396/80 2478/470/80
f 577/441/77 656/472/77 2478/470/77 2458/437/77
f 641/468/56 569/395/56 2448/385/56 2477/468/56
f 567/431/53 641/468/53 2477/468/53 2456/428/53
f 626/467/36 559/379/36 2446/379/36 2476/464/36
f 557/418/33 626/467/33 2476/464/33 2453/415/33
f 611/463/16 549/180/16 2444/171/16 2475/461/16
f 547/407/13 611/463/13 2475/461/13 2451/407/13
f 647/455/64 573/460/64 2462/457/64 2474/455/64
f 571/389/61 647/455/61 2474/455/61 2447/389/61
f 632/454/44 563/453/44 2461/450/44 2473/448/44
f 561/384/41 632/454/41 2473/448/41 2445/382/41
f 617/443/24 553/447/24 2460/444/24 2472/442/24
f 551/177/21 617/443/21 2472/442/21 2443/175/21
f 653/434/72 577/441/72 2458/437/72 2471/434/72
f 575/433/69 653/434/69 2471/434/69 2459/433/69
f 638/432/52 567/431/52 2456/428/52 2470/426/52
f 565/425/49 638/432/49 2470/426/49 2457/425/49
f 601/424/4 542/530/4 2455/369/4 2469/421/4
f 541/420/1 601/424/1 2469/421/1 2449/420/1
f 623/419/32 557/418/32 2453/415/32 2468/412/32
f 555/411/29 623/419/29 2468/412/29 2454/411/29
f 608/410/12 547/407/12 2451/407/12 2467/406/12
f 545/373/9 608/410/9 2467/406/9 2452/405/9
f 659/403/84 541/400/84 2449/400/84 2466/397/84
f 579/399/81 659/403/81 2466/397/81 2450/396/81
f 644/393/60 571/389/60 2447/389/60 2465/386/60
f 569/395/57 644/393/57 2465/386/57 2448/385/57
f 629/380/40 561/384/40 2445/382/40 2464/380/40
f 559/379/37 629/380/37 2464/380/37 2446/379/37
f 614/178/20 551/177/20 2443/175/20 2463/172/20
f 549/180/17 614/178/17 2463/172/17 2444/171/17
f 1140/458/1735 2042/479/1735 2522/480/1735 2502/459/1735
f 2042/479/1734 1137/436/1734 2499/433/1734 2522/480/1734
f 1139/451/1715 2041/477/1715 2521/476/1715 2501/452/1715
f 2041/477/1714 1135/427/1714 2497/425/1714 2521/476/1714
f 1138/444/1695 2040/474/1695 2520/475/1695 2500/446/1695
f 2040/474/1694 1132/414/1694 2494/411/1694 2520/475/1694
f 1133/378/1675 2039/371/1675 2519/376/1675 2495/378/1675
f 2039/371/1674 1130/374/1674 2492/405/1674 2519/376/1674
f 1136/438/1743 2038/471/1743 2518/470/1743 2498/440/1743
f 2038/471/1742 1128/399/1742 2490/404/1742 2518/470/1742
f 1134/429/1723 2037/469/1723 2517/468/1723 2496/430/1723
f 2037/469/1722 1126/388/1722 2488/394/1722 2517/468/1722
f 1131/416/1703 2036/465/1703 2516/466/1703 2493/418/1703
f 2036/465/1702 1124/381/1702 2486/379/1702 2516/466/1702
f 1129/408/1683 2035/461/1683 2515/462/1683 2491/407/1683
f 2035/461/1682 1122/174/1682 2484/179/1682 2515/462/1682
f 1125/390/1731 2034/456/1731 2514/455/1731 2487/392/1731
f 2034/456/1730 1140/458/1730 2502/459/1730 2514/455/1730
f 1123/383/1711 2033/449/1711 2513/449/1711 2485/382/1711
f 2033/449/1710 1139/451/1710 2501/452/1710 2513/449/1710
f 1121/176/1691 2032/443/1691 2512/445/1691 2483/177/1691
f 2032/443/1690 1138/444/1690 2500/446/1690 2512/445/1690
f 1137/436/1739 2031/435/1739 2511/439/1739 2499/433/1739
f 2031/435/1738 1136/438/1738 2498/440/1738 2511/439/1738
f 1135/427/1719 2030/426/1719 2510/426/1719 2497/425/1719
f 2030/426/1718 1134/429/1718 2496/430/1718 2510/426/1718
f 1127/423/1671 2029/422/1671 2509/422/1671 2489/420/1671
f 2029/422/1670 1133/378/1670 2495/378/1670 2509/422/1670
f 1132/414/1699 2028/413/1699 2508/417/1699 2494/411/1699
f 2028/413/1698 1131/416/1698 2493/418/1698 2508/417/1698
f 1130/374/1679 2027/406/1679 2507/409/1679 2492/405/1679
f 2027/406/1678 1129/408/1678 2491/407/1678 2507/409/1678
f 1128/399/1747 2026/398/1747 2506/402/1747 2490/404/1747
f 2026/398/1746 1127/401/1746 2489/400/1746 2506/402/1746
f 1126/388/1727 2025/387/1727 2505/391/1727 2488/394/1727
f 2025/387/1726 1125/390/1726 2487/392/1726 2505/391/1726
f 1124/381/1707 2024/380/1707 2504/380/1707 2486/379/1707
f 2024/380/1706 1123/383/1706 2485/382/1706 2504/380/1706
f 1122/174/1687 1802/173/1687 2503/173/1687 2484/179/1687
f 1802/173/1686 1121/176/1686 2483/177/1686 2503/173/1686
f 1109/467/1702 270/379/1702 2528/379/1702 2562/465/1702
f 269/418/1703 1109/467/1703 2562/465/1703 2542/418/1703
f 1116/455/1730 277/460/1730 2526/481/1730 2561/455/1730
f 276/389/1731 1116/455/1731 2561/455/1731 2541/511/1731
f 1101/424/1670 262/378/1670 2524/369/1670 2560/422/1670
f 261/420/1671 1101/424/1671 2560/422/1671 2536/514/1671
f 1108/419/1698 269/418/1698 2542/418/1698 2559/417/1698
f 268/411/1699 1108/419/1699 2559/417/1699 2540/411/1699
f 1115/393/1726 276/389/1726 2541/511/1726 2558/393/1726
f 275/395/1727 1115/393/1727 2558/393/1727 2539/508/1727
f 1107/475/1694 268/411/1694 2540/411/1694 2557/475/1694
f 267/447/1695 1107/475/1695 2557/475/1695 2538/505/1695
f 1114/468/1722 275/395/1722 2539/508/1722 2556/468/1722
f 274/431/1723 1114/468/1723 2556/468/1723 2537/504/1723
f 1106/443/1690 267/447/1690 2538/505/1690 2555/443/1690
f 266/177/1691 1106/443/1691 2555/443/1691 2535/500/1691
f 1113/432/1718 274/431/1718 2537/504/1718 2554/426/1718
f 273/425/1719 1113/432/1719 2554/426/1719 2534/497/1719
f 1120/403/1746 261/400/1746 2536/502/1746 2553/403/1746
f 280/399/1747 1120/403/1747 2553/403/1747 2533/492/1747
f 1105/178/1686 266/177/1686 2535/500/1686 2552/173/1686
f 265/180/1687 1105/178/1687 2552/173/1687 2532/171/1687
f 1112/478/1714 273/425/1714 2534/497/1714 2551/496/1714
f 272/453/1715 1112/478/1715 2551/496/1715 2531/452/1715
f 1119/472/1742 280/399/1742 2533/492/1742 2550/491/1742
f 279/441/1743 1119/472/1743 2550/491/1743 2530/441/1743
f 1104/463/1682 265/180/1682 2532/171/1682 2549/461/1682
f 264/407/1683 1104/463/1683 2549/461/1683 2529/489/1683
f 1111/454/1710 272/453/1710 2531/452/1710 2548/449/1710
f 271/384/1711 1111/454/1711 2548/449/1711 2527/486/1711
f 1118/434/1738 279/441/1738 2530/441/1738 2547/490/1738
f 278/433/1739 1118/434/1739 2547/490/1739 2525/482/1739
f 1103/410/1678 264/407/1678 2529/489/1678 2546/410/1678
f 263/373/1679 1103/410/1679 2546/410/1679 2523/373/1679
f 1110/380/1706 271/384/1706 2527/486/1706 2545/485/1706
f 270/379/1707 1110/380/1707 2545/485/1707 2528/379/1707
f 1117/479/1734 278/433/1734 2525/482/1734 2544/479/1734
f 277/460/1735 1117/479/1735 2544/479/1735 2526/481/1735
f 1102/376/1674 263/373/1674 2523/373/1674 2543/370/1674
f 262/378/1675 1102/376/1675 2543/370/1675 2524/369/1675
f 1180/416/33 2062/465/33 2602/464/33 2582/418/33
f 2062/465/36 1166/381/36 2568/488/36 2602/464/36
f 1179/390/61 2061/456/61 2601/455/61 2581/389/61
f 2061/456/64 1164/458/64 2566/484/64 2601/455/64
f 1174/423/1 2060/422/1 2600/422/1 2576/420/1
f 2060/422/4 1162/372/4 2564/377/4 2600/422/4
f 1178/414/29 2059/413/29 2599/513/29 2580/411/29
f 2059/413/32 1180/416/32 2582/418/32 2599/513/32
f 1177/388/57 2058/387/57 2598/512/57 2579/509/57
f 2058/387/60 1179/390/60 2581/389/60 2598/512/60
f 1176/444/25 2057/474/25 2597/510/25 2578/507/25
f 2057/474/28 1178/414/28 2580/411/28 2597/510/28
f 1175/429/53 2056/469/53 2596/468/53 2577/430/53
f 2056/469/56 1177/388/56 2579/509/56 2596/468/56
f 1173/176/21 2055/443/21 2595/506/21 2575/175/21
f 2055/443/24 1176/444/24 2578/507/24 2595/506/24
f 1172/427/49 2054/426/49 2594/426/49 2574/499/49
f 2054/426/52 1175/429/52 2577/430/52 2594/426/52
f 1171/493/81 2053/398/81 2593/503/81 2573/495/81
f 2053/398/84 1174/401/84 2576/400/84 2593/503/84
f 1170/174/17 2052/173/17 2592/501/17 2572/171/17
f 2052/173/20 1173/176/20 2575/175/20 2592/501/20
f 1169/451/45 2051/477/45 2591/498/45 2571/452/45
f 2051/477/48 1172/427/48 2574/499/48 2591/498/48
f 1168/438/77 2050/471/77 2590/494/77 2570/441/77
f 2050/471/80 1171/493/80 2573/495/80 2590/494/80
f 1167/408/13 2049/461/13 2589/461/13 2569/489/13
f 2049/461/16 1170/174/16 2572/171/16 2589/461/16
f 1165/383/41 2048/449/41 2588/454/41 2567/382/41
f 2048/449/44 1169/451/44 2571/452/44 2588/454/44
f 1163/436/69 2047/435/69 2587/434/69 2565/483/69
f 2047/435/72 1168/438/72 2570/441/72 2587/434/72
f 1161/374/9 2046/406/9 2586/406/9 2563/373/9
f 2046/406/12 1167/408/12 2569/489/12 2586/406/12
f 1166/381/37 2045/380/37 2585/487/37 2568/488/37
f 2045/380/40 1165/383/40 2567/382/40 2585/487/40
f 1164/458/65 2044/479/65 2584/480/65 2566/484/65
f 2044/479/68 1163/436/68 2565/483/68 2584/480/68
f 1162/372/5 2023/371/5 2583/375/5 2564/377/5
f 2023/371/8 1161/374/8 2563/373/8 2583/375/8
f 5005/1/41 5025/4/41 4383/3/41 3205/2/41
f 4965/5/1750 4985/8/1750 4264/7/1750 2604/6/1750
f 4985/8/1751 4966/10/1751 2606/9/1751 4264/7/1751
f 5025/4/44 5006/12/44 3206/11/44 4383/3/44
f 5006/12/45 5026/14/45 4384/13/45 3206/11/45
f 4966/10/1752 4986/16/1752 4266/15/1752 2606/9/1752
f 4986/16/1753 4967/18/1753 2608/17/1753 4266/15/1753
f 5026/14/48 5007/20/48 3209/19/48 4384/13/48
f 5007/20/49 5027/22/49 4385/21/49 3209/19/49
f 4967/18/1754 4987/24/1754 4268/23/1754 2608/17/1754
f 4987/24/1755 4968/26/1755 2610/25/1755 4268/23/1755
f 5027/22/52 5008/28/52 3212/27/52 4385/21/52
f 5008/28/53 5028/30/53 4386/29/53 3212/27/53
f 4968/26/1756 4988/32/1756 4270/31/1756 2610/25/1756
f 4988/32/1757 4969/34/1757 2612/33/1757 4270/31/1757
f 5028/30/56 5009/36/56 3215/35/56 4386/29/56
f 5009/36/57 5029/38/57 4387/37/57 3215/35/57
f 4969/34/1758 4989/40/1758 4272/39/1758 2612/33/1758
f 4989/40/1759 4970/42/1759 2614/41/1759 4272/39/1759
f 5029/38/60 5010/44/60 3218/43/60 4387/37/60
f 5010/44/61 5030/46/61 4388/45/61 3218/43/61
f 4970/42/1760 4990/48/1760 4274/47/1760 2614/41/1760
f 4990/48/1761 4971/50/1761 2616/49/1761 4274/47/1761
f 5030/46/64 5011/52/64 3221/51/64 4388/45/64
f 5011/52/65 5031/54/65 4389/53/65 3221/51/65
f 4971/50/1762 4991/56/1762 4276/55/1762 2616/49/1762
f 4991/56/1763 4972/58/1763 2618/57/1763 4276/55/1763
f 5031/54/68 5012/60/68 3224/59/68 4389/53/68
f 5012/60/69 5032/62/69 4390/61/69 3224/59/69
f 4972/58/1764 4992/64/1764 4278/63/1764 2618/57/1764
f 4992/64/1765 4973/66/1765 2620/65/1765 4278/63/1765
f 5032/62/72 5013/68/72 3227/67/72 4390/61/72
f 5013/68/77 5033/70/77 4391/69/77 3227/67/77
f 4973/66/1766 4993/72/1766 4280/71/1766 2620/65/1766
f 4993/72/1767 4974/74/1767 2622/73/1767 4280/71/1767
f 5033/70/80 5014/76/80 3230/75/80 4391/69/80
f 5014/76/81 5034/78/81 4392/77/81 3230/75/81
f 4974/74/1768 4994/80/1768 4282/79/1768 2622/73/1768
f 4994/80/1769 4975/82/1769 2624/81/1769 4282/79/1769
f 5034/78/84 5015/84/84 3233/83/84 4392/77/84
f 5015/84/1 5035/86/1 4393/85/1 3233/83/1
f 4975/82/1770 4995/88/1770 4284/87/1770 2624/81/1770
f 4995/88/1771 4976/90/1771 2626/89/1771 4284/87/1771
f 5035/86/4 5016/92/4 3236/91/4 4393/85/4
f 5016/92/5 5036/94/5 4394/93/5 3236/91/5
f 4976/90/1772 4996/96/1772 4286/95/1772 2626/89/1772
f 4996/96/1773 4977/98/1773 2628/97/1773 4286/95/1773
f 5036/94/8 5017/100/8 3239/99/8 4394/93/8
f 5017/100/9 5037/102/9 4395/101/9 3239/99/9
f 4977/98/1774 4997/104/1774 4288/103/1774 2628/97/1774
f 4997/104/1775 4978/106/1775 2630/105/1775 4288/103/1775
f 5037/102/12 5018/108/12 3242/107/12 4395/101/12
f 5018/108/13 5038/110/13 4396/109/13 3242/107/13
f 4978/106/1776 4998/112/1776 4290/111/1776 2630/105/1776
f 4998/112/1777 4979/114/1777 2632/113/1777 4290/111/1777
f 5038/110/16 5019/116/16 3245/115/16 4396/109/16
f 5019/116/17 5039/118/17 4397/117/17 3245/115/17
f 4979/114/1778 4999/120/1778 4292/119/1778 2632/113/1778
f 4999/120/1779 4980/122/1779 2634/121/1779 4292/119/1779
f 5039/118/20 5020/124/20 3248/123/20 4397/117/20
f 5020/124/21 5040/126/21 4398/125/21 3248/123/21
f 4980/122/1780 5000/128/1780 4294/127/1780 2634/121/1780
f 5000/128/1781 4981/130/1781 2636/129/1781 4294/127/1781
f 5040/126/24 5021/132/24 3251/131/24 4398/125/24
f 5021/132/25 5041/134/25 4399/133/25 3251/131/25
f 4981/130/1782 5001/136/1782 4296/135/1782 2636/129/1782
f 5001/136/1783 4982/138/1783 2638/137/1783 4296/135/1783
f 5041/134/28 5022/140/28 3254/139/28 4399/133/28
f 5022/140/29 5042/142/29 4400/141/29 3254/139/29
f 4982/138/1784 5002/144/1784 4298/143/1784 2638/137/1784
f 5002/144/1785 4983/146/1785 2640/145/1785 4298/143/1785
f 5042/142/32 5023/148/32 3257/147/32 4400/141/32
f 3158/149/1786 3284/152/1786 4401/151/1786 3223/150/1786
f 3223/150/1787 4401/151/1787 3283/154/1787 3156/153/1787
f 4401/151/1788 3269/150/1788 2649/153/1788 3283/154/1788
f 3284/152/1789 2650/149/1789 3269/150/1789 4401/151/1789
f 5023/148/33 5043/156/33 4402/155/33 3257/147/33
f 4983/146/1790 5003/158/1790 4300/157/1790 2640/145/1790
f 5003/158/1791 4984/160/1791 2642/159/1791 4300/157/1791
f 5043/156/36 5024/162/36 3260/161/36 4402/155/36
f 5024/162/37 5044/164/37 4403/163/37 3260/161/37
f 4984/160/1792 5004/166/1792 4302/165/1792 2642/159/1792
f 5004/166/1793 4965/168/1793 2604/167/1793 4302/165/1793
f 5044/164/40 5005/170/40 3205/169/40 4403/163/40
f 5046/171/57 3724/174/57 4404/173/57 5065/172/57
f 5065/172/60 4404/173/60 3723/176/60 5045/175/60
f 5105/173/1726 3707/178/1726 2868/177/1726 5085/177/1726
f 5086/179/1727 2867/180/1727 3707/178/1727 5105/173/1727
f 2656/181/1794 3324/184/1794 4405/183/1794 3275/182/1794
f 3275/182/1795 4405/183/1795 3323/186/1795 2655/185/1795
f 4405/183/1796 3315/182/1796 2675/185/1796 3323/186/1796
f 3324/184/1797 2676/181/1797 3315/182/1797 4405/183/1797
f 3168/185/1798 3286/186/1798 4406/188/1798 3238/187/1798
f 3238/187/1799 4406/188/1799 3285/190/1799 3166/189/1799
f 4406/188/1800 3274/187/1800 2654/189/1800 3285/190/1800
f 3286/186/1801 2655/185/1801 3274/187/1801 4406/188/1801
f 3178/191/1802 3288/194/1802 4407/193/1802 3253/192/1802
f 3253/192/1803 4407/193/1803 3287/196/1803 3176/195/1803
f 4407/193/1804 3279/192/1804 2659/195/1804 3287/196/1804
f 3288/194/1805 2660/191/1805 3279/192/1805 4407/193/1805
f 3154/197/1806 3290/200/1806 4408/199/1806 3217/198/1806
f 3217/198/1807 4408/199/1807 3289/202/1807 3152/201/1807
f 4408/199/1808 3267/198/1808 2647/201/1808 3289/202/1808
f 3290/200/1809 2648/197/1809 3267/198/1809 4408/199/1809
f 3164/203/1810 3292/206/1810 4409/205/1810 3232/204/1810
f 3232/204/1811 4409/205/1811 3291/208/1811 3162/207/1811
f 4409/205/1812 3272/204/1812 2652/207/1812 3291/208/1812
f 3292/206/1813 2653/203/1813 3272/204/1813 4409/205/1813
f 3174/209/1814 3294/211/1814 4410/210/1814 3247/210/1814
f 3247/210/1815 4410/210/1815 3293/213/1815 3172/212/1815
f 4410/210/1816 3277/210/1816 2657/212/1816 3293/213/1816
f 3294/211/1817 2658/209/1817 3277/210/1817 4410/210/1817
f 3146/167/1818 3296/215/1818 4411/214/1818 3262/214/1818
f 3262/214/1819 4411/214/1819 3295/216/1819 3182/216/1819
f 4411/214/1820 3282/214/1820 2662/216/1820 3295/216/1820
f 3296/215/1821 2643/167/1821 3282/214/1821 4411/214/1821
f 3150/217/1822 3298/220/1822 4412/219/1822 3211/218/1822
f 3211/218/1823 4412/219/1823 3297/222/1823 3148/221/1823
f 4412/219/1824 3265/218/1824 2645/221/1824 3297/222/1824
f 3298/220/1825 2646/217/1825 3265/218/1825 4412/219/1825
f 3160/223/1826 3299/226/1826 4413/225/1826 3226/224/1826
f 3226/224/1827 4413/225/1827 3284/152/1827 3158/149/1827
f 4413/225/1828 3270/224/1828 2650/149/1828 3284/152/1828
f 3299/226/1829 2651/223/1829 3270/224/1829 4413/225/1829
f 3145/227/1830 3300/229/1830 4414/228/1830 3204/228/1830
f 3204/228/1831 4414/228/1831 3296/230/1831 3146/6/1831
f 4414/228/1832 3263/228/1832 2643/6/1832 3296/230/1832
f 3300/229/1833 2644/227/1833 3263/228/1833 4414/228/1833
f 3170/181/1834 3301/184/1834 4415/183/1834 3241/182/1834
f 3241/182/1835 4415/183/1835 3286/186/1835 3168/185/1835
f 4415/183/1836 3275/182/1836 2655/185/1836 3286/186/1836
f 3301/184/1837 2656/181/1837 3275/182/1837 4415/183/1837
f 3180/231/1838 3302/233/1838 4416/232/1838 3256/232/1838
f 3256/232/1839 4416/232/1839 3288/194/1839 3178/191/1839
f 4416/232/1840 3280/232/1840 2660/191/1840 3288/194/1840
f 3302/233/1841 2661/231/1841 3280/232/1841 4416/232/1841
f 3156/153/1842 3283/154/1842 4417/235/1842 3220/234/1842
f 3220/234/1843 4417/235/1843 3290/200/1843 3154/197/1843
f 4417/235/1844 3268/234/1844 2648/197/1844 3290/200/1844
f 3283/154/1845 2649/153/1845 3268/234/1845 4417/235/1845
f 3166/189/1846 3285/190/1846 4418/237/1846 3235/236/1846
f 3235/236/1847 4418/237/1847 3292/206/1847 3164/203/1847
f 4418/237/1848 3273/236/1848 2653/203/1848 3292/206/1848
f 3285/190/1849 2654/189/1849 3273/236/1849 4418/237/1849
f 3176/195/1850 3287/196/1850 4419/238/1850 3250/238/1850
f 3250/238/1851 4419/238/1851 3294/211/1851 3174/209/1851
f 4419/238/1852 3278/238/1852 2658/209/1852 3294/211/1852
f 3287/196/1853 2659/195/1853 3278/238/1853 4419/238/1853
f 3152/201/1854 3289/202/1854 4420/240/1854 3214/239/1854
f 3214/239/1855 4420/240/1855 3298/220/1855 3150/217/1855
f 4420/240/1856 3266/239/1856 2646/217/1856 3298/220/1856
f 3289/202/1857 2647/201/1857 3266/239/1857 4420/240/1857
f 3162/207/1858 3291/208/1858 4421/241/1858 3229/241/1858
f 3229/241/1859 4421/241/1859 3299/226/1859 3160/223/1859
f 4421/241/1860 3271/241/1860 2651/223/1860 3299/226/1860
f 3291/208/1861 2652/207/1861 3271/241/1861 4421/241/1861
f 3172/212/1862 3293/213/1862 4422/243/1862 3244/242/1862
f 3244/242/1863 4422/243/1863 3301/184/1863 3170/181/1863
f 4422/243/1864 3276/242/1864 2656/181/1864 3301/184/1864
f 3293/213/1865 2657/212/1865 3276/242/1865 4422/243/1865
f 3182/216/1866 3295/216/1866 4423/244/1866 3259/244/1866
f 3259/244/1867 4423/244/1867 3302/233/1867 3180/231/1867
f 4423/244/1868 3281/244/1868 2661/231/1868 3302/233/1868
f 3295/216/1869 2662/216/1869 3281/244/1869 4423/244/1869
f 3148/221/1870 3297/222/1870 4424/245/1870 3208/245/1870
f 3208/245/1871 4424/245/1871 3300/229/1871 3145/227/1871
f 4424/245/1872 3264/245/1872 2644/227/1872 3300/229/1872
f 3297/222/1873 2645/221/1873 3264/245/1873 4424/245/1873
f 2673/203/1874 3364/206/1874 4425/205/1874 3312/204/1874
f 3312/204/1875 4425/205/1875 3363/208/1875 2672/207/1875
f 4425/205/1876 3352/204/1876 2692/207/1876 3363/208/1876
f 3364/206/1877 2693/203/1877 3352/204/1877 4425/205/1877
f 2649/153/1878 3326/154/1878 4426/235/1878 3268/234/1878
f 3268/234/1879 4426/235/1879 3325/200/1879 2648/197/1879
f 4426/235/1880 3308/234/1880 2668/197/1880 3325/200/1880
f 3326/154/1881 2669/153/1881 3308/234/1881 4426/235/1881
f 2657/212/1882 3327/213/1882 4427/243/1882 3276/242/1882
f 3276/242/1883 4427/243/1883 3324/184/1883 2656/181/1883
f 4427/243/1884 3316/242/1884 2676/181/1884 3324/184/1884
f 3327/213/1885 2677/212/1885 3316/242/1885 4427/243/1885
f 2650/149/1886 3328/152/1886 4428/151/1886 3269/150/1886
f 3269/150/1887 4428/151/1887 3326/154/1887 2649/153/1887
f 4428/151/1888 3309/150/1888 2669/153/1888 3326/154/1888
f 3328/152/1889 2670/149/1889 3309/150/1889 4428/151/1889
f 2658/209/1890 3329/211/1890 4429/210/1890 3277/210/1890
f 3277/210/1891 4429/210/1891 3327/213/1891 2657/212/1891
f 4429/210/1892 3317/210/1892 2677/212/1892 3327/213/1892
f 3329/211/1893 2678/209/1893 3317/210/1893 4429/210/1893
f 2651/223/1894 3330/226/1894 4430/225/1894 3270/224/1894
f 3270/224/1895 4430/225/1895 3328/152/1895 2650/149/1895
f 4430/225/1896 3310/224/1896 2670/149/1896 3328/152/1896
f 3330/226/1897 2671/223/1897 3310/224/1897 4430/225/1897
f 2644/227/1898 3332/229/1898 4431/228/1898 3263/228/1898
f 3263/228/1899 4431/228/1899 3331/230/1899 2643/6/1899
f 4431/228/1900 3303/228/1900 2663/6/1900 3331/230/1900
f 3332/229/1901 2664/227/1901 3303/228/1901 4431/228/1901
f 2659/195/1902 3333/196/1902 4432/238/1902 3278/238/1902
f 3278/238/1903 4432/238/1903 3329/211/1903 2658/209/1903
f 4432/238/1904 3318/238/1904 2678/209/1904 3329/211/1904
f 3333/196/1905 2679/195/1905 3318/238/1905 4432/238/1905
f 2652/207/1906 3334/208/1906 4433/241/1906 3271/241/1906
f 3271/241/1907 4433/241/1907 3330/226/1907 2651/223/1907
f 4433/241/1908 3311/241/1908 2671/223/1908 3330/226/1908
f 3334/208/1909 2672/207/1909 3311/241/1909 4433/241/1909
f 2645/221/1910 3335/222/1910 4434/245/1910 3264/245/1910
f 3264/245/1911 4434/245/1911 3332/229/1911 2644/227/1911
f 4434/245/1912 3304/245/1912 2664/227/1912 3332/229/1912
f 3335/222/1913 2665/221/1913 3304/245/1913 4434/245/1913
f 2660/191/1914 3336/194/1914 4435/193/1914 3279/192/1914
f 3279/192/1915 4435/193/1915 3333/196/1915 2659/195/1915
f 4435/193/1916 3319/192/1916 2679/195/1916 3333/196/1916
f 3336/194/1917 2680/191/1917 3319/192/1917 4435/193/1917
f 2653/203/1918 3337/206/1918 4436/205/1918 3272/204/1918
f 3272/204/1919 4436/205/1919 3334/208/1919 2652/207/1919
f 4436/205/1920 3312/204/1920 2672/207/1920 3334/208/1920
f 3337/206/1921 2673/203/1921 3312/204/1921 4436/205/1921
f 2646/217/1922 3338/220/1922 4437/219/1922 3265/218/1922
f 3265/218/1923 4437/219/1923 3335/222/1923 2645/221/1923
f 4437/219/1924 3305/218/1924 2665/221/1924 3335/222/1924
f 3338/220/1925 2666/217/1925 3305/218/1925 4437/219/1925
f 2661/231/1926 3339/233/1926 4438/232/1926 3280/232/1926
f 3280/232/1927 4438/232/1927 3336/194/1927 2660/191/1927
f 4438/232/1928 3320/232/1928 2680/191/1928 3336/194/1928
f 3339/233/1929 2681/231/1929 3320/232/1929 4438/232/1929
f 2654/189/1930 3340/190/1930 4439/237/1930 3273/236/1930
f 3273/236/1931 4439/237/1931 3337/206/1931 2653/203/1931
f 4439/237/1932 3313/236/1932 2673/203/1932 3337/206/1932
f 3340/190/1933 2674/189/1933 3313/236/1933 4439/237/1933
f 2647/201/1934 3341/202/1934 4440/240/1934 3266/239/1934
f 3266/239/1935 4440/240/1935 3338/220/1935 2646/217/1935
f 4440/240/1936 3306/239/1936 2666/217/1936 3338/220/1936
f 3341/202/1937 2667/201/1937 3306/239/1937 4440/240/1937
f 2662/216/1938 3342/246/1938 4441/244/1938 3281/244/1938
f 3281/244/1939 4441/244/1939 3339/233/1939 2661/231/1939
f 4441/244/1940 3321/244/1940 2681/231/1940 3339/233/1940
f 3342/246/1941 2682/216/1941 3321/244/1941 4441/244/1941
f 2655/185/1942 3323/186/1942 4442/188/1942 3274/187/1942
f 3274/187/1943 4442/188/1943 3340/190/1943 2654/189/1943
f 4442/188/1944 3314/187/1944 2674/189/1944 3340/190/1944
f 3323/186/1945 2675/185/1945 3314/187/1945 4442/188/1945
f 2648/197/1946 3325/200/1946 4443/199/1946 3267/198/1946
f 3267/198/1947 4443/199/1947 3341/202/1947 2647/201/1947
f 4443/199/1948 3307/198/1948 2667/201/1948 3341/202/1948
f 3325/200/1949 2668/197/1949 3307/198/1949 4443/199/1949
f 2643/167/1950 3331/215/1950 4444/214/1950 3282/214/1950
f 3282/214/1951 4444/214/1951 3342/246/1951 2662/216/1951
f 4444/214/1952 3322/214/1952 2682/216/1952 3342/246/1952
f 3331/215/1953 2663/167/1953 3322/214/1953 4444/214/1953
f 2690/149/1954 3404/152/1954 4445/151/1954 3349/150/1954
f 3349/150/1955 4445/151/1955 3403/154/1955 2689/153/1955
f 4445/151/1956 3389/150/1956 2709/153/1956 3403/154/1956
f 3404/152/1957 2710/149/1957 3389/150/1957 4445/151/1957
f 2666/217/1958 3366/220/1958 4446/219/1958 3305/218/1958
f 3305/218/1959 4446/219/1959 3365/222/1959 2665/221/1959
f 4446/219/1960 3345/218/1960 2685/221/1960 3365/222/1960
f 3366/220/1961 2686/217/1961 3345/218/1961 4446/219/1961
f 2681/231/1962 3368/233/1962 4447/232/1962 3320/232/1962
f 3320/232/1963 4447/232/1963 3367/194/1963 2680/191/1963
f 4447/232/1964 3360/232/1964 2700/191/1964 3367/194/1964
f 3368/233/1965 2701/231/1965 3360/232/1965 4447/232/1965
f 2674/189/1966 3369/190/1966 4448/237/1966 3313/236/1966
f 3313/236/1967 4448/237/1967 3364/206/1967 2673/203/1967
f 4448/237/1968 3353/236/1968 2693/203/1968 3364/206/1968
f 3369/190/1969 2694/189/1969 3353/236/1969 4448/237/1969
f 2667/201/1970 3370/202/1970 4449/240/1970 3306/239/1970
f 3306/239/1971 4449/240/1971 3366/220/1971 2666/217/1971
f 4449/240/1972 3346/239/1972 2686/217/1972 3366/220/1972
f 3370/202/1973 2687/201/1973 3346/239/1973 4449/240/1973
f 2682/216/1974 3371/246/1974 4450/244/1974 3321/244/1974
f 3321/244/1975 4450/244/1975 3368/233/1975 2681/231/1975
f 4450/244/1976 3361/244/1976 2701/231/1976 3368/233/1976
f 3371/246/1977 2702/216/1977 3361/244/1977 4450/244/1977
f 2675/185/1978 3372/186/1978 4451/188/1978 3314/187/1978
f 3314/187/1979 4451/188/1979 3369/190/1979 2674/189/1979
f 4451/188/1980 3354/187/1980 2694/189/1980 3369/190/1980
f 3372/186/1981 2695/185/1981 3354/187/1981 4451/188/1981
f 2668/197/1982 3373/200/1982 4452/199/1982 3307/198/1982
f 3307/198/1983 4452/199/1983 3370/202/1983 2667/201/1983
f 4452/199/1984 3347/198/1984 2687/201/1984 3370/202/1984
f 3373/200/1985 2688/197/1985 3347/198/1985 4452/199/1985
f 2663/167/1986 3374/215/1986 4453/214/1986 3322/214/1986
f 3322/214/1987 4453/214/1987 3371/246/1987 2682/216/1987
f 4453/214/1988 3362/214/1988 2702/216/1988 3371/246/1988
f 3374/215/1989 2683/167/1989 3362/214/1989 4453/214/1989
f 2676/181/1990 3375/184/1990 4454/183/1990 3315/182/1990
f 3315/182/1991 4454/183/1991 3372/186/1991 2675/185/1991
f 4454/183/1992 3355/182/1992 2695/185/1992 3372/186/1992
f 3375/184/1993 2696/181/1993 3355/182/1993 4454/183/1993
f 2669/153/1994 3376/154/1994 4455/235/1994 3308/234/1994
f 3308/234/1995 4455/235/1995 3373/200/1995 2668/197/1995
f 4455/235/1996 3348/234/1996 2688/197/1996 3373/200/1996
f 3376/154/1997 2689/153/1997 3348/234/1997 4455/235/1997
f 2677/212/1998 3377/213/1998 4456/243/1998 3316/242/1998
f 3316/242/1999 4456/243/1999 3375/184/1999 2676/181/1999
f 4456/243/2000 3356/242/2000 2696/181/2000 3375/184/2000
f 3377/213/2001 2697/212/2001 3356/242/2001 4456/243/2001
f 2670/149/2002 3378/152/2002 4457/151/2002 3309/150/2002
f 3309/150/2003 4457/151/2003 3376/154/2003 2669/153/2003
f 4457/151/2004 3349/150/2004 2689/153/2004 3376/154/2004
f 3378/152/2005 2690/149/2005 3349/150/2005 4457/151/2005
f 2678/209/2006 3379/211/2006 4458/210/2006 3317/210/2006
f 3317/210/2007 4458/210/2007 3377/213/2007 2677/212/2007
f 4458/210/2008 3357/210/2008 2697/212/2008 3377/213/2008
f 3379/211/2009 2698/209/2009 3357/210/2009 4458/210/2009
f 2671/223/2010 3380/226/2010 4459/225/2010 3310/224/2010
f 3310/224/2011 4459/225/2011 3378/152/2011 2670/149/2011
f 4459/225/2012 3350/224/2012 2690/149/2012 3378/152/2012
f 3380/226/2013 2691/223/2013 3350/224/2013 4459/225/2013
f 2664/227/2014 3381/229/2014 4460/228/2014 3303/228/2014
f 3303/228/2015 4460/228/2015 3374/230/2015 2663/6/2015
f 4460/228/2016 3343/228/2016 2683/6/2016 3374/230/2016
f 3381/229/2017 2684/227/2017 3343/228/2017 4460/228/2017
f 2679/195/2018 3382/196/2018 4461/238/2018 3318/238/2018
f 3318/238/2019 4461/238/2019 3379/211/2019 2678/209/2019
f 4461/238/2020 3358/238/2020 2698/209/2020 3379/211/2020
f 3382/196/2021 2699/195/2021 3358/238/2021 4461/238/2021
f 2672/207/2022 3363/208/2022 4462/241/2022 3311/241/2022
f 3311/241/2023 4462/241/2023 3380/226/2023 2671/223/2023
f 4462/241/2024 3351/241/2024 2691/223/2024 3380/226/2024
f 3363/208/2025 2692/207/2025 3351/241/2025 4462/241/2025
f 2665/221/2026 3365/222/2026 4463/245/2026 3304/245/2026
f 3304/245/2027 4463/245/2027 3381/229/2027 2664/227/2027
f 4463/245/2028 3344/245/2028 2684/227/2028 3381/229/2028
f 3365/222/2029 2685/221/2029 3344/245/2029 4463/245/2029
f 2680/191/2030 3367/194/2030 4464/193/2030 3319/192/2030
f 3319/192/2031 4464/193/2031 3382/196/2031 2679/195/2031
f 4464/193/2032 3359/192/2032 2699/195/2032 3382/196/2032
f 3367/194/2033 2700/191/2033 3359/192/2033 4464/193/2033
f 2707/201/2034 3444/202/2034 4465/240/2034 3386/239/2034
f 3386/239/2035 4465/240/2035 3443/220/2035 2706/217/2035
f 4465/240/2036 3426/239/2036 3026/217/2036 3443/220/2036
f 3444/202/2037 3027/201/2037 3426/239/2037 4465/240/2037
f 2698/209/2038 3406/211/2038 4466/210/2038 3357/210/2038
f 3357/210/2039 4466/210/2039 3405/213/2039 2697/212/2039
f 4466/210/2040 3397/210/2040 2717/212/2040 3405/213/2040
f 3406/211/2041 2718/209/2041 3397/210/2041 4466/210/2041
f 2691/223/2042 3407/226/2042 4467/225/2042 3350/224/2042
f 3350/224/2043 4467/225/2043 3404/152/2043 2690/149/2043
f 4467/225/2044 3390/224/2044 2710/149/2044 3404/152/2044
f 3407/226/2045 2711/223/2045 3390/224/2045 4467/225/2045
f 2684/227/2046 3409/229/2046 4468/228/2046 3343/228/2046
f 3343/228/2047 4468/228/2047 3408/230/2047 2683/6/2047
f 4468/228/2048 3383/228/2048 2703/6/2048 3408/230/2048
f 3409/229/2049 2704/227/2049 3383/228/2049 4468/228/2049
f 2699/195/2050 3410/196/2050 4469/238/2050 3358/238/2050
f 3358/238/2051 4469/238/2051 3406/211/2051 2698/209/2051
f 4469/238/2052 3398/238/2052 2718/209/2052 3406/211/2052
f 3410/196/2053 2719/195/2053 3398/238/2053 4469/238/2053
f 2692/207/2054 3411/208/2054 4470/241/2054 3351/241/2054
f 3351/241/2055 4470/241/2055 3407/226/2055 2691/223/2055
f 4470/241/2056 3391/241/2056 2711/223/2056 3407/226/2056
f 3411/208/2057 2712/207/2057 3391/241/2057 4470/241/2057
f 2685/221/2058 3412/222/2058 4471/245/2058 3344/245/2058
f 3344/245/2059 4471/245/2059 3409/229/2059 2684/227/2059
f 4471/245/2060 3384/245/2060 2704/227/2060 3409/229/2060
f 3412/222/2061 2705/221/2061 3384/245/2061 4471/245/2061
f 2700/191/2062 3413/194/2062 4472/193/2062 3359/192/2062
f 3359/192/2063 4472/193/2063 3410/196/2063 2699/195/2063
f 4472/193/2064 3399/192/2064 2719/195/2064 3410/196/2064
f 3413/194/2065 2720/191/2065 3399/192/2065 4472/193/2065
f 2693/203/2066 3414/206/2066 4473/205/2066 3352/204/2066
f 3352/204/2067 4473/205/2067 3411/208/2067 2692/207/2067
f 4473/205/2068 3392/204/2068 2712/207/2068 3411/208/2068
f 3414/206/2069 2713/203/2069 3392/204/2069 4473/205/2069
f 2686/217/2070 3415/220/2070 4474/219/2070 3345/218/2070
f 3345/218/2071 4474/219/2071 3412/222/2071 2685/221/2071
f 4474/219/2072 3385/218/2072 2705/221/2072 3412/222/2072
f 3415/220/2073 2706/217/2073 3385/218/2073 4474/219/2073
f 2701/231/2074 3416/233/2074 4475/232/2074 3360/232/2074
f 3360/232/2075 4475/232/2075 3413/194/2075 2700/191/2075
f 4475/232/2076 3400/232/2076 2720/191/2076 3413/194/2076
f 3416/233/2077 2721/231/2077 3400/232/2077 4475/232/2077
f 2694/189/2078 3417/190/2078 4476/237/2078 3353/236/2078
f 3353/236/2079 4476/237/2079 3414/206/2079 2693/203/2079
f 4476/237/2080 3393/236/2080 2713/203/2080 3414/206/2080
f 3417/190/2081 2714/189/2081 3393/236/2081 4476/237/2081
f 2687/201/2082 3418/202/2082 4477/240/2082 3346/239/2082
f 3346/239/2083 4477/240/2083 3415/220/2083 2686/217/2083
f 4477/240/2084 3386/239/2084 2706/217/2084 3415/220/2084
f 3418/202/2085 2707/201/2085 3386/239/2085 4477/240/2085
f 2702/216/2086 3419/246/2086 4478/244/2086 3361/244/2086
f 3361/244/2087 4478/244/2087 3416/233/2087 2701/231/2087
f 4478/244/2088 3401/244/2088 2721/231/2088 3416/233/2088
f 3419/246/2089 2722/216/2089 3401/244/2089 4478/244/2089
f 2695/185/2090 3420/186/2090 4479/188/2090 3354/187/2090
f 3354/187/2091 4479/188/2091 3417/190/2091 2694/189/2091
f 4479/188/2092 3394/187/2092 2714/189/2092 3417/190/2092
f 3420/186/2093 2715/185/2093 3394/187/2093 4479/188/2093
f 2688/197/2094 3421/200/2094 4480/199/2094 3347/198/2094
f 3347/198/2095 4480/199/2095 3418/202/2095 2687/201/2095
f 4480/199/2096 3387/198/2096 2707/201/2096 3418/202/2096
f 3421/200/2097 2708/197/2097 3387/198/2097 4480/199/2097
f 2683/167/2098 3408/215/2098 4481/214/2098 3362/214/2098
f 3362/214/2099 4481/214/2099 3419/246/2099 2702/216/2099
f 4481/214/2100 3402/214/2100 2722/216/2100 3419/246/2100
f 3408/215/2101 2703/167/2101 3402/214/2101 4481/214/2101
f 2696/181/2102 3422/184/2102 4482/183/2102 3355/182/2102
f 3355/182/2103 4482/183/2103 3420/186/2103 2695/185/2103
f 4482/183/2104 3395/182/2104 2715/185/2104 3420/186/2104
f 3422/184/2105 2716/181/2105 3395/182/2105 4482/183/2105
f 2689/153/2106 3403/154/2106 4483/235/2106 3348/234/2106
f 3348/234/2107 4483/235/2107 3421/200/2107 2688/197/2107
f 4483/235/2108 3388/234/2108 2708/197/2108 3421/200/2108
f 3403/154/2109 2709/153/2109 3388/234/2109 4483/235/2109
f 2697/212/2110 3405/213/2110 4484/243/2110 3356/242/2110
f 3356/242/2111 4484/243/2111 3422/184/2111 2696/181/2111
f 4484/243/2112 3396/242/2112 2716/181/2112 3422/184/2112
f 3405/213/2113 2717/212/2113 3396/242/2113 4484/243/2113
f 2724/227/2114 3484/229/2114 4485/228/2114 4001/228/2114
f 4001/228/2114 4485/228/2114 3483/230/2114 2723/6/2114
f 4485/228/486 4021/228/486 2743/6/486 3483/230/486
f 3484/229/486 2744/227/486 4021/228/486 4485/228/486
f 2722/216/2115 3446/246/2115 4486/244/2115 3401/244/2115
f 3401/244/2116 4486/244/2116 3445/233/2116 2721/231/2116
f 4486/244/2117 3441/244/2117 3041/231/2117 3445/233/2117
f 3446/246/2118 3042/216/2118 3441/244/2118 4486/244/2118
f 2715/185/2119 3448/186/2119 4487/188/2119 3394/187/2119
f 3394/187/2120 4487/188/2120 3447/190/2120 2714/189/2120
f 4487/188/2121 3434/187/2121 3034/189/2121 3447/190/2121
f 3448/186/2122 3035/185/2122 3434/187/2122 4487/188/2122
f 2708/197/2123 3449/200/2123 4488/199/2123 3387/198/2123
f 3387/198/2124 4488/199/2124 3444/202/2124 2707/201/2124
f 4488/199/2125 3427/198/2125 3027/201/2125 3444/202/2125
f 3449/200/2126 3028/197/2126 3427/198/2126 4488/199/2126
f 2703/167/2127 3450/215/2127 4489/214/2127 3402/214/2127
f 3402/214/2128 4489/214/2128 3446/246/2128 2722/216/2128
f 4489/214/2129 3442/214/2129 3042/216/2129 3446/246/2129
f 3450/215/2130 3024/167/2130 3442/214/2130 4489/214/2130
f 2716/181/2131 3451/184/2131 4490/183/2131 3395/182/2131
f 3395/182/2132 4490/183/2132 3448/186/2132 2715/185/2132
f 4490/183/2133 3435/182/2133 3035/185/2133 3448/186/2133
f 3451/184/2134 3036/181/2134 3435/182/2134 4490/183/2134
f 2709/153/2135 3452/154/2135 4491/235/2135 3388/234/2135
f 3388/234/2136 4491/235/2136 3449/200/2136 2708/197/2136
f 4491/235/2137 3428/234/2137 3028/197/2137 3449/200/2137
f 3452/154/2138 3029/153/2138 3428/234/2138 4491/235/2138
f 2717/212/2139 3453/213/2139 4492/243/2139 3396/242/2139
f 3396/242/2140 4492/243/2140 3451/184/2140 2716/181/2140
f 4492/243/2141 3436/242/2141 3036/181/2141 3451/184/2141
f 3453/213/2142 3037/212/2142 3436/242/2142 4492/243/2142
f 2710/149/2143 3454/152/2143 4493/151/2143 3389/150/2143
f 3389/150/2144 4493/151/2144 3452/154/2144 2709/153/2144
f 4493/151/2145 3429/150/2145 3029/153/2145 3452/154/2145
f 3454/152/2146 3030/149/2146 3429/150/2146 4493/151/2146
f 2718/209/2147 3455/211/2147 4494/210/2147 3397/210/2147
f 3397/210/2148 4494/210/2148 3453/213/2148 2717/212/2148
f 4494/210/2149 3437/210/2149 3037/212/2149 3453/213/2149
f 3455/211/2150 3038/209/2150 3437/210/2150 4494/210/2150
f 2711/223/2151 3456/226/2151 4495/225/2151 3390/224/2151
f 3390/224/2152 4495/225/2152 3454/152/2152 2710/149/2152
f 4495/225/2153 3430/224/2153 3030/149/2153 3454/152/2153
f 3456/226/2154 3031/223/2154 3430/224/2154 4495/225/2154
f 2704/227/2155 3457/229/2155 4496/228/2155 3383/228/2155
f 3383/228/2156 4496/228/2156 3450/230/2156 2703/6/2156
f 4496/228/2157 3423/228/2157 3024/6/2157 3450/230/2157
f 3457/229/2158 3023/227/2158 3423/228/2158 4496/228/2158
f 2719/195/2159 3458/196/2159 4497/238/2159 3398/238/2159
f 3398/238/2160 4497/238/2160 3455/211/2160 2718/209/2160
f 4497/238/2161 3438/238/2161 3038/209/2161 3455/211/2161
f 3458/196/2162 3039/195/2162 3438/238/2162 4497/238/2162
f 2712/207/2163 3459/208/2163 4498/241/2163 3391/241/2163
f 3391/241/2164 4498/241/2164 3456/226/2164 2711/223/2164
f 4498/241/2165 3431/241/2165 3031/223/2165 3456/226/2165
f 3459/208/2166 3032/207/2166 3431/241/2166 4498/241/2166
f 2705/221/2167 3460/222/2167 4499/245/2167 3384/245/2167
f 3384/245/2168 4499/245/2168 3457/229/2168 2704/227/2168
f 4499/245/2169 3424/245/2169 3023/227/2169 3457/229/2169
f 3460/222/2170 3025/221/2170 3424/245/2170 4499/245/2170
f 2720/191/2171 3461/194/2171 4500/193/2171 3399/192/2171
f 3399/192/2172 4500/193/2172 3458/196/2172 2719/195/2172
f 4500/193/2173 3439/192/2173 3039/195/2173 3458/196/2173
f 3461/194/2174 3040/191/2174 3439/192/2174 4500/193/2174
f 2713/203/2175 3462/206/2175 4501/205/2175 3392/204/2175
f 3392/204/2176 4501/205/2176 3459/208/2176 2712/207/2176
f 4501/205/2177 3432/204/2177 3032/207/2177 3459/208/2177
f 3462/206/2178 3033/203/2178 3432/204/2178 4501/205/2178
f 2706/217/2179 3443/220/2179 4502/219/2179 3385/218/2179
f 3385/218/2180 4502/219/2180 3460/222/2180 2705/221/2180
f 4502/219/2181 3425/218/2181 3025/221/2181 3460/222/2181
f 3443/220/2182 3026/217/2182 3425/218/2182 4502/219/2182
f 2721/231/2183 3445/233/2183 4503/232/2183 3400/232/2183
f 3400/232/2184 4503/232/2184 3461/194/2184 2720/191/2184
f 4503/232/2185 3440/232/2185 3040/191/2185 3461/194/2185
f 3445/233/2186 3041/231/2186 3440/232/2186 4503/232/2186
f 2714/189/2187 3447/190/2187 4504/237/2187 3393/236/2187
f 3393/236/2188 4504/237/2188 3462/206/2188 2713/203/2188
f 4504/237/2189 3433/236/2189 3033/203/2189 3462/206/2189
f 3447/190/2190 3034/189/2190 3433/236/2190 4504/237/2190
f 3044/167/511 3524/215/511 4505/214/511 3482/214/511
f 3482/214/512 4505/214/512 3523/216/512 3062/216/512
f 4505/214/512 3522/214/512 3002/216/512 3523/216/512
f 3524/215/511 2984/167/511 3522/214/511 4505/214/511
f 2739/195/2191 3486/196/2191 4506/238/2191 4016/238/2191
f 4016/238/2191 4506/238/2191 3485/211/2191 2738/209/2191
f 4506/238/486 4036/238/486 2758/209/486 3485/211/486
f 3486/196/486 2759/195/486 4036/238/486 4506/238/486
f 2732/207/2192 3488/208/2192 4507/241/2192 4009/241/2192
f 4009/241/2193 4507/241/2193 3487/226/2193 2731/223/2193
f 4507/241/486 4029/241/486 2751/223/486 3487/226/486
f 3488/208/486 2752/207/486 4029/241/486 4507/241/486
f 2725/221/2194 3489/222/2194 4508/245/2194 4002/245/2194
f 4002/245/2195 4508/245/2195 3484/229/2195 2724/227/2195
f 4508/245/486 4022/245/486 2744/227/486 3484/229/486
f 3489/222/486 2745/221/486 4022/245/486 4508/245/486
f 2740/191/2196 3490/194/2196 4509/193/2196 4017/192/2196
f 4017/192/2197 4509/193/2197 3486/196/2197 2739/195/2197
f 4509/193/486 4037/192/486 2759/195/486 3486/196/486
f 3490/194/486 2760/191/486 4037/192/486 4509/193/486
f 2733/203/2198 3491/206/2198 4510/205/2198 4010/204/2198
f 4010/204/2199 4510/205/2199 3488/208/2199 2732/207/2199
f 4510/205/486 4030/204/486 2752/207/486 3488/208/486
f 3491/206/486 2753/203/486 4030/204/486 4510/205/486
f 2726/217/2200 3492/220/2200 4511/219/2200 4003/218/2200
f 4003/218/2201 4511/219/2201 3489/222/2201 2725/221/2201
f 4511/219/486 4023/218/486 2745/221/486 3489/222/486
f 3492/220/486 2746/217/486 4023/218/486 4511/219/486
f 2741/231/2202 3493/233/2202 4512/232/2202 4018/232/2202
f 4018/232/2203 4512/232/2203 3490/194/2203 2740/191/2203
f 4512/232/486 4038/232/486 2760/191/486 3490/194/486
f 3493/233/486 2761/231/486 4038/232/486 4512/232/486
f 2734/189/2204 3494/190/2204 4513/237/2204 4011/236/2204
f 4011/236/2204 4513/237/2204 3491/206/2204 2733/203/2204
f 4513/237/486 4031/236/486 2753/203/486 3491/206/486
f 3494/190/486 2754/189/486 4031/236/486 4513/237/486
f 2727/201/2205 3495/202/2205 4514/240/2205 4004/239/2205
f 4004/239/2206 4514/240/2206 3492/220/2206 2726/217/2206
f 4514/240/486 4024/239/486 2746/217/486 3492/220/486
f 3495/202/486 2747/201/486 4024/239/486 4514/240/486
f 2742/216/2207 3496/246/2207 4515/244/2207 4019/244/2207
f 4019/244/2208 4515/244/2208 3493/233/2208 2741/231/2208
f 4515/244/486 4039/244/486 2761/231/486 3493/233/486
f 3496/246/486 2762/216/486 4039/244/486 4515/244/486
f 2735/185/2209 3497/186/2209 4516/188/2209 4012/187/2209
f 4012/187/2210 4516/188/2210 3494/190/2210 2734/189/2210
f 4516/188/486 4032/187/486 2754/189/486 3494/190/486
f 3497/186/486 2755/185/486 4032/187/486 4516/188/486
f 2728/197/2211 3498/200/2211 4517/199/2211 4005/198/2211
f 4005/198/2211 4517/199/2211 3495/202/2211 2727/201/2211
f 4517/199/486 4025/198/486 2747/201/486 3495/202/486
f 3498/200/486 2748/197/486 4025/198/486 4517/199/486
f 2723/167/2212 3483/215/2212 4518/214/2212 4020/214/2212
f 4020/214/2207 4518/214/2207 3496/246/2207 2742/216/2207
f 4518/214/486 4040/214/486 2762/216/486 3496/246/486
f 3483/215/486 2743/167/486 4040/214/486 4518/214/486
f 2736/181/2213 3499/184/2213 4519/183/2213 4013/182/2213
f 4013/182/2214 4519/183/2214 3497/186/2214 2735/185/2214
f 4519/183/486 4033/182/486 2755/185/486 3497/186/486
f 3499/184/486 2756/181/486 4033/182/486 4519/183/486
f 2729/153/2215 3500/154/2215 4520/235/2215 4006/234/2215
f 4006/234/2215 4520/235/2215 3498/200/2215 2728/197/2215
f 4520/235/486 4026/234/486 2748/197/486 3498/200/486
f 3500/154/486 2749/153/486 4026/234/486 4520/235/486
f 2737/212/2216 3501/213/2216 4521/243/2216 4014/242/2216
f 4014/242/2217 4521/243/2217 3499/184/2217 2736/181/2217
f 4521/243/486 4034/242/486 2756/181/486 3499/184/486
f 3501/213/486 2757/212/486 4034/242/486 4521/243/486
f 2730/149/2218 3502/152/2218 4522/151/2218 4007/150/2218
f 4007/150/2219 4522/151/2219 3500/154/2219 2729/153/2219
f 4522/151/486 4027/150/486 2749/153/486 3500/154/486
f 3502/152/486 2750/149/486 4027/150/486 4522/151/486
f 2738/209/2220 3485/211/2220 4523/210/2220 4015/210/2220
f 4015/210/2220 4523/210/2220 3501/213/2220 2737/212/2220
f 4523/210/486 4035/210/486 2757/212/486 3501/213/486
f 3485/211/486 2758/209/486 4035/210/486 4523/210/486
f 2731/223/2221 3487/226/2221 4524/225/2221 4008/224/2221
f 4008/224/2222 4524/225/2222 3502/152/2222 2730/149/2222
f 4524/225/486 4028/224/486 2750/149/486 3502/152/486
f 3487/226/486 2751/223/486 4028/224/486 4524/225/486
f 2780/191/407 3564/194/407 4525/193/407 3937/192/407
f 3937/192/407 4525/193/407 3563/196/407 2779/195/407
f 4525/193/407 3957/192/407 2799/195/407 3563/196/407
f 3564/194/407 2800/191/407 3957/192/407 4525/193/407
f 3056/181/513 3526/184/513 4526/183/513 3475/182/513
f 3475/182/514 4526/183/514 3525/186/514 3055/185/514
f 4526/183/514 3515/182/514 2995/185/514 3525/186/514
f 3526/184/513 2996/181/513 3515/182/513 4526/183/513
f 3049/153/501 3528/154/501 4527/235/501 3468/234/501
f 3468/234/502 4527/235/502 3527/200/502 3048/197/502
f 4527/235/502 3508/234/502 2988/197/502 3527/200/502
f 3528/154/501 2989/153/501 3508/234/501 4527/235/501
f 3057/212/519 3529/213/519 4528/243/519 3476/242/519
f 3476/242/520 4528/243/520 3526/184/520 3056/181/520
f 4528/243/520 3516/242/520 2996/181/520 3526/184/520
f 3529/213/519 2997/212/519 3516/242/519 4528/243/519
f 3050/149/509 3530/152/509 4529/151/509 3469/150/509
f 3469/150/510 4529/151/510 3528/154/510 3049/153/510
f 4529/151/510 3509/150/510 2989/153/510 3528/154/510
f 3530/152/509 2990/149/509 3509/150/509 4529/151/509
f 3058/209/527 3531/211/527 4530/210/527 3477/210/527
f 3477/210/528 4530/210/528 3529/213/528 3057/212/528
f 4530/210/528 3517/210/528 2997/212/528 3529/213/528
f 3531/211/527 2998/209/527 3517/210/527 4530/210/527
f 3051/223/515 3532/226/515 4531/225/515 3470/224/515
f 3470/224/516 4531/225/516 3530/152/516 3050/149/516
f 4531/225/516 3510/224/516 2990/149/516 3530/152/516
f 3532/226/515 2991/223/515 3510/224/515 4531/225/515
f 3043/227/517 3533/229/517 4532/228/517 3463/228/517
f 3463/228/518 4532/228/518 3524/230/518 3044/6/518
f 4532/228/518 3503/228/518 2984/6/518 3524/230/518
f 3533/229/517 2983/227/517 3503/228/517 4532/228/517
f 3059/195/489 3534/196/489 4533/238/489 3478/238/489
f 3478/238/490 4533/238/490 3531/211/490 3058/209/490
f 4533/238/490 3518/238/490 2998/209/490 3531/211/490
f 3534/196/489 2999/195/489 3518/238/489 4533/238/489
f 3052/207/521 3535/208/521 4534/241/521 3471/241/521
f 3471/241/522 4534/241/522 3532/226/522 3051/223/522
f 4534/241/522 3511/241/522 2991/223/522 3532/226/522
f 3535/208/521 2992/207/521 3511/241/521 4534/241/521
f 3045/221/524 3536/222/524 4535/245/524 3464/245/524
f 3464/245/525 4535/245/525 3533/229/525 3043/227/525
f 4535/245/525 3504/245/525 2983/227/525 3533/229/525
f 3536/222/526 2985/221/526 3504/245/526 4535/245/526
f 3060/191/493 3537/194/493 4536/193/493 3479/192/493
f 3479/192/494 4536/193/494 3534/196/494 3059/195/494
f 4536/193/494 3519/192/494 2999/195/494 3534/196/494
f 3537/194/493 3000/191/493 3519/192/493 4536/193/493
f 3053/203/484 3538/206/484 4537/205/484 3472/204/484
f 3472/204/485 4537/205/485 3535/208/485 3052/207/485
f 4537/205/485 3512/204/485 2992/207/485 3535/208/485
f 3538/206/484 2993/203/484 3512/204/484 4537/205/484
f 3046/217/487 3539/220/487 4538/219/487 3465/218/487
f 3465/218/488 4538/219/488 3536/222/488 3045/221/488
f 4538/219/488 3505/218/488 2985/221/488 3536/222/488
f 3539/220/487 2986/217/487 3505/218/487 4538/219/487
f 3061/231/497 3540/233/497 4539/232/497 3480/232/497
f 3480/232/498 4539/232/498 3537/194/498 3060/191/498
f 4539/232/498 3520/232/498 3000/191/498 3537/194/498
f 3540/233/497 3001/231/497 3520/232/497 4539/232/497
f 3054/189/499 3541/190/499 4540/237/499 3473/236/499
f 3473/236/500 4540/237/500 3538/206/500 3053/203/500
f 4540/237/500 3513/236/500 2993/203/500 3538/206/500
f 3541/190/499 2994/189/499 3513/236/499 4540/237/499
f 3047/201/491 3542/202/491 4541/240/491 3466/239/491
f 3466/239/492 4541/240/492 3539/220/492 3046/217/492
f 4541/240/492 3506/239/492 2986/217/492 3539/220/492
f 3542/202/491 2987/201/491 3506/239/491 4541/240/491
f 3062/216/503 3523/216/503 4542/244/503 3481/244/503
f 3481/244/504 4542/244/504 3540/233/504 3061/231/504
f 4542/244/505 3521/244/505 3001/231/505 3540/233/505
f 3523/216/503 3002/216/503 3521/244/503 4542/244/503
f 3055/185/506 3525/186/506 4543/188/506 3474/187/506
f 3474/187/507 4543/188/507 3541/190/507 3054/189/507
f 4543/188/507 3514/187/507 2994/189/507 3541/190/507
f 3525/186/506 2995/185/506 3514/187/506 4543/188/506
f 3048/197/495 3527/200/495 4544/199/495 3467/198/495
f 3467/198/496 4544/199/496 3542/202/496 3047/201/496
f 4544/199/496 3507/198/496 2987/201/496 3542/202/496
f 3527/200/495 2988/197/495 3507/198/495 4544/199/495
f 3017/212/2223 3604/213/2223 4545/243/2223 3556/242/2223
f 3556/242/2224 4545/243/2224 3603/184/2224 3016/181/2224
f 4545/243/2225 3596/242/2225 2816/181/2225 3603/184/2225
f 3604/213/2226 2817/212/2226 3596/242/2226 4545/243/2226
f 2773/203/407 3566/206/407 4546/205/407 3930/204/407
f 3930/204/407 4546/205/407 3565/208/407 2772/207/407
f 4546/205/407 3950/204/407 2792/207/407 3565/208/407
f 3566/206/407 2793/203/407 3950/204/407 4546/205/407
f 2766/217/407 3568/220/407 4547/219/407 3923/218/407
f 3923/218/407 4547/219/407 3567/222/407 2765/221/407
f 4547/219/407 3943/218/407 2785/221/407 3567/222/407
f 3568/220/407 2786/217/407 3943/218/407 4547/219/407
f 2781/231/407 3569/233/407 4548/232/407 3938/232/407
f 3938/232/407 4548/232/407 3564/194/407 2780/191/407
f 4548/232/407 3958/232/407 2800/191/407 3564/194/407
f 3569/233/407 2801/231/407 3958/232/407 4548/232/407
f 2774/189/407 3570/190/407 4549/237/407 3931/236/407
f 3931/236/407 4549/237/407 3566/206/407 2773/203/407
f 4549/237/407 3951/236/407 2793/203/407 3566/206/407
f 3570/190/407 2794/189/407 3951/236/407 4549/237/407
f 2767/201/407 3571/202/407 4550/240/407 3924/239/407
f 3924/239/407 4550/240/407 3568/220/407 2766/217/407
f 4550/240/407 3944/239/407 2786/217/407 3568/220/407
f 3571/202/407 2787/201/407 3944/239/407 4550/240/407
f 2782/216/407 3572/246/407 4551/244/407 3939/244/407
f 3939/244/407 4551/244/407 3569/233/407 2781/231/407
f 4551/244/407 3959/244/407 2801/231/407 3569/233/407
f 3572/246/407 2802/216/407 3959/244/407 4551/244/407
f 2775/185/407 3573/186/407 4552/188/407 3932/187/407
f 3932/187/407 4552/188/407 3570/190/407 2774/189/407
f 4552/188/407 3952/187/407 2794/189/407 3570/190/407
f 3573/186/407 2795/185/407 3952/187/407 4552/188/407
f 2768/197/407 3574/200/407 4553/199/407 3925/198/407
f 3925/198/407 4553/199/407 3571/202/407 2767/201/407
f 4553/199/407 3945/198/407 2787/201/407 3571/202/407
f 3574/200/407 2788/197/407 3945/198/407 4553/199/407
f 2763/167/407 3575/215/407 4554/214/407 3940/214/407
f 3940/214/407 4554/214/407 3572/246/407 2782/216/407
f 4554/214/407 3960/214/407 2802/216/407 3572/246/407
f 3575/215/407 2783/167/407 3960/214/407 4554/214/407
f 2776/181/407 3576/184/407 4555/183/407 3933/182/407
f 3933/182/407 4555/183/407 3573/186/407 2775/185/407
f 4555/183/407 3953/182/407 2795/185/407 3573/186/407
f 3576/184/407 2796/181/407 3953/182/407 4555/183/407
f 2769/153/407 3577/154/407 4556/235/407 3926/234/407
f 3926/234/407 4556/235/407 3574/200/407 2768/197/407
f 4556/235/407 3946/234/407 2788/197/407 3574/200/407
f 3577/154/407 2789/153/407 3946/234/407 4556/235/407
f 2777/212/407 3578/213/407 4557/243/407 3934/242/407
f 3934/242/407 4557/243/407 3576/184/407 2776/181/407
f 4557/243/407 3954/242/407 2796/181/407 3576/184/407
f 3578/213/407 2797/212/407 3954/242/407 4557/243/407
f 2770/149/407 3579/152/407 4558/151/407 3927/150/407
f 3927/150/407 4558/151/407 3577/154/407 2769/153/407
f 4558/151/407 3947/150/407 2789/153/407 3577/154/407
f 3579/152/407 2790/149/407 3947/150/407 4558/151/407
f 2778/209/407 3580/211/407 4559/210/407 3935/210/407
f 3935/210/407 4559/210/407 3578/213/407 2777/212/407
f 4559/210/407 3955/210/407 2797/212/407 3578/213/407
f 3580/211/407 2798/209/407 3955/210/407 4559/210/407
f 2771/223/407 3581/226/407 4560/225/407 3928/224/407
f 3928/224/407 4560/225/407 3579/152/407 2770/149/407
f 4560/225/407 3948/224/407 2790/149/407 3579/152/407
f 3581/226/407 2791/223/407 3948/224/407 4560/225/407
f 2764/227/407 3582/229/407 4561/228/407 3921/228/407
f 3921/228/407 4561/228/407 3575/230/407 2763/6/407
f 4561/228/407 3941/228/407 2783/6/407 3575/230/407
f 3582/229/407 2784/227/407 3941/228/407 4561/228/407
f 2779/195/407 3563/196/407 4562/238/407 3936/238/407
f 3936/238/407 4562/238/407 3580/211/407 2778/209/407
f 4562/238/407 3956/238/407 2798/209/407 3580/211/407
f 3563/196/407 2799/195/407 3956/238/407 4562/238/407
f 2772/207/407 3565/208/407 4563/241/407 3929/241/407
f 3929/241/407 4563/241/407 3581/226/407 2771/223/407
f 4563/241/407 3949/241/407 2791/223/407 3581/226/407
f 3565/208/407 2792/207/407 3949/241/407 4563/241/407
f 2765/221/407 3567/222/407 4564/245/407 3922/245/407
f 3922/245/407 4564/245/407 3582/229/407 2764/227/407
f 4564/245/407 3942/245/407 2784/227/407 3582/229/407
f 3567/222/407 2785/221/407 3942/245/407 4564/245/407
f 3010/149/2231 3606/152/2231 4566/151/2231 3549/150/2231
f 3549/150/2232 4566/151/2232 3605/154/2232 3009/153/2232
f 4566/151/2233 3589/150/2233 2809/153/2233 3605/154/2233
f 3606/152/2234 2810/149/2234 3589/150/2234 4566/151/2234
f 3018/209/2235 3607/211/2235 4567/210/2235 3557/210/2235
f 3557/210/2236 4567/210/2236 3604/213/2236 3017/212/2236
f 4567/210/2237 3597/210/2237 2817/212/2237 3604/213/2237
f 3607/211/2238 2818/209/2238 3597/210/2238 4567/210/2238
f 3011/223/2239 3608/226/2239 4568/225/2239 3550/224/2239
f 3550/224/2240 4568/225/2240 3606/152/2240 3010/149/2240
f 4568/225/2241 3590/224/2241 2810/149/2241 3606/152/2241
f 3608/226/2242 2811/223/2242 3590/224/2242 4568/225/2242
f 3003/227/2243 3610/229/2243 4569/228/2243 3543/228/2243
f 3543/228/2244 4569/228/2244 3609/230/2244 3004/6/2244
f 4569/228/2245 3583/228/2245 2803/6/2245 3609/230/2245
f 3610/229/2246 2804/227/2246 3583/228/2246 4569/228/2246
f 3019/195/2247 3611/196/2247 4570/238/2247 3558/238/2247
f 3558/238/2248 4570/238/2248 3607/211/2248 3018/209/2248
f 4570/238/2249 3598/238/2249 2818/209/2249 3607/211/2249
f 3611/196/2250 2819/195/2250 3598/238/2250 4570/238/2250
f 3012/207/2251 3612/208/2251 4571/241/2251 3551/241/2251
f 3551/241/2252 4571/241/2252 3608/226/2252 3011/223/2252
f 4571/241/2253 3591/241/2253 2811/223/2253 3608/226/2253
f 3612/208/2254 2812/207/2254 3591/241/2254 4571/241/2254
f 3005/221/2255 3613/222/2255 4572/245/2255 3544/245/2255
f 3544/245/2256 4572/245/2256 3610/229/2256 3003/227/2256
f 4572/245/2257 3584/245/2257 2804/227/2257 3610/229/2257
f 3613/222/2258 2805/221/2258 3584/245/2258 4572/245/2258
f 3020/191/2259 3614/194/2259 4573/193/2259 3559/192/2259
f 3559/192/2260 4573/193/2260 3611/196/2260 3019/195/2260
f 4573/193/2261 3599/192/2261 2819/195/2261 3611/196/2261
f 3614/194/2262 2820/191/2262 3599/192/2262 4573/193/2262
f 3013/203/2263 3615/206/2263 4574/205/2263 3552/204/2263
f 3552/204/2264 4574/205/2264 3612/208/2264 3012/207/2264
f 4574/205/2265 3592/204/2265 2812/207/2265 3612/208/2265
f 3615/206/2266 2813/203/2266 3592/204/2266 4574/205/2266
f 3006/217/2267 3616/220/2267 4575/219/2267 3545/218/2267
f 3545/218/2268 4575/219/2268 3613/222/2268 3005/221/2268
f 4575/219/2269 3585/218/2269 2805/221/2269 3613/222/2269
f 3616/220/2270 2806/217/2270 3585/218/2270 4575/219/2270
f 3021/231/2271 3617/233/2271 4576/232/2271 3560/232/2271
f 3560/232/2272 4576/232/2272 3614/194/2272 3020/191/2272
f 4576/232/2273 3600/232/2273 2820/191/2273 3614/194/2273
f 3617/233/2274 2821/231/2274 3600/232/2274 4576/232/2274
f 3014/189/2275 3618/190/2275 4577/237/2275 3553/236/2275
f 3553/236/2276 4577/237/2276 3615/206/2276 3013/203/2276
f 4577/237/2277 3593/236/2277 2813/203/2277 3615/206/2277
f 3618/190/2278 2814/189/2278 3593/236/2278 4577/237/2278
f 3007/201/2279 3619/202/2279 4578/240/2279 3546/239/2279
f 3546/239/2280 4578/240/2280 3616/220/2280 3006/217/2280
f 4578/240/2281 3586/239/2281 2806/217/2281 3616/220/2281
f 3619/202/2282 2807/201/2282 3586/239/2282 4578/240/2282
f 3022/216/2283 3620/246/2283 4579/244/2283 3561/244/2283
f 3561/244/2284 4579/244/2284 3617/233/2284 3021/231/2284
f 4579/244/2285 3601/244/2285 2821/231/2285 3617/233/2285
f 3620/246/2286 2822/216/2286 3601/244/2286 4579/244/2286
f 3015/185/2287 3621/186/2287 4580/188/2287 3554/187/2287
f 3554/187/2288 4580/188/2288 3618/190/2288 3014/189/2288
f 4580/188/2289 3594/187/2289 2814/189/2289 3618/190/2289
f 3621/186/2290 2815/185/2290 3594/187/2290 4580/188/2290
f 3008/197/2291 3622/200/2291 4581/199/2291 3547/198/2291
f 3547/198/2292 4581/199/2292 3619/202/2292 3007/201/2292
f 4581/199/2293 3587/198/2293 2807/201/2293 3619/202/2293
f 3622/200/2294 2808/197/2294 3587/198/2294 4581/199/2294
f 3004/167/2295 3609/215/2295 4582/214/2295 3562/214/2295
f 3562/214/2296 4582/214/2296 3620/246/2296 3022/216/2296
f 4582/214/2297 3602/214/2297 2822/216/2297 3620/246/2297
f 3609/215/2298 2803/167/2298 3602/214/2298 4582/214/2298
f 3016/181/2299 3603/184/2299 4583/183/2299 3555/182/2299
f 3555/182/2300 4583/183/2300 3621/186/2300 3015/185/2300
f 4583/183/2301 3595/182/2301 2815/185/2301 3621/186/2301
f 3603/184/2302 2816/181/2302 3595/182/2302 4583/183/2302
f 3009/153/2303 3605/154/2303 4584/235/2303 3548/234/2303
f 3548/234/2304 4584/235/2304 3622/200/2304 3008/197/2304
f 4584/235/2305 3588/234/2305 2808/197/2305 3622/200/2305
f 3605/154/2306 2809/153/2306 3588/234/2306 4584/235/2306
f 5126/369/45 3764/372/45 4625/371/45 5145/370/45
f 5145/370/48 4625/371/48 3763/374/48 5125/373/48
f 5185/375/1714 3744/376/1714 2885/373/1714 5165/373/1714
f 5166/377/1715 2884/378/1715 3744/376/1715 5185/375/1715
f 5048/379/81 3726/381/81 4626/380/81 5066/380/81
f 5066/380/84 4626/380/84 3725/383/84 5047/382/84
f 5106/380/1746 3712/380/1746 2873/384/1746 5087/382/1746
f 5088/379/1747 2872/379/1747 3712/380/1747 5106/380/1747
f 5050/385/17 3728/388/17 4627/387/17 5067/386/17
f 5067/386/20 4627/387/20 3727/390/20 5049/389/20
f 5107/391/1686 3717/393/1686 2878/389/1686 5089/392/1686
f 5090/394/1687 2877/395/1687 3717/393/1687 5107/391/1687
f 5052/396/37 3730/399/37 4628/398/37 5068/397/37
f 5068/397/40 4628/398/40 3729/401/40 5051/400/40
f 5108/402/1706 3722/403/1706 2863/400/1706 5091/400/1706
f 5092/404/1707 2882/399/1707 3722/403/1707 5108/402/1707
f 5054/405/49 3732/374/49 4629/406/49 5069/406/49
f 5069/406/52 4629/406/52 3731/408/52 5053/407/52
f 5109/409/1718 3705/410/1718 2866/407/1718 5093/407/1718
f 5094/405/1719 2865/373/1719 3705/410/1719 5109/409/1719
f 5056/411/69 3734/414/69 4630/413/69 5070/412/69
f 5070/412/72 4630/413/72 3733/416/72 5055/415/72
f 5110/417/1738 3710/419/1738 2871/418/1738 5095/418/1738
f 5096/411/1739 2870/411/1739 3710/419/1739 5110/417/1739
f 5051/420/41 3729/423/41 4631/422/41 5071/421/41
f 5071/421/44 4631/422/44 3735/378/44 5057/369/44
f 5111/422/1710 3703/424/1710 2864/378/1710 5097/378/1710
f 5091/420/1711 2863/420/1711 3703/424/1711 5111/422/1711
f 5059/425/9 3737/427/9 4632/426/9 5072/426/9
f 5072/426/12 4632/426/12 3736/429/12 5058/428/12
f 5112/426/1678 3715/432/1678 2876/431/1678 5098/430/1678
f 5099/425/1679 2875/425/1679 3715/432/1679 5112/426/1679
f 5061/433/29 3739/436/29 4633/435/29 5073/434/29
f 5073/434/32 4633/435/32 3738/438/32 5060/437/32
f 5113/439/1698 3720/434/1698 2881/441/1698 5100/440/1698
f 5101/433/1699 2880/433/1699 3720/434/1699 5113/439/1699
f 5045/175/61 3723/176/61 4634/443/61 5074/442/61
f 5074/442/64 4634/443/64 3740/444/64 5062/444/64
f 5114/445/1730 3708/443/1730 2869/447/1730 5102/446/1730
f 5085/177/1731 2868/177/1731 3708/443/1731 5114/445/1731
f 5047/382/1 3725/383/1 4635/449/1 5075/448/1
f 5075/448/4 4635/449/4 3741/451/4 5063/450/4
f 5115/449/1670 3713/454/1670 2874/453/1670 5103/452/1670
f 5087/382/1671 2873/384/1671 3713/454/1671 5115/449/1671
f 5049/389/21 3727/390/21 4636/456/21 5076/455/21
f 5076/455/24 4636/456/24 3742/458/24 5064/457/24
f 5116/455/1690 3718/455/1690 2879/460/1690 5104/459/1690
f 5089/392/1691 2878/389/1691 3718/455/1691 5116/455/1691
f 5053/407/53 3731/408/53 4637/461/53 5077/461/53
f 5077/461/56 4637/461/56 3724/174/56 5046/171/56
f 5117/462/1722 3706/463/1722 2867/180/1722 5086/179/1722
f 5093/407/1723 2866/407/1723 3706/463/1723 5117/462/1723
f 5055/415/77 3733/416/77 4638/465/77 5078/464/77
f 5078/464/80 4638/465/80 3726/381/80 5048/379/80
f 5118/466/1742 3711/467/1742 2872/379/1742 5088/379/1742
f 5095/418/1743 2871/418/1743 3711/467/1743 5118/466/1743
f 5058/428/13 3736/429/13 4639/469/13 5079/468/13
f 5079/468/16 4639/469/16 3728/388/16 5050/385/16
f 5119/468/1682 3716/468/1682 2877/395/1682 5090/394/1682
f 5098/430/1683 2876/431/1683 3716/468/1683 5119/468/1683
f 5060/437/33 3738/438/33 4640/471/33 5080/470/33
f 5080/470/36 4640/471/36 3730/399/36 5052/396/36
f 5120/470/1702 3721/472/1702 2882/399/1702 5092/404/1702
f 5100/440/1703 2881/441/1703 3721/472/1703 5120/470/1703
f 5057/369/45 3735/378/45 4641/371/45 5081/375/45
f 5081/375/48 4641/371/48 3732/374/48 5054/405/48
f 5121/376/1714 3704/376/1714 2865/373/1714 5094/405/1714
f 5097/378/1715 2864/378/1715 3704/376/1715 5121/376/1715
f 5062/444/65 3740/444/65 4642/474/65 5082/473/65
f 5082/473/68 4642/474/68 3734/414/68 5056/411/68
f 5122/475/1734 3709/475/1734 2870/411/1734 5096/411/1734
f 5102/446/1735 2869/447/1735 3709/475/1735 5122/475/1735
f 5063/450/5 3741/451/5 4643/477/5 5083/476/5
f 5083/476/8 4643/477/8 3737/427/8 5059/425/8
f 5123/476/1674 3714/478/1674 2875/425/1674 5099/425/1674
f 5103/452/1675 2874/453/1675 3714/478/1675 5123/476/1675
f 5064/457/25 3742/458/25 4644/479/25 5084/479/25
f 5084/479/28 4644/479/28 3739/436/28 5061/433/28
f 5124/480/1694 3719/479/1694 2880/433/1694 5101/433/1694
f 5104/459/1695 2879/460/1695 3719/479/1695 5124/480/1695
f 2896/431/2383 3804/429/2383 4645/469/2383 3756/468/2383
f 3756/468/2384 4645/469/2384 3803/388/2384 2897/395/2384
f 4645/469/1682 3796/468/1682 2917/395/1682 3803/388/1682
f 3804/429/1683 2916/431/1683 3796/468/1683 4645/469/1683
f 5128/481/25 3766/458/25 4646/479/25 5146/479/25
f 5146/479/28 4646/479/28 3765/436/28 5127/482/28
f 5186/480/1694 3759/479/1694 2900/433/1694 5167/483/1694
f 5168/484/1695 2899/460/1695 3759/479/1695 5186/480/1695
f 5130/379/81 3768/381/81 4647/380/81 5147/485/81
f 5147/485/84 4647/380/84 3767/383/84 5129/486/84
f 5187/487/1746 3752/380/1746 2893/384/1746 5169/382/1746
f 5170/488/1747 2892/379/1747 3752/380/1747 5187/487/1747
f 5125/373/49 3763/374/49 4648/406/49 5148/410/49
f 5148/410/52 4648/406/52 3769/408/52 5131/489/52
f 5188/406/1718 3745/410/1718 2886/407/1718 5171/489/1718
f 5165/373/1719 2885/373/1719 3745/410/1719 5188/406/1719
f 5127/482/29 3765/436/29 4649/435/29 5149/490/29
f 5149/490/32 4649/435/32 3770/438/32 5132/441/32
f 5189/434/1698 3760/434/1698 2901/441/1698 5172/441/1698
f 5167/483/1699 2900/433/1699 3760/434/1699 5189/434/1699
f 5129/486/1 3767/383/1 4650/449/1 5150/449/1
f 5150/449/4 4650/449/4 3771/451/4 5133/452/4
f 5190/454/1670 3753/454/1670 2894/453/1670 5173/452/1670
f 5169/382/1671 2893/384/1671 3753/454/1671 5190/454/1671
f 5131/489/53 3769/408/53 4651/461/53 5151/461/53
f 5151/461/56 4651/461/56 3772/174/56 5134/171/56
f 5191/461/1722 3746/463/1722 2887/180/1722 5174/171/1722
f 5171/489/1723 2886/407/1723 3746/463/1723 5191/461/1723
f 5132/441/33 3770/438/33 4652/471/33 5152/491/33
f 5152/491/36 4652/471/36 3773/493/36 5135/492/36
f 5192/494/1702 3761/472/1702 2902/404/1702 5175/495/1702
f 5172/441/1703 2901/441/1703 3761/472/1703 5192/494/1703
f 5133/452/5 3771/451/5 4653/477/5 5153/496/5
f 5153/496/8 4653/477/8 3774/427/8 5136/497/8
f 5193/498/1674 3754/478/1674 2895/425/1674 5176/499/1674
f 5173/452/1675 2894/453/1675 3754/478/1675 5193/498/1675
f 5134/171/57 3772/174/57 4654/173/57 5154/173/57
f 5154/173/60 4654/173/60 3775/176/60 5137/500/60
f 5194/501/1726 3747/178/1726 2888/177/1726 5177/175/1726
f 5174/171/1727 2887/180/1727 3747/178/1727 5194/501/1727
f 5135/492/37 3773/493/37 4655/398/37 5155/403/37
f 5155/403/40 4655/398/40 3776/401/40 5138/502/40
f 5195/503/1706 3762/403/1706 2883/400/1706 5178/400/1706
f 5175/495/1707 2902/404/1707 3762/403/1707 5195/503/1707
f 5136/497/9 3774/427/9 4656/426/9 5156/426/9
f 5156/426/12 4656/426/12 3777/429/12 5139/504/12
f 5196/426/1678 3755/432/1678 2896/431/1678 5179/430/1678
f 5176/499/1679 2895/425/1679 3755/432/1679 5196/426/1679
f 5137/500/61 3775/176/61 4657/443/61 5157/443/61
f 5157/443/64 4657/443/64 3778/444/64 5140/505/64
f 5197/506/1730 3748/443/1730 2889/447/1730 5180/507/1730
f 5177/175/1731 2888/177/1731 3748/443/1731 5197/506/1731
f 5139/504/13 3777/429/13 4658/469/13 5158/468/13
f 5158/468/16 4658/469/16 3779/388/16 5141/508/16
f 5198/468/1682 3756/468/1682 2897/395/1682 5181/509/1682
f 5179/430/1683 2896/431/1683 3756/468/1683 5198/468/1683
f 5140/505/65 3778/444/65 4659/474/65 5159/475/65
f 5159/475/68 4659/474/68 3780/414/68 5142/411/68
f 5199/510/1734 3749/475/1734 2890/411/1734 5182/411/1734
f 5180/507/1735 2889/447/1735 3749/475/1735 5199/510/1735
f 5141/508/17 3779/388/17 4660/387/17 5160/393/17
f 5160/393/20 4660/387/20 3781/390/20 5143/511/20
f 5200/512/1686 3757/393/1686 2898/389/1686 5183/389/1686
f 5181/509/1687 2897/395/1687 3757/393/1687 5200/512/1687
f 5142/411/69 3780/414/69 4661/413/69 5161/417/69
f 5161/417/72 4661/413/72 3782/416/72 5144/418/72
f 5201/513/1738 3750/419/1738 2891/418/1738 5184/418/1738
f 5182/411/1739 2890/411/1739 3750/419/1739 5201/513/1739
f 5138/514/41 3776/423/41 4662/422/41 5162/422/41
f 5162/422/44 4662/422/44 3764/372/44 5126/369/44
f 5202/422/1710 3743/424/1710 2884/378/1710 5166/377/1710
f 5178/420/1711 2883/420/1711 3743/424/1711 5202/422/1711
f 5143/511/21 3781/390/21 4663/456/21 5163/455/21
f 5163/455/24 4663/456/24 3766/458/24 5128/481/24
f 5203/455/1690 3758/455/1690 2899/460/1690 5168/484/1690
f 5183/389/1691 2898/389/1691 3758/455/1691 5203/455/1691
f 5144/418/77 3782/416/77 4664/465/77 5164/465/77
f 5164/465/80 4664/465/80 3768/381/80 5130/379/80
f 5204/464/1742 3751/467/1742 2892/379/1742 5170/488/1742
f 5184/418/1743 2891/418/1743 3751/467/1743 5204/464/1743
f 2913/384/2385 3823/383/2385 4665/449/2385 3793/454/2385
f 3793/454/2386 4665/449/2386 4085/451/2386 2914/453/2386
f 4665/449/2387 4083/454/2387 3072/453/2387 4085/451/2387
f 3823/383/2388 3082/384/2388 4083/454/2388 4665/449/2388
f 2889/447/2389 3806/444/2389 4666/474/2389 3749/475/2389
f 3749/475/2390 4666/474/2390 3805/414/2390 2890/411/2390
f 4666/474/2391 3789/475/2391 2910/411/2391 3805/414/2391
f 3806/444/2392 2909/447/2392 3789/475/2392 4666/474/2392
f 2897/395/2393 3803/388/2393 4667/387/2393 3757/393/2393
f 3757/393/2394 4667/387/2394 3807/390/2394 2898/389/2394
f 4667/387/1686 3797/393/1686 2918/389/1686 3807/390/1686
f 3803/388/2395 2917/395/2395 3797/393/2395 4667/387/2395
f 2890/411/2396 3805/414/2396 4668/413/2396 3750/419/2396
f 3750/419/2397 4668/413/2397 3808/416/2397 2891/418/2397
f 4668/413/1738 3790/419/1738 2911/418/1738 3808/416/1738
f 3805/414/2398 2910/411/2398 3790/419/2398 4668/413/2398
f 2883/420/2399 3810/423/2399 4669/422/2399 3743/424/2399
f 3743/424/2400 4669/422/2400 3809/378/2400 2884/378/2400
f 4669/422/1710 3783/424/1710 2904/378/1710 3809/378/1710
f 3810/423/2401 2903/420/2401 3783/424/2401 4669/422/2401
f 2898/389/2402 3807/390/2402 4670/456/2402 3758/455/2402
f 3758/455/2403 4670/456/2403 3811/458/2403 2899/460/2403
f 4670/456/2404 3798/455/2404 2919/460/2404 3811/458/2404
f 3807/390/2405 2918/389/2405 3798/455/2405 4670/456/2405
f 2891/418/2406 3808/416/2406 4671/465/2406 3751/467/2406
f 3751/467/2407 4671/465/2407 3812/381/2407 2892/379/2407
f 4671/465/2408 3791/467/2408 2912/379/2408 3812/381/2408
f 3808/416/2409 2911/418/2409 3791/467/2409 4671/465/2409
f 2884/378/2410 3809/378/2410 4672/371/2410 3744/376/2410
f 3744/376/2411 4672/371/2411 3813/374/2411 2885/373/2411
f 4672/371/1714 3784/376/1714 2905/373/1714 3813/374/1714
f 3809/378/1715 2904/378/1715 3784/376/1715 4672/371/1715
f 2899/460/2412 3811/458/2412 4673/479/2412 3759/479/2412
f 3759/479/2413 4673/479/2413 3814/436/2413 2900/433/2413
f 4673/479/2414 3799/479/2414 2920/433/2414 3814/436/2414
f 3811/458/2415 2919/460/2415 3799/479/2415 4673/479/2415
f 2892/379/2416 3812/381/2416 4674/380/2416 3752/380/2416
f 3752/380/2417 4674/380/2417 3815/383/2417 2893/384/2417
f 4674/380/2418 3792/380/2418 2913/384/2418 3815/383/2418
f 3812/381/1747 2912/379/1747 3792/380/1747 4674/380/1747
f 2885/373/2419 3813/374/2419 4675/406/2419 3745/410/2419
f 3745/410/2420 4675/406/2420 3816/408/2420 2886/407/2420
f 4675/406/1718 3785/410/1718 2906/407/1718 3816/408/1718
f 3813/374/2421 2905/373/2421 3785/410/2421 4675/406/2421
f 2900/433/2422 3814/436/2422 4676/435/2422 3760/434/2422
f 3760/434/2423 4676/435/2423 3817/438/2423 2901/441/2423
f 4676/435/2424 3800/434/2424 2921/441/2424 3817/438/2424
f 3814/436/1699 2920/433/1699 3800/434/1699 4676/435/1699
f 2893/384/2425 3815/383/2425 4677/449/2425 3753/454/2425
f 3753/454/2426 4677/449/2426 3818/451/2426 2894/453/2426
f 4677/449/2427 3793/454/2427 2914/453/2427 3818/451/2427
f 3815/383/1671 2913/384/1671 3793/454/1671 4677/449/1671
f 2886/407/2428 3816/408/2428 4678/461/2428 3746/463/2428
f 3746/463/2429 4678/461/2429 3819/174/2429 2887/180/2429
f 4678/461/1722 3786/463/1722 2907/180/1722 3819/174/1722
f 3816/408/2430 2906/407/2430 3786/463/2430 4678/461/2430
f 2901/441/2431 3817/438/2431 4679/471/2431 3761/472/2431
f 3761/472/2432 4679/471/2432 3820/493/2432 2902/404/2432
f 4679/471/2433 3801/472/2433 2922/404/2433 3820/493/2433
f 3817/438/2434 2921/441/2434 3801/472/2434 4679/471/2434
f 2894/453/2435 3818/451/2435 4680/477/2435 3754/478/2435
f 3754/478/2436 4680/477/2436 3821/427/2436 2895/425/2436
f 4680/477/1674 3794/478/1674 2915/425/1674 3821/427/1674
f 3818/451/1675 2914/453/1675 3794/478/1675 4680/477/1675
f 2887/180/2437 3819/174/2437 4681/173/2437 3747/178/2437
f 3747/178/2438 4681/173/2438 3822/176/2438 2888/177/2438
f 4681/173/2439 3787/178/2439 2908/177/2439 3822/176/2439
f 3819/174/1727 2907/180/1727 3787/178/1727 4681/173/1727
f 2902/404/2440 3820/493/2440 4682/398/2440 3762/403/2440
f 3762/403/2441 4682/398/2441 3810/401/2441 2883/400/2441
f 4682/398/1706 3802/403/1706 2903/400/1706 3810/401/1706
f 3820/493/2442 2922/404/2442 3802/403/2442 4682/398/2442
f 2895/425/2443 3821/427/2443 4683/426/2443 3755/432/2443
f 3755/432/2444 4683/426/2444 3804/429/2444 2896/431/2444
f 4683/426/2445 3795/432/2445 2916/431/2445 3804/429/2445
f 3821/427/1679 2915/425/1679 3795/432/1679 4683/426/1679
f 2888/177/2446 3822/176/2446 4684/443/2446 3748/443/2446
f 3748/443/2447 4684/443/2447 3806/444/2447 2889/447/2447
f 4684/443/2448 3788/443/2448 2909/447/2448 3806/444/2448
f 3822/176/2449 2908/177/2449 3788/443/2449 4684/443/2449
f 2906/407/2450 4087/489/2450 4685/515/2450 3786/463/2450
f 3786/463/2451 4685/515/2451 4086/516/2451 2907/180/2451
f 4685/515/2452 3827/517/2452 3066/516/2452 4086/516/2452
f 4087/489/2453 3065/489/2453 3827/517/2453 4685/515/2453
f 2921/441/2454 4089/438/2454 4686/471/2454 3801/472/2454
f 3801/472/2455 4686/471/2455 4088/493/2455 2922/404/2455
f 4686/471/2456 3840/472/2456 3080/404/2456 4088/493/2456
f 4089/438/2457 3079/441/2457 3840/472/2457 4686/471/2457
f 2914/453/2458 4085/451/2458 4687/518/2458 3794/478/2458
f 3794/478/2459 4687/518/2459 4090/425/2459 2915/425/2459
f 4687/518/2460 3833/518/2460 3073/499/2460 4090/425/2460
f 4085/451/2461 3072/453/2461 3833/518/2461 4687/518/2461
f 2907/180/2462 4086/516/2462 4688/519/2462 3787/178/2462
f 3787/178/2463 4688/519/2463 4091/520/2463 2908/177/2463
f 4688/519/2464 3828/173/2464 3067/521/2464 4091/520/2464
f 4086/516/2465 3066/516/2465 3828/173/2465 4688/519/2465
f 2922/404/2466 4088/493/2466 4689/398/2466 3802/403/2466
f 3802/403/2467 4689/398/2467 3824/401/2467 2903/400/2467
f 4689/398/2468 4084/403/2468 3081/400/2468 3824/401/2468
f 4088/493/2469 3080/404/2469 4084/403/2469 4689/398/2469
f 2915/425/2470 4090/425/2470 4690/522/2470 3795/432/2470
f 3795/432/2471 4690/522/2471 4092/431/2471 2916/431/2471
f 4690/522/2472 3834/426/2472 3074/523/2472 4092/431/2472
f 4090/425/2473 3073/499/2473 3834/426/2473 4690/522/2473
f 2908/177/2474 4091/520/2474 4691/506/2474 3788/443/2474
f 3788/443/2475 4691/506/2475 4093/446/2475 2909/447/2475
f 4691/506/2476 3829/524/2476 3068/446/2476 4093/446/2476
f 4091/520/2477 3067/521/2477 3829/524/2477 4691/506/2477
f 2916/431/2478 4092/431/2478 4692/525/2478 3796/468/2478
f 3796/468/2479 4692/525/2479 4094/526/2479 2917/395/2479
f 4692/525/2480 3835/525/2480 3075/526/2480 4094/526/2480
f 4092/431/2481 3074/523/2481 3835/525/2481 4692/525/2481
f 2909/447/2482 4093/446/2482 4693/474/2482 3789/475/2482
f 3789/475/2483 4693/474/2483 4095/414/2483 2910/411/2483
f 4693/474/2484 3830/475/2484 3069/411/2484 4095/414/2484
f 4093/446/2485 3068/446/2485 3830/475/2485 4693/474/2485
f 2917/395/2486 4094/526/2486 4694/387/2486 3797/393/2486
f 3797/393/2487 4694/387/2487 4096/390/2487 2918/389/2487
f 4694/387/2488 3836/393/2488 3076/389/2488 4096/390/2488
f 4094/526/2489 3075/526/2489 3836/393/2489 4694/387/2489
f 2910/411/2490 4095/414/2490 4695/527/2490 3790/419/2490
f 3790/419/2491 4695/527/2491 4097/418/2491 2911/418/2491
f 4695/527/2492 3831/527/2492 3070/528/2492 4097/418/2492
f 4095/414/2493 3069/411/2493 3831/527/2493 4695/527/2493
f 2903/420/2494 3824/423/2494 4696/422/2494 3783/424/2494
f 3783/424/2495 4696/422/2495 4098/529/2495 2904/378/2495
f 4696/422/2496 4081/531/2496 3063/530/2496 4098/529/2496
f 3824/423/2497 3081/423/2497 4081/531/2497 4696/422/2497
f 2918/389/2498 4096/390/2498 4697/532/2498 3798/455/2498
f 3798/455/2499 4697/532/2499 4099/533/2499 2919/460/2499
f 4697/532/2500 3837/532/2500 3077/534/2500 4099/533/2500
f 4096/390/2501 3076/389/2501 3837/532/2501 4697/532/2501
f 2911/418/2502 4097/418/2502 4698/466/2502 3791/467/2502
f 3791/467/2503 4698/466/2503 4100/379/2503 2912/379/2503
f 4698/466/2504 3832/467/2504 3071/535/2504 4100/379/2504
f 4097/418/2505 3070/528/2505 3832/467/2505 4698/466/2505
f 2904/378/2506 4098/529/2506 4699/536/2506 3784/376/2506
f 3784/376/2507 4699/536/2507 4101/405/2507 2905/373/2507
f 4699/536/2508 3825/536/2508 3064/405/2508 4101/405/2508
f 4098/529/2509 3063/530/2509 3825/536/2509 4699/536/2509
f 2919/460/2510 4099/533/2510 4700/480/2510 3799/479/2510
f 3799/479/2511 4700/480/2511 4102/433/2511 2920/433/2511
f 4700/480/2512 3838/479/2512 3078/482/2512 4102/433/2512
f 4099/533/2513 3077/534/2513 3838/479/2513 4700/480/2513
f 2912/379/2514 4100/379/2514 4701/537/2514 3792/380/2514
f 3792/380/2515 4701/537/2515 3823/383/2515 2913/384/2515
f 4701/537/2516 4082/537/2516 3082/384/2516 3823/383/2516
f 4100/379/2517 3071/535/2517 4082/537/2517 4701/537/2517
f 2905/373/2518 4101/405/2518 4702/406/2518 3785/410/2518
f 3785/410/2519 4702/406/2519 4087/489/2519 2906/407/2519
f 4702/406/2520 3826/410/2520 3065/489/2520 4087/489/2520
f 4101/405/2521 3064/405/2521 3826/410/2521 4702/406/2521
f 2920/433/2522 4102/433/2522 4703/538/2522 3800/434/2522
f 3800/434/2523 4703/538/2523 4089/438/2523 2921/441/2523
f 4703/538/2524 3839/538/2524 3079/441/2524 4089/438/2524
f 4102/433/2525 3078/482/2525 3839/538/2525 4703/538/2525
f 2923/539/2526 4242/542/2526 4704/541/2526 4239/540/2526
f 2925/543/2527 4239/540/2527 4704/541/2527 4223/544/2527
f 2926/545/2528 4223/544/2528 4704/541/2528 4224/546/2528
f 2927/547/2529 4224/546/2529 4704/541/2529 4225/548/2529
f 2928/549/2530 4225/548/2530 4704/541/2530 4226/550/2530
f 2929/551/2531 4226/550/2531 4704/541/2531 4227/552/2531
f 2930/553/2531 4227/552/2531 4704/541/2531 4228/554/2531
f 2931/555/2532 4228/554/2532 4704/541/2532 4229/556/2532
f 2932/557/2533 4229/556/2533 4704/541/2533 4230/558/2533
f 2933/559/2534 4230/558/2534 4704/541/2534 4240/560/2534
f 2924/561/2526 4240/560/2526 4704/541/2526 4241/562/2526
f 2934/563/2528 4241/562/2528 4704/541/2528 4231/564/2528
f 2935/565/2535 4231/564/2535 4704/541/2535 4232/566/2535
f 2936/567/2536 4232/566/2536 4704/541/2536 4233/568/2536
f 2937/569/2529 4233/568/2529 4704/541/2529 4234/570/2529
f 2938/571/2531 4234/570/2531 4704/541/2531 4235/572/2531
f 2939/573/2537 4235/572/2537 4704/541/2537 4236/574/2537
f 2940/575/2538 4236/574/2538 4704/541/2538 4237/576/2538
f 2941/577/2532 4237/576/2532 4704/541/2532 4238/578/2532
f 2942/579/2526 4238/578/2526 4704/541/2526 4242/542/2526
f 2763/6/2699 3961/230/2699 4745/704/2699 3921/228/2699
f 3921/228/2700 4745/704/2700 3962/227/2700 2764/227/2700
f 4745/704/2701 3503/228/2701 2983/227/2701 3962/227/2701
f 3961/230/2702 2984/6/2702 3503/228/2702 4745/704/2702
f 2764/227/2703 3962/227/2703 4746/245/2703 3922/245/2703
f 3922/245/2704 4746/245/2704 3963/222/2704 2765/221/2704
f 4746/245/2705 3504/245/2705 2985/221/2705 3963/222/2705
f 3962/227/2706 2983/227/2706 3504/245/2706 4746/245/2706
f 2765/221/2707 3963/222/2707 4747/218/2707 3923/218/2707
f 3923/218/2708 4747/218/2708 3964/220/2708 2766/217/2708
f 4747/218/2709 3505/218/2709 2986/217/2709 3964/220/2709
f 3963/222/2710 2985/221/2710 3505/218/2710 4747/218/2710
f 2766/217/2711 3964/220/2711 4748/240/2711 3924/239/2711
f 3924/239/2712 4748/240/2712 3965/202/2712 2767/201/2712
f 4748/240/2713 3506/239/2713 2987/201/2713 3965/202/2713
f 3964/220/2714 2986/217/2714 3506/239/2714 4748/240/2714
f 2767/201/2715 3965/202/2715 4749/199/2715 3925/198/2715
f 3925/198/2716 4749/199/2716 3966/705/2716 2768/197/2716
f 4749/199/2717 3507/198/2717 2988/197/2717 3966/705/2717
f 3965/202/2718 2987/201/2718 3507/198/2718 4749/199/2718
f 2768/197/2719 3966/705/2719 4750/235/2719 3926/234/2719
f 3926/234/2720 4750/235/2720 3967/706/2720 2769/153/2720
f 4750/235/2721 3508/234/2721 2989/153/2721 3967/706/2721
f 3966/705/2722 2988/197/2722 3508/234/2722 4750/235/2722
f 2769/153/2723 3967/706/2723 4751/151/2723 3927/150/2723
f 3927/150/2724 4751/151/2724 3968/707/2724 2770/149/2724
f 4751/151/2725 3509/150/2725 2990/149/2725 3968/707/2725
f 3967/706/2726 2989/153/2726 3509/150/2726 4751/151/2726
f 2770/149/2727 3968/707/2727 4752/253/2727 3928/224/2727
f 3928/224/2728 4752/253/2728 3969/703/2728 2771/223/2728
f 4752/253/2729 3510/224/2729 2991/223/2729 3969/703/2729
f 3968/707/2730 2990/149/2730 3510/224/2730 4752/253/2730
f 2771/223/2731 3969/703/2731 4753/708/2731 3929/241/2731
f 3929/241/2732 4753/708/2732 3970/709/2732 2772/207/2732
f 4753/708/2733 3511/241/2733 2992/207/2733 3970/709/2733
f 3969/703/2734 2991/223/2734 3511/241/2734 4753/708/2734
f 2772/207/2735 3970/709/2735 4754/710/2735 3930/204/2735
f 3930/204/2736 4754/710/2736 3971/206/2736 2773/203/2736
f 4754/710/2737 3512/204/2737 2993/203/2737 3971/206/2737
f 3970/709/2738 2992/207/2738 3512/204/2738 4754/710/2738
f 2773/203/2739 3971/206/2739 4755/237/2739 3931/236/2739
f 3931/236/2740 4755/237/2740 3972/711/2740 2774/189/2740
f 4755/237/2741 3513/236/2741 2994/189/2741 3972/711/2741
f 3971/206/2742 2993/203/2742 3513/236/2742 4755/237/2742
f 2774/189/2743 3972/711/2743 4756/712/2743 3932/187/2743
f 3932/187/2744 4756/712/2744 3973/713/2744 2775/185/2744
f 4756/712/2745 3514/187/2745 2995/185/2745 3973/713/2745
f 3972/711/2746 2994/189/2746 3514/187/2746 4756/712/2746
f 2775/185/2747 3973/713/2747 4757/356/2747 3933/182/2747
f 3933/182/2748 4757/356/2748 3974/714/2748 2776/181/2748
f 4757/356/2749 3515/182/2749 2996/181/2749 3974/714/2749
f 3973/713/2750 2995/185/2750 3515/182/2750 4757/356/2750
f 2776/181/2751 3974/714/2751 4758/243/2751 3934/242/2751
f 3934/242/2752 4758/243/2752 3975/715/2752 2777/212/2752
f 4758/243/2753 3516/242/2753 2997/212/2753 3975/715/2753
f 3974/714/2754 2996/181/2754 3516/242/2754 4758/243/2754
f 2777/212/2755 3975/715/2755 4759/716/2755 3935/210/2755
f 3935/210/2756 4759/716/2756 3976/717/2756 2778/209/2756
f 4759/716/2757 3517/210/2757 2998/209/2757 3976/717/2757
f 3975/715/2758 2997/212/2758 3517/210/2758 4759/716/2758
f 2778/209/2759 3976/717/2759 4760/256/2759 3936/238/2759
f 3936/238/2760 4760/256/2760 3977/718/2760 2779/195/2760
f 4760/256/2761 3518/238/2761 2999/195/2761 3977/718/2761
f 3976/717/2762 2998/209/2762 3518/238/2762 4760/256/2762
f 2779/195/2763 3977/718/2763 4761/322/2763 3937/192/2763
f 3937/192/2764 4761/322/2764 3978/194/2764 2780/191/2764
f 4761/322/2765 3519/192/2765 3000/191/2765 3978/194/2765
f 3977/718/2766 2999/195/2766 3519/192/2766 4761/322/2766
f 2780/191/2767 3978/194/2767 4762/232/2767 3938/232/2767
f 3938/232/2768 4762/232/2768 3979/233/2768 2781/231/2768
f 4762/232/2769 3520/232/2769 3001/231/2769 3979/233/2769
f 3978/194/2770 3000/191/2770 3520/232/2770 4762/232/2770
f 2781/231/2771 3979/233/2771 4763/719/2771 3939/244/2771
f 3939/244/2772 4763/719/2772 3980/720/2772 2782/216/2772
f 4763/719/2773 3521/244/2773 3002/216/2773 3980/720/2773
f 3979/233/2774 3001/231/2774 3521/244/2774 4763/719/2774
f 2782/216/2775 3980/720/2775 4764/350/2775 3940/214/2775
f 3940/214/2776 4764/350/2776 3961/215/2776 2763/167/2776
f 4764/350/2777 3522/214/2777 2984/167/2777 3961/215/2777
f 3980/720/2778 3002/216/2778 3522/214/2778 4764/350/2778
f 2784/227/2779 3981/229/2779 4765/228/2779 3941/228/2779
f 3941/228/2780 4765/228/2780 3982/230/2780 2783/6/2780
f 4765/228/2781 3543/228/2781 3004/6/2781 3982/230/2781
f 3981/229/2782 3003/227/2782 3543/228/2782 4765/228/2782
f 2785/221/2783 3983/222/2783 4766/245/2783 3942/245/2783
f 3942/245/2784 4766/245/2784 3981/229/2784 2784/227/2784
f 4766/245/2785 3544/245/2785 3003/227/2785 3981/229/2785
f 3983/222/2786 3005/221/2786 3544/245/2786 4766/245/2786
f 2786/217/2787 3984/220/2787 4767/219/2787 3943/218/2787
f 3943/218/2788 4767/219/2788 3983/222/2788 2785/221/2788
f 4767/219/2789 3545/218/2789 3005/221/2789 3983/222/2789
f 3984/220/2790 3006/217/2790 3545/218/2790 4767/219/2790
f 2787/201/2791 3985/202/2791 4768/240/2791 3944/239/2791
f 3944/239/2792 4768/240/2792 3984/220/2792 2786/217/2792
f 4768/240/2793 3546/239/2793 3006/217/2793 3984/220/2793
f 3985/202/2794 3007/201/2794 3546/239/2794 4768/240/2794
f 2788/197/2795 3986/200/2795 4769/199/2795 3945/198/2795
f 3945/198/2796 4769/199/2796 3985/202/2796 2787/201/2796
f 4769/199/2797 3547/198/2797 3007/201/2797 3985/202/2797
f 3986/200/2798 3008/197/2798 3547/198/2798 4769/199/2798
f 2789/153/2799 3987/154/2799 4770/235/2799 3946/234/2799
f 3946/234/2800 4770/235/2800 3986/200/2800 2788/197/2800
f 4770/235/2801 3548/234/2801 3008/197/2801 3986/200/2801
f 3987/154/2802 3009/153/2802 3548/234/2802 4770/235/2802
f 2790/149/2803 3988/152/2803 4771/151/2803 3947/150/2803
f 3947/150/2804 4771/151/2804 3987/154/2804 2789/153/2804
f 4771/151/2805 3549/150/2805 3009/153/2805 3987/154/2805
f 3988/152/2806 3010/149/2806 3549/150/2806 4771/151/2806
f 2791/223/2807 3989/226/2807 4772/225/2807 3948/224/2807
f 3948/224/2808 4772/225/2808 3988/152/2808 2790/149/2808
f 4772/225/2809 3550/224/2809 3010/149/2809 3988/152/2809
f 3989/226/2810 3011/223/2810 3550/224/2810 4772/225/2810
f 2792/207/2811 3990/208/2811 4773/241/2811 3949/241/2811
f 3949/241/2812 4773/241/2812 3989/226/2812 2791/223/2812
f 4773/241/2813 3551/241/2813 3011/223/2813 3989/226/2813
f 3990/208/2814 3012/207/2814 3551/241/2814 4773/241/2814
f 2793/203/2815 3991/206/2815 4774/205/2815 3950/204/2815
f 3950/204/2816 4774/205/2816 3990/208/2816 2792/207/2816
f 4774/205/2817 3552/204/2817 3012/207/2817 3990/208/2817
f 3991/206/2818 3013/203/2818 3552/204/2818 4774/205/2818
f 2794/189/2819 3992/190/2819 4775/237/2819 3951/236/2819
f 3951/236/2820 4775/237/2820 3991/206/2820 2793/203/2820
f 4775/237/2821 3553/236/2821 3013/203/2821 3991/206/2821
f 3992/190/2822 3014/189/2822 3553/236/2822 4775/237/2822
f 2795/185/2823 3993/186/2823 4776/188/2823 3952/187/2823
f 3952/187/2824 4776/188/2824 3992/190/2824 2794/189/2824
f 4776/188/2825 3554/187/2825 3014/189/2825 3992/190/2825
f 3993/186/2826 3015/185/2826 3554/187/2826 4776/188/2826
f 2796/181/2827 3994/184/2827 4777/183/2827 3953/182/2827
f 3953/182/2828 4777/183/2828 3993/186/2828 2795/185/2828
f 4777/183/2829 3555/182/2829 3015/185/2829 3993/186/2829
f 3994/184/2830 3016/181/2830 3555/182/2830 4777/183/2830
f 2797/212/2831 3995/213/2831 4778/243/2831 3954/242/2831
f 3954/242/2832 4778/243/2832 3994/184/2832 2796/181/2832
f 4778/243/2833 3556/242/2833 3016/181/2833 3994/184/2833
f 3995/213/2834 3017/212/2834 3556/242/2834 4778/243/2834
f 2798/209/2835 3996/211/2835 4779/210/2835 3955/210/2835
f 3955/210/2836 4779/210/2836 3995/213/2836 2797/212/2836
f 4779/210/2837 3557/210/2837 3017/212/2837 3995/213/2837
f 3996/211/2838 3018/209/2838 3557/210/2838 4779/210/2838
f 2799/195/2839 3997/196/2839 4780/238/2839 3956/238/2839
f 3956/238/2840 4780/238/2840 3996/211/2840 2798/209/2840
f 4780/238/2841 3558/238/2841 3018/209/2841 3996/211/2841
f 3997/196/2842 3019/195/2842 3558/238/2842 4780/238/2842
f 2800/191/2843 3998/194/2843 4781/193/2843 3957/192/2843
f 3957/192/2844 4781/193/2844 3997/196/2844 2799/195/2844
f 4781/193/2845 3559/192/2845 3019/195/2845 3997/196/2845
f 3998/194/2846 3020/191/2846 3559/192/2846 4781/193/2846
f 2801/231/2847 3999/233/2847 4782/232/2847 3958/232/2847
f 3958/232/2848 4782/232/2848 3998/194/2848 2800/191/2848
f 4782/232/2849 3560/232/2849 3020/191/2849 3998/194/2849
f 3999/233/2850 3021/231/2850 3560/232/2850 4782/232/2850
f 2802/216/2851 4000/246/2851 4783/244/2851 3959/244/2851
f 3959/244/2852 4783/244/2852 3999/233/2852 2801/231/2852
f 4783/244/2853 3561/244/2853 3021/231/2853 3999/233/2853
f 4000/246/2854 3022/216/2854 3561/244/2854 4783/244/2854
f 2783/167/2855 3982/215/2855 4784/214/2855 3960/214/2855
f 3960/214/2856 4784/214/2856 4000/246/2856 2802/216/2856
f 4784/214/2857 3562/214/2857 3022/216/2857 4000/246/2857
f 3982/215/2858 3004/167/2858 3562/214/2858 4784/214/2858
f 2723/6/2859 4041/230/2859 4785/704/2859 4001/228/2859
f 4001/228/2860 4785/704/2860 4042/227/2860 2724/227/2860
f 4785/704/2861 3423/228/2861 3023/227/2861 4042/227/2861
f 4041/230/2862 3024/6/2862 3423/228/2862 4785/704/2862
f 2724/227/2863 4042/227/2863 4786/245/2863 4002/245/2863
f 4002/245/2864 4786/245/2864 4043/222/2864 2725/221/2864
f 4786/245/2865 3424/245/2865 3025/221/2865 4043/222/2865
f 4042/227/2866 3023/227/2866 3424/245/2866 4786/245/2866
f 2725/221/2867 4043/222/2867 4787/218/2867 4003/218/2867
f 4003/218/2868 4787/218/2868 4044/220/2868 2726/217/2868
f 4787/218/2869 3425/218/2869 3026/217/2869 4044/220/2869
f 4043/222/2870 3025/221/2870 3425/218/2870 4787/218/2870
f 2726/217/2871 4044/220/2871 4788/240/2871 4004/239/2871
f 4004/239/2872 4788/240/2872 4045/202/2872 2727/201/2872
f 4788/240/2873 3426/239/2873 3027/201/2873 4045/202/2873
f 4044/220/2874 3026/217/2874 3426/239/2874 4788/240/2874
f 2727/201/2875 4045/202/2875 4789/199/2875 4005/198/2875
f 4005/198/2876 4789/199/2876 4046/705/2876 2728/197/2876
f 4789/199/2877 3427/198/2877 3028/197/2877 4046/705/2877
f 4045/202/2878 3027/201/2878 3427/198/2878 4789/199/2878
f 2728/197/2879 4046/705/2879 4790/235/2879 4006/234/2879
f 4006/234/2880 4790/235/2880 4047/706/2880 2729/153/2880
f 4790/235/2881 3428/234/2881 3029/153/2881 4047/706/2881
f 4046/705/2882 3028/197/2882 3428/234/2882 4790/235/2882
f 2729/153/2883 4047/706/2883 4791/151/2883 4007/150/2883
f 4007/150/2884 4791/151/2884 4048/707/2884 2730/149/2884
f 4791/151/2885 3429/150/2885 3030/149/2885 4048/707/2885
f 4047/706/2886 3029/153/2886 3429/150/2886 4791/151/2886
f 2730/149/2887 4048/707/2887 4792/253/2887 4008/224/2887
f 4008/224/2888 4792/253/2888 4049/703/2888 2731/223/2888
f 4792/253/2889 3430/224/2889 3031/223/2889 4049/703/2889
f 4048/707/2890 3030/149/2890 3430/224/2890 4792/253/2890
f 2731/223/2891 4049/703/2891 4793/708/2891 4009/241/2891
f 4009/241/2892 4793/708/2892 4050/709/2892 2732/207/2892
f 4793/708/2893 3431/241/2893 3032/207/2893 4050/709/2893
f 4049/703/2894 3031/223/2894 3431/241/2894 4793/708/2894
f 2732/207/2895 4050/709/2895 4794/710/2895 4010/204/2895
f 4010/204/2896 4794/710/2896 4051/206/2896 2733/203/2896
f 4794/710/2897 3432/204/2897 3033/203/2897 4051/206/2897
f 4050/709/2898 3032/207/2898 3432/204/2898 4794/710/2898
f 2733/203/2899 4051/206/2899 4795/237/2899 4011/236/2899
f 4011/236/2900 4795/237/2900 4052/711/2900 2734/189/2900
f 4795/237/2901 3433/236/2901 3034/189/2901 4052/711/2901
f 4051/206/2902 3033/203/2902 3433/236/2902 4795/237/2902
f 2734/189/2903 4052/711/2903 4796/712/2903 4012/187/2903
f 4012/187/2904 4796/712/2904 4053/713/2904 2735/185/2904
f 4796/712/2905 3434/187/2905 3035/185/2905 4053/713/2905
f 4052/711/2906 3034/189/2906 3434/187/2906 4796/712/2906
f 2735/185/2907 4053/713/2907 4797/356/2907 4013/182/2907
f 4013/182/2908 4797/356/2908 4054/714/2908 2736/181/2908
f 4797/356/2909 3435/182/2909 3036/181/2909 4054/714/2909
f 4053/713/2910 3035/185/2910 3435/182/2910 4797/356/2910
f 2736/181/2911 4054/714/2911 4798/243/2911 4014/242/2911
f 4014/242/2912 4798/243/2912 4055/715/2912 2737/212/2912
f 4798/243/2913 3436/242/2913 3037/212/2913 4055/715/2913
f 4054/714/2914 3036/181/2914 3436/242/2914 4798/243/2914
f 2737/212/2915 4055/715/2915 4799/716/2915 4015/210/2915
f 4015/210/2916 4799/716/2916 4056/717/2916 2738/209/2916
f 4799/716/2917 3437/210/2917 3038/209/2917 4056/717/2917
f 4055/715/2918 3037/212/2918 3437/210/2918 4799/716/2918
f 2738/209/2919 4056/717/2919 4800/256/2919 4016/238/2919
f 4016/238/2920 4800/256/2920 4057/718/2920 2739/195/2920
f 4800/256/2921 3438/238/2921 3039/195/2921 4057/718/2921
f 4056/717/2922 3038/209/2922 3438/238/2922 4800/256/2922
f 2739/195/2923 4057/718/2923 4801/322/2923 4017/192/2923
f 4017/192/2924 4801/322/2924 4058/194/2924 2740/191/2924
f 4801/322/2925 3439/192/2925 3040/191/2925 4058/194/2925
f 4057/718/2926 3039/195/2926 3439/192/2926 4801/322/2926
f 2740/191/2927 4058/194/2927 4802/232/2927 4018/232/2927
f 4018/232/2928 4802/232/2928 4059/233/2928 2741/231/2928
f 4802/232/2929 3440/232/2929 3041/231/2929 4059/233/2929
f 4058/194/2930 3040/191/2930 3440/232/2930 4802/232/2930
f 2741/231/2931 4059/233/2931 4803/719/2931 4019/244/2931
f 4019/244/2932 4803/719/2932 4060/720/2932 2742/216/2932
f 4803/719/2933 3441/244/2933 3042/216/2933 4060/720/2933
f 4059/233/2934 3041/231/2934 3441/244/2934 4803/719/2934
f 2742/216/2935 4060/720/2935 4804/350/2935 4020/214/2935
f 4020/214/2936 4804/350/2936 4041/215/2936 2723/167/2936
f 4804/350/2937 3442/214/2937 3024/167/2937 4041/215/2937
f 4060/720/2938 3042/216/2938 3442/214/2938 4804/350/2938
f 2744/227/2939 4061/229/2939 4805/228/2939 4021/228/2939
f 4021/228/2940 4805/228/2940 4062/230/2940 2743/6/2940
f 4805/228/2941 3463/228/2941 3044/6/2941 4062/230/2941
f 4061/229/2942 3043/227/2942 3463/228/2942 4805/228/2942
f 2745/221/2943 4063/222/2943 4806/245/2943 4022/245/2943
f 4022/245/2944 4806/245/2944 4061/229/2944 2744/227/2944
f 4806/245/2945 3464/245/2945 3043/227/2945 4061/229/2945
f 4063/222/2946 3045/221/2946 3464/245/2946 4806/245/2946
f 2746/217/2947 4064/220/2947 4807/219/2947 4023/218/2947
f 4023/218/2948 4807/219/2948 4063/222/2948 2745/221/2948
f 4807/219/2949 3465/218/2949 3045/221/2949 4063/222/2949
f 4064/220/2950 3046/217/2950 3465/218/2950 4807/219/2950
f 2747/201/2951 4065/202/2951 4808/240/2951 4024/239/2951
f 4024/239/2952 4808/240/2952 4064/220/2952 2746/217/2952
f 4808/240/2953 3466/239/2953 3046/217/2953 4064/220/2953
f 4065/202/2954 3047/201/2954 3466/239/2954 4808/240/2954
f 2748/197/2955 4066/200/2955 4809/199/2955 4025/198/2955
f 4025/198/2956 4809/199/2956 4065/202/2956 2747/201/2956
f 4809/199/2957 3467/198/2957 3047/201/2957 4065/202/2957
f 4066/200/2958 3048/197/2958 3467/198/2958 4809/199/2958
f 2749/153/2959 4067/154/2959 4810/235/2959 4026/234/2959
f 4026/234/2960 4810/235/2960 4066/200/2960 2748/197/2960
f 4810/235/2961 3468/234/2961 3048/197/2961 4066/200/2961
f 4067/154/2962 3049/153/2962 3468/234/2962 4810/235/2962
f 2750/149/2963 4068/152/2963 4811/151/2963 4027/150/2963
f 4027/150/2964 4811/151/2964 4067/154/2964 2749/153/2964
f 4811/151/2965 3469/150/2965 3049/153/2965 4067/154/2965
f 4068/152/2966 3050/149/2966 3469/150/2966 4811/151/2966
f 2751/223/2967 4069/226/2967 4812/225/2967 4028/224/2967
f 4028/224/2968 4812/225/2968 4068/152/2968 2750/149/2968
f 4812/225/2969 3470/224/2969 3050/149/2969 4068/152/2969
f 4069/226/2970 3051/223/2970 3470/224/2970 4812/225/2970
f 2752/207/2971 4070/208/2971 4813/241/2971 4029/241/2971
f 4029/241/2972 4813/241/2972 4069/226/2972 2751/223/2972
f 4813/241/2973 3471/241/2973 3051/223/2973 4069/226/2973
f 4070/208/2974 3052/207/2974 3471/241/2974 4813/241/2974
f 2753/203/2975 4071/206/2975 4814/205/2975 4030/204/2975
f 4030/204/2976 4814/205/2976 4070/208/2976 2752/207/2976
f 4814/205/2977 3472/204/2977 3052/207/2977 4070/208/2977
f 4071/206/2978 3053/203/2978 3472/204/2978 4814/205/2978
f 2754/189/2979 4072/190/2979 4815/237/2979 4031/236/2979
f 4031/236/2980 4815/237/2980 4071/206/2980 2753/203/2980
f 4815/237/2981 3473/236/2981 3053/203/2981 4071/206/2981
f 4072/190/2982 3054/189/2982 3473/236/2982 4815/237/2982
f 2755/185/2983 4073/186/2983 4816/188/2983 4032/187/2983
f 4032/187/2984 4816/188/2984 4072/190/2984 2754/189/2984
f 4816/188/2985 3474/187/2985 3054/189/2985 4072/190/2985
f 4073/186/2986 3055/185/2986 3474/187/2986 4816/188/2986
f 2756/181/2987 4074/184/2987 4817/183/2987 4033/182/2987
f 4033/182/2988 4817/183/2988 4073/186/2988 2755/185/2988
f 4817/183/2989 3475/182/2989 3055/185/2989 4073/186/2989
f 4074/184/2990 3056/181/2990 3475/182/2990 4817/183/2990
f 2757/212/2991 4075/213/2991 4818/243/2991 4034/242/2991
f 4034/242/2992 4818/243/2992 4074/184/2992 2756/181/2992
f 4818/243/2993 3476/242/2993 3056/181/2993 4074/184/2993
f 4075/213/2994 3057/212/2994 3476/242/2994 4818/243/2994
f 2758/209/2995 4076/211/2995 4819/210/2995 4035/210/2995
f 4035/210/2996 4819/210/2996 4075/213/2996 2757/212/2996
f 4819/210/2997 3477/210/2997 3057/212/2997 4075/213/2997
f 4076/211/2998 3058/209/2998 3477/210/2998 4819/210/2998
f 2759/195/2999 4077/196/2999 4820/238/2999 4036/238/2999
f 4036/238/3000 4820/238/3000 4076/211/3000 2758/209/3000
f 4820/238/3001 3478/238/3001 3058/209/3001 4076/211/3001
f 4077/196/3002 3059/195/3002 3478/238/3002 4820/238/3002
f 2760/191/3003 4078/194/3003 4821/193/3003 4037/192/3003
f 4037/192/3004 4821/193/3004 4077/196/3004 2759/195/3004
f 4821/193/3005 3479/192/3005 3059/195/3005 4077/196/3005
f 4078/194/3006 3060/191/3006 3479/192/3006 4821/193/3006
f 2761/231/3007 4079/233/3007 4822/232/3007 4038/232/3007
f 4038/232/3008 4822/232/3008 4078/194/3008 2760/191/3008
f 4822/232/3009 3480/232/3009 3060/191/3009 4078/194/3009
f 4079/233/3010 3061/231/3010 3480/232/3010 4822/232/3010
f 2762/216/3011 4080/246/3011 4823/244/3011 4039/244/3011
f 4039/244/3012 4823/244/3012 4079/233/3012 2761/231/3012
f 4823/244/3013 3481/244/3013 3061/231/3013 4079/233/3013
f 4080/246/3014 3062/216/3014 3481/244/3014 4823/244/3014
f 2743/167/3015 4062/215/3015 4824/214/3015 4040/214/3015
f 4040/214/3016 4824/214/3016 4080/246/3016 2762/216/3016
f 4824/214/3017 3482/214/3017 3062/216/3017 4080/246/3017
f 4062/215/3018 3044/167/3018 3482/214/3018 4824/214/3018
f 3141/721/3019 4206/724/3019 4825/723/3019 4122/722/3019
f 4122/722/3020 4825/723/3020 4140/726/3020 3140/725/3020
f 4825/723/3021 4172/542/3021 3119/727/3021 4140/726/3021
f 4206/724/3022 3122/721/3022 4172/542/3022 4825/723/3022
f 3065/489/3023 4201/728/3023 4826/517/3023 3827/517/3023
f 3827/517/3024 4826/517/3024 4205/729/3024 3066/516/3024
f 4826/517/3025 4145/461/3025 3086/174/3025 4205/729/3025
f 4201/728/3026 3085/728/3026 4145/461/3026 4826/517/3026
f 3079/441/3027 4195/441/3027 4827/730/3027 3840/472/3027
f 3840/472/3028 4827/730/3028 4204/404/3028 3080/404/3028
f 4827/730/3029 4154/491/3029 3099/404/3029 4204/404/3029
f 4195/441/3030 3098/731/3030 4154/491/3030 4827/730/3030
f 3127/551/3031 4127/734/3031 4828/733/3031 4106/732/3031
f 4106/732/3032 4828/733/3032 4126/735/3032 3126/549/3032
f 4828/733/3033 3828/737/3033 3066/736/3033 4126/735/3033
f 4127/734/3034 3067/738/3034 3828/737/3034 4828/733/3034
f 3129/739/3035 4203/742/3035 4829/741/3035 4108/740/3035
f 4108/740/3036 4829/741/3036 4198/744/3036 3128/743/3036
f 4829/741/3037 4162/746/3037 3108/745/3037 4198/744/3037
f 4203/742/3038 3109/747/3038 4162/746/3038 4829/741/3038
f 3132/748/3039 4202/751/3039 4830/750/3039 4121/749/3039
f 4121/749/3040 4830/750/3040 4194/753/3040 3142/752/3040
f 4830/750/3041 4171/755/3041 3121/754/3041 4194/753/3041
f 4202/751/3042 3111/756/3042 4171/755/3042 4830/750/3042
f 3064/405/3043 4125/405/3043 4831/409/3043 3826/410/3043
f 3826/410/3044 4831/409/3044 4201/728/3044 3065/489/3044
f 4831/409/3045 4144/410/3045 3085/728/3045 4201/728/3045
f 4125/405/3046 3084/757/3046 4144/410/3046 4831/409/3046
f 3131/559/3047 4131/760/3047 4832/759/3047 4110/758/3047
f 4110/758/3048 4832/759/3048 4130/761/3048 3130/557/3048
f 4832/759/3049 3832/763/3049 3070/762/3049 4130/761/3049
f 4131/760/3050 3071/764/3050 3832/763/3050 4832/759/3050
f 3134/765/3051 4200/768/3051 4833/767/3051 4134/766/3051
f 4134/766/3052 4833/767/3052 4199/769/3052 3074/769/3052
f 4833/767/3053 4184/766/3053 3093/769/3053 4199/769/3053
f 4200/768/3054 3113/765/3054 4184/766/3054 4833/767/3054
f 3134/765/3055 4134/766/3055 4834/771/3055 4112/770/3055
f 4112/770/3056 4834/771/3056 4132/772/3056 3133/565/3056
f 4834/771/3057 3834/774/3057 3073/773/3057 4132/772/3057
f 4134/766/3058 3074/769/3058 3834/774/3058 4834/771/3058
f 3128/743/3059 4198/744/3059 4835/776/3059 4107/775/3059
f 4107/775/3060 4835/776/3060 4197/777/3060 3127/551/3060
f 4835/776/3061 4161/552/3061 3107/778/3061 4197/777/3061
f 4198/744/3062 3108/745/3062 4161/552/3062 4835/776/3062
f 3078/482/3063 4196/436/3063 4836/538/3063 3839/538/3063
f 3839/538/3064 4836/538/3064 4195/441/3064 3079/441/3064
f 4836/538/3065 4153/435/3065 3098/731/3065 4195/441/3065
f 4196/436/3066 3097/436/3066 4153/435/3066 4836/538/3066
f 3142/752/3067 4194/753/3067 4837/780/3067 4120/779/3067
f 4120/779/3068 4837/780/3068 4193/781/3068 3131/559/3068
f 4837/780/3069 4170/783/3069 3120/782/3069 4193/781/3069
f 4194/753/3070 3121/754/3070 4170/783/3070 4837/780/3070
f 3138/575/3071 4138/786/3071 4838/785/3071 4116/784/3071
f 4116/784/3072 4838/785/3072 4137/787/3072 3137/573/3072
f 4838/785/3073 3838/789/3073 3077/788/3073 4137/787/3073
f 4138/786/3074 3078/790/3074 3838/789/3074 4838/785/3074
f 3063/530/3075 4123/372/3075 4839/791/3075 3825/536/3075
f 3825/536/3076 4839/791/3076 4125/405/3076 3064/405/3076
f 4839/791/3077 4143/376/3077 3084/757/3077 4125/405/3077
f 4123/372/3078 3083/372/3078 4143/376/3078 4839/791/3078
f 3073/773/3079 4128/773/3079 4840/792/3079 4132/772/3079
f 4132/772/3080 4840/792/3080 4129/793/3080 3133/565/3080
f 4840/792/3081 4182/795/3081 3112/794/3081 4129/793/3081
f 4128/773/3082 3092/773/3082 4182/795/3082 4840/792/3082
f 3123/543/3083 4124/798/3083 4841/797/3083 4119/796/3083
f 4119/796/3084 4841/797/3084 4141/799/3084 3141/721/3084
f 4841/797/3085 4081/801/3085 3081/800/3085 4141/799/3085
f 4124/798/3086 3063/802/3086 4081/801/3086 4841/797/3086
f 3076/389/3087 4133/389/3087 4842/803/3087 3837/532/3087
f 3837/532/3088 4842/803/3088 4135/804/3088 3077/534/3088
f 4842/803/3089 4152/805/3089 3096/458/3089 4135/804/3089
f 4133/389/3090 3095/392/3090 4152/805/3090 4842/803/3090
f 3126/549/3091 4136/808/3091 4843/807/3091 4105/806/3091
f 4105/806/3092 4843/807/3092 4139/810/3092 3125/809/3092
f 4843/807/3093 4160/812/3093 3105/811/3093 4139/810/3093
f 4136/808/3094 3106/813/3094 4160/812/3094 4843/807/3094
f 3140/725/3095 4140/726/3095 4844/815/3095 4118/814/3095
f 4118/814/3096 4844/815/3096 4142/817/3096 3139/816/3096
f 4844/815/3097 4169/819/3097 3118/818/3097 4142/817/3097
f 4140/726/3098 3119/727/3098 4169/819/3098 4844/815/3098
f 3104/820/3099 4173/823/3099 4845/822/3099 4158/821/3099
f 4158/821/3100 4845/822/3100 4174/798/3100 3103/543/3100
f 4845/822/3101 4143/824/3101 3083/802/3101 4174/798/3101
f 4173/823/3102 3084/825/3102 4143/824/3102 4845/822/3102
f 3105/811/3103 4175/827/3103 4846/826/3103 4159/546/3103
f 4159/546/3104 4846/826/3104 4173/823/3104 3104/820/3104
f 4846/826/3105 4144/828/3105 3084/825/3105 4173/823/3105
f 4175/827/3106 3085/829/3106 4144/828/3106 4846/826/3106
f 3106/813/3107 4176/735/3107 4847/830/3107 4160/812/3107
f 4160/812/3108 4847/830/3108 4175/827/3108 3105/811/3108
f 4847/830/3109 4145/831/3109 3085/829/3109 4175/827/3109
f 4176/735/3110 3086/736/3110 4145/831/3110 4847/830/3110
f 3108/745/3111 4178/833/3111 4848/832/3111 4161/552/3111
f 4161/552/3112 4848/832/3112 4177/734/3112 3107/778/3112
f 4848/832/3113 4146/834/3113 3087/738/3113 4177/734/3113
f 4178/833/3114 3088/835/3114 4146/834/3114 4848/832/3114
f 3109/747/3115 4179/837/3115 4849/836/3115 4162/746/3115
f 4162/746/3116 4849/836/3116 4178/833/3116 3108/745/3116
f 4849/836/3117 4147/838/3117 3088/835/3117 4178/833/3117
f 4179/837/3118 3089/839/3118 4147/838/3118 4849/836/3118
f 3110/557/3119 4180/761/3119 4850/840/3119 4163/556/3119
f 4163/556/3120 4850/840/3120 4179/837/3120 3109/747/3120
f 4850/840/3121 4148/841/3121 3089/839/3121 4179/837/3121
f 4180/761/3122 3090/762/3122 4148/841/3122 4850/840/3122
f 3112/794/3123 4182/795/3123 4851/843/3123 4164/842/3123
f 4164/842/3124 4851/843/3124 4183/844/3124 3111/756/3124
f 4851/843/3125 4149/846/3125 3091/845/3125 4183/844/3125
f 4182/795/3126 3092/773/3126 4149/846/3126 4851/843/3126
f 3114/847/3127 4185/850/3127 4852/849/3127 4165/848/3127
f 4165/848/3128 4852/849/3128 4184/766/3128 3113/765/3128
f 4852/849/3129 4150/851/3129 3093/769/3129 4184/766/3129
f 4185/850/3130 3094/852/3130 4150/851/3130 4852/849/3130
f 3115/853/3131 4186/856/3131 4853/855/3131 4166/854/3131
f 4166/854/3132 4853/855/3132 4185/850/3132 3114/847/3132
f 4853/855/3133 4151/857/3133 3094/852/3133 4185/850/3133
f 4186/856/3134 3095/858/3134 4151/857/3134 4853/855/3134
f 3116/573/3135 4187/787/3135 4854/860/3135 4167/859/3135
f 4167/859/3136 4854/860/3136 4186/856/3136 3115/853/3136
f 4854/860/3137 4152/861/3137 3095/858/3137 4186/856/3137
f 4187/787/3138 3096/788/3138 4152/861/3138 4854/860/3138
f 3118/818/3139 4189/864/3139 4855/863/3139 4168/862/3139
f 4168/862/3140 4855/863/3140 4188/786/3140 3117/575/3140
f 4855/863/3141 4153/865/3141 3097/790/3141 4188/786/3141
f 4189/864/3142 3098/866/3142 4153/865/3142 4855/863/3142
f 3119/727/3143 4190/868/3143 4856/867/3143 4169/819/3143
f 4169/819/3144 4856/867/3144 4189/864/3144 3118/818/3144
f 4856/867/3145 4154/869/3145 3098/866/3145 4189/864/3145
f 4190/868/3146 3099/870/3146 4154/869/3146 4856/867/3146
f 3121/754/3147 4192/872/3147 4857/871/3147 4170/783/3147
f 4170/783/3148 4857/871/3148 4181/760/3148 3120/782/3148
f 4857/871/3149 4155/873/3149 3100/764/3149 4181/760/3149
f 4192/872/3150 3101/874/3150 4155/873/3150 4857/871/3150
f 3111/756/3151 4183/844/3151 4858/875/3151 4171/755/3151
f 4171/755/3152 4858/875/3152 4192/872/3152 3121/754/3152
f 4858/875/3153 4156/876/3153 3101/874/3153 4192/872/3153
f 4183/844/3154 3091/845/3154 4156/876/3154 4858/875/3154
f 3122/721/3155 4191/799/3155 4859/877/3155 4172/542/3155
f 4172/542/3156 4859/877/3156 4190/868/3156 3119/727/3156
f 4859/877/3157 4157/878/3157 3099/870/3157 4190/868/3157
f 4191/799/3158 3102/800/3158 4157/878/3158 4859/877/3158
f 3071/535/3159 4208/879/3159 4860/537/3159 4082/537/3159
f 4082/537/3160 4860/537/3160 4207/382/3160 3082/384/3160
f 4860/537/3161 4155/881/3161 3101/880/3161 4207/382/3161
f 4208/879/3162 3100/879/3162 4155/881/3162 4860/537/3162
f 3130/557/3163 4209/884/3163 4861/883/3163 4109/882/3163
f 4109/882/3164 4861/883/3164 4203/742/3164 3129/739/3164
f 4861/883/3165 4163/556/3165 3109/747/3165 4203/742/3165
f 4209/884/3166 3110/557/3166 4163/556/3166 4861/883/3166
f 3082/384/3167 4207/382/3167 4862/885/3167 4083/454/3167
f 4083/454/3168 4862/885/3168 4210/886/3168 3072/453/3168
f 4862/885/3169 4156/887/3169 3091/452/3169 4210/886/3169
f 4207/382/3170 3101/880/3170 4156/887/3170 4862/885/3170
f 3077/788/3171 4135/788/3171 4863/888/3171 4137/787/3171
f 4137/787/3172 4863/888/3172 4211/889/3172 3137/573/3172
f 4863/888/3173 4187/787/3173 3116/573/3173 4211/889/3173
f 4135/788/3174 3096/788/3174 4187/787/3174 4863/888/3174
f 3067/521/3175 4213/890/3175 4864/506/3175 3829/524/3175
f 3829/524/3176 4864/506/3176 4212/447/3176 3068/446/3176
f 4864/506/3177 4146/445/3177 3088/447/3177 4212/447/3177
f 4213/890/3178 3087/890/3178 4146/445/3178 4864/506/3178
f 3123/543/3179 4214/892/3179 4865/891/3179 4124/798/3179
f 4124/798/3180 4865/891/3180 4123/893/3180 3063/802/3180
f 4865/891/3181 4174/798/3181 3083/802/3181 4123/893/3181
f 4214/892/3182 3103/543/3182 4174/798/3182 4865/891/3182
f 3080/404/3183 4204/404/3183 4866/894/3183 4084/403/3183
f 4084/403/3184 4866/894/3184 4215/401/3184 3081/400/3184
f 4866/894/3185 4157/895/3185 3102/401/3185 4215/401/3185
f 4204/404/3186 3099/404/3186 4157/895/3186 4866/894/3186
f 3133/565/3187 4129/793/3187 4867/897/3187 4111/896/3187
f 4111/896/3188 4867/897/3188 4202/751/3188 3132/748/3188
f 4867/897/3189 4164/842/3189 3111/756/3189 4202/751/3189
f 4129/793/3190 3112/794/3190 4164/842/3190 4867/897/3190
f 3138/575/3191 4216/899/3191 4868/898/3191 4138/786/3191
f 4138/786/3192 4868/898/3192 4196/790/3192 3078/790/3192
f 4868/898/3193 4188/786/3193 3097/790/3193 4196/790/3193
f 4216/899/3194 3117/575/3194 4188/786/3194 4868/898/3194
f 3068/446/3195 4212/447/3195 4869/510/3195 3830/475/3195
f 3830/475/3196 4869/510/3196 4217/411/3196 3069/411/3196
f 4869/510/3197 4147/474/3197 3089/900/3197 4217/411/3197
f 4212/447/3198 3088/447/3198 4147/474/3198 4869/510/3198
f 3069/411/3199 4217/411/3199 4870/901/3199 3831/527/3199
f 3831/527/3200 4870/901/3200 4218/416/3200 3070/528/3200
f 4870/901/3201 4148/413/3201 3090/416/3201 4218/416/3201
f 4217/411/3202 3089/900/3202 4148/413/3202 4870/901/3202
f 3066/736/3203 4205/903/3203 4871/902/3203 4126/735/3203
f 4126/735/3204 4871/902/3204 4136/808/3204 3126/549/3204
f 4871/902/3205 4176/735/3205 3106/813/3205 4136/808/3205
f 4205/903/3206 3086/736/3206 4176/735/3206 4871/902/3206
f 3135/904/3207 4219/907/3207 4872/906/3207 4113/905/3207
f 4113/905/3208 4872/906/3208 4200/768/3208 3134/765/3208
f 4872/906/3209 4165/848/3209 3113/765/3209 4200/768/3209
f 4219/907/3210 3114/847/3210 4165/848/3210 4872/906/3210
f 3127/551/3211 4197/777/3211 4873/908/3211 4127/734/3211
f 4127/734/3212 4873/908/3212 4213/738/3212 3067/738/3212
f 4873/908/3213 4177/734/3213 3087/738/3213 4213/738/3213
f 4197/777/3214 3107/778/3214 4177/734/3214 4873/908/3214
f 3136/909/3215 4220/912/3215 4874/911/3215 4114/910/3215
f 4114/910/3216 4874/911/3216 4219/907/3216 3135/904/3216
f 4874/911/3217 4166/854/3217 3114/847/3217 4219/907/3217
f 4220/912/3218 3115/853/3218 4166/854/3218 4874/911/3218
f 3081/800/3219 4215/914/3219 4875/913/3219 4141/799/3219
f 4141/799/3220 4875/913/3220 4206/724/3220 3141/721/3220
f 4875/913/3221 4191/799/3221 3122/721/3221 4206/724/3221
f 4215/914/3222 3102/800/3222 4191/799/3222 4875/913/3222
f 3072/453/3223 4210/886/3223 4876/518/3223 3833/518/3223
f 3833/518/3224 4876/518/3224 4128/915/3224 3073/499/3224
f 4876/518/3225 4149/496/3225 3092/915/3225 4128/915/3225
f 4210/886/3226 3091/452/3226 4149/496/3226 4876/518/3226
f 3137/573/3227 4211/889/3227 4877/917/3227 4115/916/3227
f 4115/916/3228 4877/917/3228 4220/912/3228 3136/909/3228
f 4877/917/3229 4167/859/3229 3115/853/3229 4220/912/3229
f 4211/889/3230 3116/573/3230 4167/859/3230 4877/917/3230
f 3124/918/3231 4221/921/3231 4878/920/3231 4103/919/3231
f 4103/919/3232 4878/920/3232 4214/892/3232 3123/543/3232
f 4878/920/3233 4158/821/3233 3103/543/3233 4214/892/3233
f 4221/921/3234 3104/820/3234 4158/821/3234 4878/920/3234
f 3074/523/3235 4199/923/3235 4879/922/3235 3835/525/3235
f 3835/525/3236 4879/922/3236 4222/395/3236 3075/526/3236
f 4879/922/3237 4150/468/3237 3094/385/3237 4222/395/3237
f 4199/923/3238 3093/923/3238 4150/468/3238 4879/922/3238
f 3070/762/3239 4218/925/3239 4880/924/3239 4130/761/3239
f 4130/761/3240 4880/924/3240 4209/884/3240 3130/557/3240
f 4880/924/3241 4180/761/3241 3110/557/3241 4209/884/3241
f 4218/925/3242 3090/762/3242 4180/761/3242 4880/924/3242
f 3139/816/3243 4142/817/3243 4881/927/3243 4117/926/3243
f 4117/926/3244 4881/927/3244 4216/899/3244 3138/575/3244
f 4881/927/3245 4168/862/3245 3117/575/3245 4216/899/3245
f 4142/817/3246 3118/818/3246 4168/862/3246 4881/927/3246
f 3125/809/3247 4139/810/3247 4882/929/3247 4104/928/3247
f 4104/928/3248 4882/929/3248 4221/921/3248 3124/918/3248
f 4882/929/3249 4159/546/3249 3104/820/3249 4221/921/3249
f 4139/810/3250 3105/811/3250 4159/546/3250 4882/929/3250
f 3075/526/3251 4222/395/3251 4883/930/3251 3836/393/3251
f 3836/393/3252 4883/930/3252 4133/389/3252 3076/389/3252
f 4883/930/3253 4151/393/3253 3095/392/3253 4133/389/3253
f 4222/395/3254 3094/385/3254 4151/393/3254 4883/930/3254
f 3131/559/3255 4193/781/3255 4884/931/3255 4131/760/3255
f 4131/760/3256 4884/931/3256 4208/932/3256 3071/764/3256
f 4884/931/3257 4181/760/3257 3100/764/3257 4208/932/3257
f 4193/781/3258 3120/782/3258 4181/760/3258 4884/931/3258
f 2926/545/3259 4243/934/3259 4885/933/3259 4223/544/3259
f 4223/544/3260 4885/933/3260 4244/935/3260 2925/543/3260
f 4885/933/3261 4103/919/3261 3123/543/3261 4244/935/3261
f 4243/934/3262 3124/918/3262 4103/919/3262 4885/933/3262
f 2927/547/3263 4245/937/3263 4886/936/3263 4224/546/3263
f 4224/546/3264 4886/936/3264 4243/934/3264 2926/545/3264
f 4886/936/3265 4104/928/3265 3124/918/3265 4243/934/3265
f 4245/937/3266 3125/809/3266 4104/928/3266 4886/936/3266
f 2928/549/3267 4246/939/3267 4887/938/3267 4225/548/3267
f 4225/548/3268 4887/938/3268 4245/937/3268 2927/547/3268
f 4887/938/3269 4105/806/3269 3125/809/3269 4245/937/3269
f 4246/939/3270 3126/549/3270 4105/806/3270 4887/938/3270
f 2929/551/3271 4247/941/3271 4888/940/3271 4226/550/3271
f 4226/550/3272 4888/940/3272 4246/939/3272 2928/549/3272
f 4888/940/3273 4106/732/3273 3126/549/3273 4246/939/3273
f 4247/941/3274 3127/551/3274 4106/732/3274 4888/940/3274
f 2930/553/3275 4248/943/3275 4889/942/3275 4227/552/3275
f 4227/552/3276 4889/942/3276 4247/941/3276 2929/551/3276
f 4889/942/3277 4107/775/3277 3127/551/3277 4247/941/3277
f 4248/943/3278 3128/743/3278 4107/775/3278 4889/942/3278
f 2931/555/3279 4249/945/3279 4890/944/3279 4228/554/3279
f 4228/554/3280 4890/944/3280 4248/943/3280 2930/553/3280
f 4890/944/3281 4108/740/3281 3128/743/3281 4248/943/3281
f 4249/945/3282 3129/739/3282 4108/740/3282 4890/944/3282
f 2932/557/3283 4250/947/3283 4891/946/3283 4229/556/3283
f 4229/556/3284 4891/946/3284 4249/945/3284 2931/555/3284
f 4891/946/3285 4109/882/3285 3129/739/3285 4249/945/3285
f 4250/947/3286 3130/557/3286 4109/882/3286 4891/946/3286
f 2933/559/3287 4251/949/3287 4892/948/3287 4230/558/3287
f 4230/558/3288 4892/948/3288 4250/947/3288 2932/557/3288
f 4892/948/3289 4110/758/3289 3130/557/3289 4250/947/3289
f 4251/949/3290 3131/559/3290 4110/758/3290 4892/948/3290
f 2935/565/3291 4252/951/3291 4893/950/3291 4231/564/3291
f 4231/564/3292 4893/950/3292 4253/952/3292 2934/563/3292
f 4893/950/3293 4111/896/3293 3132/748/3293 4253/952/3293
f 4252/951/3294 3133/565/3294 4111/896/3294 4893/950/3294
f 2936/567/3295 4254/954/3295 4894/953/3295 4232/566/3295
f 4232/566/3296 4894/953/3296 4252/951/3296 2935/565/3296
f 4894/953/3297 4112/770/3297 3133/565/3297 4252/951/3297
f 4254/954/3298 3134/765/3298 4112/770/3298 4894/953/3298
f 2937/569/3299 4255/956/3299 4895/955/3299 4233/568/3299
f 4233/568/3300 4895/955/3300 4254/954/3300 2936/567/3300
f 4895/955/3301 4113/905/3301 3134/765/3301 4254/954/3301
f 4255/956/3302 3135/904/3302 4113/905/3302 4895/955/3302
f 2938/571/3303 4256/958/3303 4896/957/3303 4234/570/3303
f 4234/570/3304 4896/957/3304 4255/956/3304 2937/569/3304
f 4896/957/3305 4114/910/3305 3135/904/3305 4255/956/3305
f 4256/958/3306 3136/909/3306 4114/910/3306 4896/957/3306
f 2939/573/3307 4257/960/3307 4897/959/3307 4235/572/3307
f 4235/572/3308 4897/959/3308 4256/958/3308 2938/571/3308
f 4897/959/3309 4115/916/3309 3136/909/3309 4256/958/3309
f 4257/960/3310 3137/573/3310 4115/916/3310 4897/959/3310
f 2940/575/3311 4258/962/3311 4898/961/3311 4236/574/3311
f 4236/574/3312 4898/961/3312 4257/960/3312 2939/573/3312
f 4898/961/3313 4116/784/3313 3137/573/3313 4257/960/3313
f 4258/962/3314 3138/575/3314 4116/784/3314 4898/961/3314
f 2941/577/3315 4259/964/3315 4899/963/3315 4237/576/3315
f 4237/576/3316 4899/963/3316 4258/962/3316 2940/575/3316
f 4899/963/3317 4117/926/3317 3138/575/3317 4258/962/3317
f 4259/964/3318 3139/816/3318 4117/926/3318 4899/963/3318
f 2942/579/3319 4260/966/3319 4900/965/3319 4238/578/3319
f 4238/578/3320 4900/965/3320 4259/964/3320 2941/577/3320
f 4900/965/3321 4118/814/3321 3139/816/3321 4259/964/3321
f 4260/966/3322 3140/725/3322 4118/814/3322 4900/965/3322
f 2925/543/3323 4244/935/3323 4901/967/3323 4239/540/3323
f 4239/540/3324 4901/967/3324 4261/968/3324 2923/539/3324
f 4901/967/3325 4119/796/3325 3141/721/3325 4261/968/3325
f 4244/935/3326 3123/543/3326 4119/796/3326 4901/967/3326
f 2924/561/3327 4262/970/3327 4902/969/3327 4240/560/3327
f 4240/560/3328 4902/969/3328 4251/949/3328 2933/559/3328
f 4902/969/3329 4120/779/3329 3131/559/3329 4251/949/3329
f 4262/970/3330 3142/752/3330 4120/779/3330 4902/969/3330
f 2934/563/3331 4253/952/3331 4903/971/3331 4241/562/3331
f 4241/562/3332 4903/971/3332 4262/970/3332 2924/561/3332
f 4903/971/3333 4121/749/3333 3142/752/3333 4262/970/3333
f 4253/952/3334 3132/748/3334 4121/749/3334 4903/971/3334
f 2923/539/3335 4261/968/3335 4904/972/3335 4242/542/3335
f 4242/542/3336 4904/972/3336 4260/966/3336 2942/579/3336
f 4904/972/3337 4122/722/3337 3140/725/3337 4260/966/3337
f 4261/968/3338 3141/721/3338 4122/722/3338 4904/972/3338
f 2603/420/1711 4303/423/1711 4905/974/1711 4263/973/1711
f 4263/973/1710 4905/974/1710 4304/976/1710 2605/975/1710
f 4905/974/709 3203/424/709 3144/530/709 4304/976/709
f 4303/423/710 3143/420/710 3203/424/710 4905/974/710
f 2606/9/3339 4305/978/3339 4906/977/3339 4264/7/3339
f 4264/7/3340 4906/977/3340 4306/230/3340 2604/6/3340
f 4906/977/1711 3204/228/1711 3146/6/1711 4306/230/1711
f 4305/978/1710 3145/227/1710 3204/228/1710 4906/977/1710
f 2605/975/1715 4304/976/1715 4907/980/1715 4265/979/1715
f 4265/979/1714 4907/980/1714 4307/982/1714 2607/981/1714
f 4907/980/723 3207/376/723 3147/373/723 4307/982/723
f 4304/976/724 3144/530/724 3207/376/724 4907/980/724
f 2608/17/3341 4308/984/3341 4908/983/3341 4266/15/3341
f 4266/15/3342 4908/983/3342 4305/978/3342 2606/9/3342
f 4908/983/1715 3208/245/1715 3145/227/1715 4305/978/1715
f 4308/984/1714 3148/221/1714 3208/245/1714 4908/983/1714
f 2607/981/1719 4307/982/1719 4909/986/1719 4267/985/1719
f 4267/985/1718 4909/986/1718 4309/988/1718 2609/987/1718
f 4909/986/703 3210/410/703 3149/407/703 4309/988/703
f 4307/982/704 3147/373/704 3210/410/704 4909/986/704
f 2610/25/3343 4310/990/3343 4910/989/3343 4268/23/3343
f 4268/23/3344 4910/989/3344 4308/984/3344 2608/17/3344
f 4910/989/1719 3211/218/1719 3148/221/1719 4308/984/1719
f 4310/990/1718 3150/217/1718 3211/218/1718 4910/989/1718
f 2609/987/1723 4309/988/1723 4911/992/1723 4269/991/1723
f 4269/991/1722 4911/992/1722 4311/994/1722 2611/993/1722
f 4911/992/717 3213/463/717 3151/180/717 4311/994/717
f 4309/988/718 3149/407/718 3213/463/718 4911/992/718
f 2612/33/3345 4312/996/3345 4912/995/3345 4270/31/3345
f 4270/31/3346 4912/995/3346 4310/990/3346 2610/25/3346
f 4912/995/1723 3214/239/1723 3150/217/1723 4310/990/1723
f 4312/996/1722 3152/201/1722 3214/239/1722 4912/995/1722
f 2611/993/1727 4311/994/1727 4913/998/1727 4271/997/1727
f 4271/997/1726 4913/998/1726 4313/1000/1726 2613/999/1726
f 4913/998/693 3216/178/693 3153/177/693 4313/1000/693
f 4311/994/694 3151/180/694 3216/178/694 4913/998/694
f 2614/41/3347 4314/1002/3347 4914/1001/3347 4272/39/3347
f 4272/39/3348 4914/1001/3348 4312/996/3348 2612/33/3348
f 4914/1001/1727 3217/198/1727 3152/201/1727 4312/996/1727
f 4314/1002/1726 3154/197/1726 3217/198/1726 4914/1001/1726
f 2613/999/1731 4313/1000/1731 4915/1004/1731 4273/1003/1731
f 4273/1003/1730 4915/1004/1730 4315/1006/1730 2615/1005/1730
f 4915/1004/711 3219/443/711 3155/447/711 4315/1006/711
f 4313/1000/712 3153/177/712 3219/443/712 4915/1004/712
f 2616/49/3349 4316/1008/3349 4916/1007/3349 4274/47/3349
f 4274/47/3350 4916/1007/3350 4314/1002/3350 2614/41/3350
f 4916/1007/1731 3220/234/1731 3154/197/1731 4314/1002/1731
f 4316/1008/1730 3156/153/1730 3220/234/1730 4916/1007/1730
f 2615/1005/1735 4315/1006/1735 4917/1010/1735 4275/1009/1735
f 4275/1009/1734 4917/1010/1734 4317/1012/1734 2617/1011/1734
f 4917/1010/725 3222/475/725 3157/411/725 4317/1012/725
f 4315/1006/726 3155/447/726 3222/475/726 4917/1010/726
f 2618/57/3351 4318/1014/3351 4918/1013/3351 4276/55/3351
f 4276/55/3352 4918/1013/3352 4316/1008/3352 2616/49/3352
f 4918/1013/1735 3223/150/1735 3156/153/1735 4316/1008/1735
f 4318/1014/1734 3158/149/1734 3223/150/1734 4918/1013/1734
f 2617/1011/1739 4317/1012/1739 4919/1016/1739 4277/1015/1739
f 4277/1015/1738 4919/1016/1738 4319/1018/1738 2619/1017/1738
f 4919/1016/705 3225/419/705 3159/418/705 4319/1018/705
f 4317/1012/706 3157/411/706 3225/419/706 4919/1016/706
f 2620/65/3353 4320/1020/3353 4920/1019/3353 4278/63/3353
f 4278/63/3354 4920/1019/3354 4318/1014/3354 2618/57/3354
f 4920/1019/1739 3226/224/1739 3158/149/1739 4318/1014/1739
f 4320/1020/1738 3160/223/1738 3226/224/1738 4920/1019/1738
f 2619/1017/1743 4319/1018/1743 4921/1022/1743 4279/1021/1743
f 4279/1021/1742 4921/1022/1742 4321/1024/1742 2621/1023/1742
f 4921/1022/719 3228/467/719 3161/379/719 4321/1024/719
f 4319/1018/720 3159/418/720 3228/467/720 4921/1022/720
f 2622/73/3355 4322/1026/3355 4922/1025/3355 4280/71/3355
f 4280/71/3356 4922/1025/3356 4320/1020/3356 2620/65/3356
f 4922/1025/1743 3229/241/1743 3160/223/1743 4320/1020/1743
f 4322/1026/1742 3162/207/1742 3229/241/1742 4922/1025/1742
f 2621/1023/1747 4321/1024/1747 4923/1028/1747 4281/1027/1747
f 4281/1027/1746 4923/1028/1746 4323/1030/1746 2623/1029/1746
f 4923/1028/695 3231/380/695 3163/384/695 4323/1030/695
f 4321/1024/696 3161/379/696 3231/380/696 4923/1028/696
f 2624/81/3357 4324/1032/3357 4924/1031/3357 4282/79/3357
f 4282/79/3358 4924/1031/3358 4322/1026/3358 2622/73/3358
f 4924/1031/1747 3232/204/1747 3162/207/1747 4322/1026/1747
f 4324/1032/1746 3164/203/1746 3232/204/1746 4924/1031/1746
f 2623/1029/1671 4323/1030/1671 4925/1034/1671 4283/1033/1671
f 4283/1033/1670 4925/1034/1670 4325/1036/1670 2625/1035/1670
f 4925/1034/701 3234/454/701 3165/453/701 4325/1036/701
f 4323/1030/702 3163/384/702 3234/454/702 4925/1034/702
f 2626/89/3359 4326/1038/3359 4926/1037/3359 4284/87/3359
f 4284/87/3360 4926/1037/3360 4324/1032/3360 2624/81/3360
f 4926/1037/1671 3235/236/1671 3164/203/1671 4324/1032/1671
f 4326/1038/1670 3166/189/1670 3235/236/1670 4926/1037/1670
f 2625/1035/1675 4325/1036/1675 4927/1040/1675 4285/1039/1675
f 4285/1039/1674 4927/1040/1674 4327/1042/1674 2627/1041/1674
f 4927/1040/689 3237/478/689 3167/425/689 4327/1042/689
f 4325/1036/690 3165/453/690 3237/478/690 4927/1040/690
f 2628/97/3361 4328/1044/3361 4928/1043/3361 4286/95/3361
f 4286/95/3362 4928/1043/3362 4326/1038/3362 2626/89/3362
f 4928/1043/1675 3238/187/1675 3166/189/1675 4326/1038/1675
f 4328/1044/1674 3168/185/1674 3238/187/1674 4928/1043/1674
f 2627/1041/1679 4327/1042/1679 4929/1046/1679 4287/1045/1679
f 4287/1045/1678 4929/1046/1678 4329/1048/1678 2629/1047/1678
f 4929/1046/697 3240/432/697 3169/431/697 4329/1048/697
f 4327/1042/698 3167/425/698 3240/432/698 4929/1046/698
f 2630/105/3363 4330/1050/3363 4930/1049/3363 4288/103/3363
f 4288/103/3364 4930/1049/3364 4328/1044/3364 2628/97/3364
f 4930/1049/1679 3241/182/1679 3168/185/1679 4328/1044/1679
f 4330/1050/1678 3170/181/1678 3241/182/1678 4930/1049/1678
f 2629/1047/1683 4329/1048/1683 4931/1052/1683 4289/1051/1683
f 4289/1051/1682 4931/1052/1682 4331/1054/1682 2631/1053/1682
f 4931/1052/713 3243/468/713 3171/395/713 4331/1054/713
f 4329/1048/714 3169/431/714 3243/468/714 4931/1052/714
f 2632/113/3365 4332/1056/3365 4932/1055/3365 4290/111/3365
f 4290/111/3366 4932/1055/3366 4330/1050/3366 2630/105/3366
f 4932/1055/1683 3244/242/1683 3170/181/1683 4330/1050/1683
f 4332/1056/1682 3172/212/1682 3244/242/1682 4932/1055/1682
f 2631/1053/1687 4331/1054/1687 4933/1058/1687 4291/1057/1687
f 4291/1057/1686 4933/1058/1686 4333/1060/1686 2633/1059/1686
f 4933/1058/85 3246/393/85 3173/389/85 4333/1060/85
f 4331/1054/86 3171/395/86 3246/393/86 4933/1058/86
f 2634/121/3367 4334/1062/3367 4934/1061/3367 4292/119/3367
f 4292/119/3368 4934/1061/3368 4332/1056/3368 2632/113/3368
f 4934/1061/1687 3247/210/1687 3172/212/1687 4332/1056/1687
f 4334/1062/1686 3174/209/1686 3247/210/1686 4934/1061/1686
f 2633/1059/1691 4333/1060/1691 4935/1064/1691 4293/1063/1691
f 4293/1063/1690 4935/1064/1690 4335/1066/1690 2635/1065/1690
f 4935/1064/707 3249/455/707 3175/460/707 4335/1066/707
f 4333/1060/708 3173/389/708 3249/455/708 4935/1064/708
f 2636/129/3369 4336/1068/3369 4936/1067/3369 4294/127/3369
f 4294/127/3370 4936/1067/3370 4334/1062/3370 2634/121/3370
f 4936/1067/1691 3250/238/1691 3174/209/1691 4334/1062/1691
f 4336/1068/1690 3176/195/1690 3250/238/1690 4936/1067/1690
f 2635/1065/1695 4335/1066/1695 4937/1070/1695 4295/1069/1695
f 4295/1069/1694 4937/1070/1694 4337/1072/1694 2637/1071/1694
f 4937/1070/721 3252/479/721 3177/433/721 4337/1072/721
f 4335/1066/722 3175/460/722 3252/479/722 4937/1070/722
f 2638/137/3371 4338/1074/3371 4938/1073/3371 4296/135/3371
f 4296/135/3372 4938/1073/3372 4336/1068/3372 2636/129/3372
f 4938/1073/1695 3253/192/1695 3176/195/1695 4336/1068/1695
f 4338/1074/1694 3178/191/1694 3253/192/1694 4938/1073/1694
f 2637/1071/1699 4337/1072/1699 4939/1076/1699 4297/1075/1699
f 4297/1075/1698 4939/1076/1698 4339/1078/1698 2639/1077/1698
f 4939/1076/699 3255/434/699 3179/441/699 4339/1078/699
f 4337/1072/700 3177/433/700 3255/434/700 4939/1076/700
f 2640/145/3373 4340/1080/3373 4940/1079/3373 4298/143/3373
f 4298/143/3374 4940/1079/3374 4338/1074/3374 2638/137/3374
f 4940/1079/1699 3256/232/1699 3178/191/1699 4338/1074/1699
f 4340/1080/1698 3180/231/1698 3256/232/1698 4940/1079/1698
f 2639/1077/1703 4339/1078/1703 4941/1082/1703 4299/1081/1703
f 4299/1081/1702 4941/1082/1702 4341/1084/1702 2641/1083/1702
f 4941/1082/715 3258/472/715 3181/399/715 4341/1084/715
f 4339/1078/716 3179/441/716 3258/472/716 4941/1082/716
f 2642/159/3375 4342/1086/3375 4942/1085/3375 4300/157/3375
f 4300/157/3376 4942/1085/3376 4340/1080/3376 2640/145/3376
f 4942/1085/1703 3259/244/1703 3180/231/1703 4340/1080/1703
f 4342/1086/1702 3182/216/1702 3259/244/1702 4942/1085/1702
f 2641/1083/1707 4341/1084/1707 4943/1088/1707 4301/1087/1707
f 4301/1087/1706 4943/1088/1706 4303/401/1706 2603/400/1706
f 4943/1088/691 3261/403/691 3143/400/691 4303/401/691
f 4341/1084/692 3181/399/692 3261/403/692 4943/1088/692
f 2604/167/3377 4306/215/3377 4944/1089/3377 4302/165/3377
f 4302/165/3378 4944/1089/3378 4342/1086/3378 2642/159/3378
f 4944/1089/1707 3262/214/1707 3182/216/1707 4342/1086/1707
f 4306/215/1706 3146/167/1706 3262/214/1706 4944/1089/1706
f 4403/163/691 3205/169/691 4965/168/691 5004/166/691
f 3260/161/692 4403/163/692 5004/166/692 4984/160/692
f 4402/155/715 3260/161/715 4984/160/715 5003/158/715
f 3257/147/716 4402/155/716 5003/158/716 4983/146/716
f 4400/141/699 3257/147/699 4983/146/699 5002/144/699
f 3254/139/700 4400/141/700 5002/144/700 4982/138/700
f 4399/133/721 3254/139/721 4982/138/721 5001/136/721
f 3251/131/722 4399/133/722 5001/136/722 4981/130/722
f 4398/125/707 3251/131/707 4981/130/707 5000/128/707
f 3248/123/708 4398/125/708 5000/128/708 4980/122/708
f 4397/117/85 3248/123/85 4980/122/85 4999/120/85
f 3245/115/86 4397/117/86 4999/120/86 4979/114/86
f 4396/109/713 3245/115/713 4979/114/713 4998/112/713
f 3242/107/714 4396/109/714 4998/112/714 4978/106/714
f 4395/101/697 3242/107/697 4978/106/697 4997/104/697
f 3239/99/698 4395/101/698 4997/104/698 4977/98/698
f 4394/93/689 3239/99/689 4977/98/689 4996/96/689
f 3236/91/690 4394/93/690 4996/96/690 4976/90/690
f 4393/85/701 3236/91/701 4976/90/701 4995/88/701
f 3233/83/702 4393/85/702 4995/88/702 4975/82/702
f 4392/77/695 3233/83/695 4975/82/695 4994/80/695
f 3230/75/696 4392/77/696 4994/80/696 4974/74/696
f 4391/69/719 3230/75/719 4974/74/719 4993/72/719
f 3227/67/720 4391/69/720 4993/72/720 4973/66/720
f 4390/61/705 3227/67/705 4973/66/705 4992/64/705
f 3224/59/706 4390/61/706 4992/64/706 4972/58/706
f 4389/53/725 3224/59/725 4972/58/725 4991/56/725
f 3221/51/726 4389/53/726 4991/56/726 4971/50/726
f 4388/45/711 3221/51/711 4971/50/711 4990/48/711
f 3218/43/712 4388/45/712 4990/48/712 4970/42/712
f 4387/37/693 3218/43/693 4970/42/693 4989/40/693
f 3215/35/694 4387/37/694 4989/40/694 4969/34/694
f 4386/29/717 3215/35/717 4969/34/717 4988/32/717
f 3212/27/718 4386/29/718 4988/32/718 4968/26/718
f 4385/21/703 3212/27/703 4968/26/703 4987/24/703
f 3209/19/704 4385/21/704 4987/24/704 4967/18/704
f 4384/13/723 3209/19/723 4967/18/723 4986/16/723
f 3206/11/724 4384/13/724 4986/16/724 4966/10/724
f 4383/3/709 3206/11/709 4966/10/709 4985/8/709
f 3205/2/710 4383/3/710 4985/8/710 4965/5/710
f 4301/1087/1706 2603/400/1706 5005/170/1706 5044/164/1706
f 2641/1083/1707 4301/1087/1707 5044/164/1707 5024/162/1707
f 4299/1081/1702 2641/1083/1702 5024/162/1702 5043/156/1702
f 2639/1077/1703 4299/1081/1703 5043/156/1703 5023/148/1703
f 4297/1075/1698 2639/1077/1698 5023/148/1698 5042/142/1698
f 2637/1071/1699 4297/1075/1699 5042/142/1699 5022/140/1699
f 4295/1069/1694 2637/1071/1694 5022/140/1694 5041/134/1694
f 2635/1065/1695 4295/1069/1695 5041/134/1695 5021/132/1695
f 4293/1063/1690 2635/1065/1690 5021/132/1690 5040/126/1690
f 2633/1059/1691 4293/1063/1691 5040/126/1691 5020/124/1691
f 4291/1057/1686 2633/1059/1686 5020/124/1686 5039/118/1686
f 2631/1053/1687 4291/1057/1687 5039/118/1687 5019/116/1687
f 4289/1051/1682 2631/1053/1682 5019/116/1682 5038/110/1682
f 2629/1047/1683 4289/1051/1683 5038/110/1683 5018/108/1683
f 4287/1045/1678 2629/1047/1678 5018/108/1678 5037/102/1678
f 2627/1041/1679 4287/1045/1679 5037/102/1679 5017/100/1679
f 4285/1039/1674 2627/1041/1674 5017/100/1674 5036/94/1674
f 2625/1035/1675 4285/1039/1675 5036/94/1675 5016/92/1675
f 4283/1033/1670 2625/1035/1670 5016/92/1670 5035/86/1670
f 2623/1029/1671 4283/1033/1671 5035/86/1671 5015/84/1671
f 4281/1027/1746 2623/1029/1746 5015/84/1746 5034/78/1746
f 2621/1023/1747 4281/1027/1747 5034/78/1747 5014/76/1747
f 4279/1021/1742 2621/1023/1742 5014/76/1742 5033/70/1742
f 2619/1017/1743 4279/1021/1743 5033/70/1743 5013/68/1743
f 4277/1015/1738 2619/1017/1738 5013/68/1738 5032/62/1738
f 2617/1011/1739 4277/1015/1739 5032/62/1739 5012/60/1739
f 4275/1009/1734 2617/1011/1734 5012/60/1734 5031/54/1734
f 2615/1005/1735 4275/1009/1735 5031/54/1735 5011/52/1735
f 4273/1003/1730 2615/1005/1730 5011/52/1730 5030/46/1730
f 2613/999/1731 4273/1003/1731 5030/46/1731 5010/44/1731
f 4271/997/1726 2613/999/1726 5010/44/1726 5029/38/1726
f 2611/993/1727 4271/997/1727 5029/38/1727 5009/36/1727
f 4269/991/1722 2611/993/1722 5009/36/1722 5028/30/1722
f 2609/987/1723 4269/991/1723 5028/30/1723 5008/28/1723
f 4267/985/1718 2609/987/1718 5008/28/1718 5027/22/1718
f 2607/981/1719 4267/985/1719 5027/22/1719 5007/20/1719
f 4265/979/1714 2607/981/1714 5007/20/1714 5026/14/1714
f 2605/975/1715 4265/979/1715 5026/14/1715 5006/12/1715
f 4263/973/1710 2605/975/1710 5006/12/1710 5025/4/1710
f 2603/420/1711 4263/973/1711 5025/4/1711 5005/1/1711
f 3252/479/28 5084/479/28 5061/433/28 3177/433/28
f 3175/460/25 5064/457/25 5084/479/25 3252/479/25
f 3237/478/8 5083/476/8 5059/425/8 3167/425/8
f 3165/453/5 5063/450/5 5083/476/5 3237/478/5
f 3222/475/68 5082/473/68 5056/411/68 3157/411/68
f 3155/447/65 5062/444/65 5082/473/65 3222/475/65
f 3207/376/48 5081/375/48 5054/405/48 3147/373/48
f 3144/530/45 5057/369/45 5081/375/45 3207/376/45
f 3258/472/36 5080/470/36 5052/396/36 3181/399/36
f 3179/441/33 5060/437/33 5080/470/33 3258/472/33
f 3243/468/16 5079/468/16 5050/385/16 3171/395/16
f 3169/431/13 5058/428/13 5079/468/13 3243/468/13
f 3228/467/80 5078/464/80 5048/379/80 3161/379/80
f 3159/418/77 5055/415/77 5078/464/77 3228/467/77
f 3213/463/56 5077/461/56 5046/171/56 3151/180/56
f 3149/407/53 5053/407/53 5077/461/53 3213/463/53
f 3249/455/24 5076/455/24 5064/457/24 3175/460/24
f 3173/389/21 5049/389/21 5076/455/21 3249/455/21
f 3234/454/4 5075/448/4 5063/450/4 3165/453/4
f 3163/384/1 5047/382/1 5075/448/1 3234/454/1
f 3219/443/64 5074/442/64 5062/444/64 3155/447/64
f 3153/177/61 5045/175/61 5074/442/61 3219/443/61
f 3255/434/32 5073/434/32 5060/437/32 3179/441/32
f 3177/433/29 5061/433/29 5073/434/29 3255/434/29
f 3240/432/12 5072/426/12 5058/428/12 3169/431/12
f 3167/425/9 5059/425/9 5072/426/9 3240/432/9
f 3203/424/44 5071/421/44 5057/369/44 3144/530/44
f 3143/420/41 5051/420/41 5071/421/41 3203/424/41
f 3225/419/72 5070/412/72 5055/415/72 3159/418/72
f 3157/411/69 5056/411/69 5070/412/69 3225/419/69
f 3210/410/52 5069/406/52 5053/407/52 3149/407/52
f 3147/373/49 5054/405/49 5069/406/49 3210/410/49
f 3261/403/40 5068/397/40 5051/400/40 3143/400/40
f 3181/399/37 5052/396/37 5068/397/37 3261/403/37
f 3246/393/20 5067/386/20 5049/389/20 3173/389/20
f 3171/395/17 5050/385/17 5067/386/17 3246/393/17
f 3231/380/84 5066/380/84 5047/382/84 3163/384/84
f 3161/379/81 5048/379/81 5066/380/81 3231/380/81
f 3216/178/60 5065/172/60 5045/175/60 3153/177/60
f 3151/180/57 5046/171/57 5065/172/57 3216/178/57
f 3742/458/722 5104/459/722 5124/480/722 4644/479/722
f 4644/479/721 5124/480/721 5101/433/721 3739/436/721
f 3741/451/690 5103/452/690 5123/476/690 4643/477/690
f 4643/477/689 5123/476/689 5099/425/689 3737/427/689
f 3740/444/726 5102/446/726 5122/475/726 4642/474/726
f 4642/474/725 5122/475/725 5096/411/725 3734/414/725
f 3735/378/724 5097/378/724 5121/376/724 4641/371/724
f 4641/371/723 5121/376/723 5094/405/723 3732/374/723
f 3738/438/716 5100/440/716 5120/470/716 4640/471/716
f 4640/471/715 5120/470/715 5092/404/715 3730/399/715
f 3736/429/714 5098/430/714 5119/468/714 4639/469/714
f 4639/469/713 5119/468/713 5090/394/713 3728/388/713
f 3733/416/720 5095/418/720 5118/466/720 4638/465/720
f 4638/465/719 5118/466/719 5088/379/719 3726/381/719
f 3731/408/718 5093/407/718 5117/462/718 4637/461/718
f 4637/461/717 5117/462/717 5086/179/717 3724/174/717
f 3727/390/708 5089/392/708 5116/455/708 4636/456/708
f 4636/456/707 5116/455/707 5104/459/707 3742/458/707
f 3725/383/702 5087/382/702 5115/449/702 4635/449/702
f 4635/449/701 5115/449/701 5103/452/701 3741/451/701
f 3723/176/712 5085/177/712 5114/445/712 4634/443/712
f 4634/443/711 5114/445/711 5102/446/711 3740/444/711
f 3739/436/700 5101/433/700 5113/439/700 4633/435/700
f 4633/435/699 5113/439/699 5100/440/699 3738/438/699
f 3737/427/698 5099/425/698 5112/426/698 4632/426/698
f 4632/426/697 5112/426/697 5098/430/697 3736/429/697
f 3729/423/710 5091/420/710 5111/422/710 4631/422/710
f 4631/422/709 5111/422/709 5097/378/709 3735/378/709
f 3734/414/706 5096/411/706 5110/417/706 4630/413/706
f 4630/413/705 5110/417/705 5095/418/705 3733/416/705
f 3732/374/704 5094/405/704 5109/409/704 4629/406/704
f 4629/406/703 5109/409/703 5093/407/703 3731/408/703
f 3730/399/692 5092/404/692 5108/402/692 4628/398/692
f 4628/398/691 5108/402/691 5091/400/691 3729/401/691
f 3728/388/86 5090/394/86 5107/391/86 4627/387/86
f 4627/387/85 5107/391/85 5089/392/85 3727/390/85
f 3726/381/696 5088/379/696 5106/380/696 4626/380/696
f 4626/380/695 5106/380/695 5087/382/695 3725/383/695
f 3724/174/694 5086/179/694 5105/173/694 4404/173/694
f 4404/173/693 5105/173/693 5085/177/693 3723/176/693
f 3711/467/719 5164/465/719 5130/379/719 2872/379/719
f 2871/418/720 5144/418/720 5164/465/720 3711/467/720
f 3718/455/707 5163/455/707 5128/481/707 2879/460/707
f 2878/389/708 5143/511/708 5163/455/708 3718/455/708
f 3703/424/709 5162/422/709 5126/369/709 2864/378/709
f 2863/420/710 5138/514/710 5162/422/710 3703/424/710
f 3710/419/705 5161/417/705 5144/418/705 2871/418/705
f 2870/411/706 5142/411/706 5161/417/706 3710/419/706
f 3717/393/85 5160/393/85 5143/511/85 2878/389/85
f 2877/395/86 5141/508/86 5160/393/86 3717/393/86
f 3709/475/725 5159/475/725 5142/411/725 2870/411/725
f 2869/447/726 5140/505/726 5159/475/726 3709/475/726
f 3716/468/713 5158/468/713 5141/508/713 2877/395/713
f 2876/431/714 5139/504/714 5158/468/714 3716/468/714
f 3708/443/711 5157/443/711 5140/505/711 2869/447/711
f 2868/177/712 5137/500/712 5157/443/712 3708/443/712
f 3715/432/697 5156/426/697 5139/504/697 2876/431/697
f 2875/425/698 5136/497/698 5156/426/698 3715/432/698
f 3722/403/691 5155/403/691 5138/502/691 2863/400/691
f 2882/399/692 5135/492/692 5155/403/692 3722/403/692
f 3707/178/693 5154/173/693 5137/500/693 2868/177/693
f 2867/180/694 5134/171/694 5154/173/694 3707/178/694
f 3714/478/689 5153/496/689 5136/497/689 2875/425/689
f 2874/453/690 5133/452/690 5153/496/690 3714/478/690
f 3721/472/715 5152/491/715 5135/492/715 2882/399/715
f 2881/441/716 5132/441/716 5152/491/716 3721/472/716
f 3706/463/717 5151/461/717 5134/171/717 2867/180/717
f 2866/407/718 5131/489/718 5151/461/718 3706/463/718
f 3713/454/701 5150/449/701 5133/452/701 2874/453/701
f 2873/384/702 5129/486/702 5150/449/702 3713/454/702
f 3720/434/699 5149/490/699 5132/441/699 2881/441/699
f 2880/433/700 5127/482/700 5149/490/700 3720/434/700
f 3705/410/703 5148/410/703 5131/489/703 2866/407/703
f 2865/373/704 5125/373/704 5148/410/704 3705/410/704
f 3712/380/695 5147/485/695 5129/486/695 2873/384/695
f 2872/379/696 5130/379/696 5147/485/696 3712/380/696
f 3719/479/721 5146/479/721 5127/482/721 2880/433/721
f 2879/460/722 5128/481/722 5146/479/722 3719/479/722
f 3704/376/723 5145/370/723 5125/373/723 2865/373/723
f 2864/378/724 5126/369/724 5145/370/724 3704/376/724
f 3782/416/77 5184/418/77 5204/464/77 4664/465/77
f 4664/465/80 5204/464/80 5170/488/80 3768/381/80
f 3781/390/21 5183/389/21 5203/455/21 4663/456/21
f 4663/456/24 5203/455/24 5168/484/24 3766/458/24
f 3776/423/41 5178/420/41 5202/422/41 4662/422/41
f 4662/422/44 5202/422/44 5166/377/44 3764/372/44
f 3780/414/69 5182/411/69 5201/513/69 4661/413/69
f 4661/413/72 5201/513/72 5184/418/72 3782/416/72
f 3779/388/17 5181/509/17 5200/512/17 4660/387/17
f 4660/387/20 5200/512/20 5183/389/20 3781/390/20
f 3778/444/65 5180/507/65 5199/510/65 4659/474/65
f 4659/474/68 5199/510/68 5182/411/68 3780/414/68
f 3777/429/13 5179/430/13 5198/468/13 4658/469/13
f 4658/469/16 5198/468/16 5181/509/16 3779/388/16
f 3775/176/61 5177/175/61 5197/506/61 4657/443/61
f 4657/443/64 5197/506/64 5180/507/64 3778/444/64
f 3774/427/9 5176/499/9 5196/426/9 4656/426/9
f 4656/426/12 5196/426/12 5179/430/12 3777/429/12
f 3773/493/37 5175/495/37 5195/503/37 4655/398/37
f 4655/398/40 5195/503/40 5178/400/40 3776/401/40
f 3772/174/57 5174/171/57 5194/501/57 4654/173/57
f 4654/173/60 5194/501/60 5177/175/60 3775/176/60
f 3771/451/5 5173/452/5 5193/498/5 4653/477/5
f 4653/477/8 5193/498/8 5176/499/8 3774/427/8
f 3770/438/33 5172/441/33 5192/494/33 4652/471/33
f 4652/471/36 5192/494/36 5175/495/36 3773/493/36
f 3769/408/53 5171/489/53 5191/461/53 4651/461/53
f 4651/461/56 5191/461/56 5174/171/56 3772/174/56
f 3767/383/1 5169/382/1 5190/454/1 4650/449/1
f 4650/449/4 5190/454/4 5173/452/4 3771/451/4
f 3765/436/29 5167/483/29 5189/434/29 4649/435/29
f 4649/435/32 5189/434/32 5172/441/32 3770/438/32
f 3763/374/49 5165/373/49 5188/406/49 4648/406/49
f 4648/406/52 5188/406/52 5171/489/52 3769/408/52
f 3768/381/81 5170/488/81 5187/487/81 4647/380/81
f 4647/380/84 5187/487/84 5169/382/84 3767/383/84
f 3766/458/25 5168/484/25 5186/480/25 4646/479/25
f 4646/479/28 5186/480/28 5167/483/28 3765/436/28
f 3764/372/45 5166/377/45 5185/375/45 4625/371/45
f 4625/371/48 5185/375/48 5165/373/48 3763/374/48
usemtl Material.008
f 212/189/533 991/236/533 1963/237/533 1042/190/533
f 991/236/534 211/203/534 1041/206/534 1963/237/534
f 1963/237/535 1041/206/535 231/203/535 1031/236/535
f 1042/190/536 1963/237/536 1031/236/536 232/189/536
f 362/247/497 1318/248/497 1983/249/497 1280/250/497
f 1318/248/498 361/251/498 1081/149/498 1983/249/498
f 1983/249/498 1081/149/498 348/252/498 1068/253/498
f 1280/250/497 1983/249/497 1068/253/497 349/247/497
f 205/201/613 984/239/613 1984/240/613 1044/202/613
f 984/239/614 204/217/614 1043/220/614 1984/240/614
f 1984/240/615 1043/220/615 224/217/615 1024/239/615
f 1044/202/616 1984/240/616 1024/239/616 225/201/616
f 220/216/617 999/244/617 1985/244/617 1046/246/617
f 999/244/618 219/231/618 1045/233/618 1985/244/618
f 1985/244/619 1045/233/619 239/231/619 1039/244/619
f 1046/246/620 1985/244/620 1039/244/620 240/254/620
f 213/185/621 992/187/621 1986/188/621 1047/186/621
f 992/187/622 212/189/622 1042/190/622 1986/188/622
f 1986/188/623 1042/190/623 232/189/623 1032/187/623
f 1047/186/624 1986/188/624 1032/187/624 233/185/624
f 206/197/625 985/198/625 1987/199/625 1048/200/625
f 985/198/626 205/201/626 1044/202/626 1987/199/626
f 1987/199/627 1044/202/627 225/201/627 1025/198/627
f 1048/200/628 1987/199/628 1025/198/628 226/197/628
f 201/167/629 1000/214/629 1988/214/629 1049/215/629
f 1000/214/630 220/216/630 1046/246/630 1988/214/630
f 1988/214/631 1046/246/631 240/254/631 1040/255/631
f 1049/215/632 1988/214/632 1040/255/632 221/167/632
f 214/181/633 993/182/633 1989/183/633 1050/184/633
f 993/182/634 213/185/634 1047/186/634 1989/183/634
f 1989/183/635 1047/186/635 233/185/635 1033/182/635
f 1050/184/636 1989/183/636 1033/182/636 234/181/636
f 207/153/637 986/234/637 1990/235/637 1051/154/637
f 986/234/638 206/197/638 1048/200/638 1990/235/638
f 1990/235/639 1048/200/639 226/197/639 1026/234/639
f 1051/154/640 1990/235/640 1026/234/640 227/153/640
f 215/212/641 994/242/641 1991/243/641 1052/213/641
f 994/242/642 214/181/642 1050/184/642 1991/243/642
f 1991/243/643 1050/184/643 234/181/643 1034/242/643
f 1052/213/644 1991/243/644 1034/242/644 235/212/644
f 208/149/645 987/150/645 1992/151/645 1053/152/645
f 987/150/646 207/153/646 1051/154/646 1992/151/646
f 1992/151/647 1051/154/647 227/153/647 1027/150/647
f 1053/152/648 1992/151/648 1027/150/648 228/149/648
f 216/209/649 995/210/649 1993/210/649 1054/211/649
f 995/210/650 215/212/650 1052/213/650 1993/210/650
f 1993/210/651 1052/213/651 235/212/651 1035/210/651
f 1054/211/652 1993/210/652 1035/210/652 236/209/652
f 209/223/653 988/224/653 1994/225/653 1055/226/653
f 988/224/654 208/149/654 1053/152/654 1994/225/654
f 1994/225/655 1053/152/655 228/149/655 1028/224/655
f 1055/226/656 1994/225/656 1028/224/656 229/223/656
f 202/227/657 981/228/657 1995/228/657 1056/229/657
f 981/228/658 201/6/658 1049/230/658 1995/228/658
f 1995/228/659 1049/230/659 221/6/659 1021/228/659
f 1056/229/660 1995/228/660 1021/228/660 222/227/660
f 217/195/661 996/238/661 1996/238/661 1057/196/661
f 996/238/662 216/209/662 1054/211/662 1996/238/662
f 1996/238/663 1054/211/663 236/209/663 1036/256/663
f 1057/196/664 1996/238/664 1036/256/664 237/257/664
f 210/207/665 989/241/665 1997/241/665 1058/208/665
f 989/241/666 209/223/666 1055/226/666 1997/241/666
f 1997/241/667 1055/226/667 229/223/667 1029/241/667
f 1058/208/668 1997/241/668 1029/241/668 230/207/668
f 203/221/669 982/245/669 1998/245/669 1059/222/669
f 982/245/670 202/227/670 1056/229/670 1998/245/670
f 1998/245/671 1056/229/671 222/227/671 1022/245/671
f 1059/222/672 1998/245/672 1022/245/672 223/221/672
f 218/191/673 997/192/673 1999/193/673 1060/194/673
f 997/192/674 217/195/674 1057/196/674 1999/193/674
f 1999/193/675 1057/196/675 237/257/675 1037/192/675
f 1060/194/676 1999/193/676 1037/192/676 238/191/676
f 211/203/677 990/204/677 2000/205/677 1041/206/677
f 990/204/678 210/207/678 1058/208/678 2000/205/678
f 2000/205/679 1058/208/679 230/207/679 1030/204/679
f 1041/206/680 2000/205/680 1030/204/680 231/203/680
f 204/217/681 983/218/681 2001/219/681 1043/220/681
f 983/218/682 203/221/682 1059/222/682 2001/219/682
f 2001/219/683 1059/222/683 223/221/683 1023/218/683
f 1043/220/684 2001/219/684 1023/218/684 224/217/684
f 219/231/685 998/232/685 2002/232/685 1045/233/685
f 998/232/686 218/191/686 1060/194/686 2002/232/686
f 2002/232/687 1060/194/687 238/191/687 1038/232/687
f 1045/233/688 2002/232/688 1038/232/688 239/231/688
f 242/258/486 1741/259/486 2003/260/486 1742/261/486
f 241/262/486 1760/263/486 2003/260/486 1741/259/486
f 260/264/486 1759/265/486 2003/260/486 1760/263/486
f 259/266/486 1758/267/486 2003/260/486 1759/265/486
f 258/268/486 1757/269/486 2003/260/486 1758/267/486
f 257/270/486 1756/271/486 2003/260/486 1757/269/486
f 256/272/486 1755/273/486 2003/260/486 1756/271/486
f 255/274/486 1754/275/486 2003/260/486 1755/273/486
f 254/276/486 1753/277/486 2003/260/486 1754/275/486
f 253/278/486 1752/279/486 2003/260/486 1753/277/486
f 252/280/486 1751/281/486 2003/260/486 1752/279/486
f 251/282/486 1750/283/486 2003/260/486 1751/281/486
f 250/284/486 1749/285/486 2003/260/486 1750/283/486
f 249/286/486 1748/287/486 2003/260/486 1749/285/486
f 248/288/486 1747/289/486 2003/260/486 1748/287/486
f 247/290/486 1746/291/486 2003/260/486 1747/289/486
f 246/292/486 1745/293/486 2003/260/486 1746/291/486
f 245/294/486 1744/295/486 2003/260/486 1745/293/486
f 244/296/486 1743/297/486 2003/260/486 1744/295/486
f 243/298/486 1742/261/486 2003/260/486 1743/297/486
f 364/227/499 1317/228/499 2004/299/499 1282/300/499
f 1317/228/500 363/6/500 1083/230/500 2004/299/500
f 2004/299/500 1083/230/500 342/230/500 1061/301/500
f 1282/300/499 2004/299/499 1061/301/499 341/302/499
f 366/195/501 1316/303/501 2005/303/501 1284/257/501
f 1316/303/502 365/304/502 1085/305/502 2005/303/502
f 2005/303/502 1085/305/502 356/306/502 1076/307/502
f 1284/257/501 2005/303/501 1076/307/501 357/195/501
f 367/308/503 1315/309/503 2006/310/503 1285/311/503
f 1315/309/504 362/247/504 1280/250/504 2006/310/504
f 2006/310/504 1280/250/504 349/247/504 1069/312/504
f 1285/311/503 2006/310/503 1069/312/503 350/207/503
f 368/313/506 1314/314/506 2007/315/506 1286/316/506
f 1314/314/507 364/227/507 1282/300/507 2007/315/507
f 2007/315/507 1282/300/507 341/302/507 1062/317/507
f 1286/316/506 2007/315/506 1062/317/506 343/318/506
f 369/319/509 1313/320/509 2008/321/509 1287/191/509
f 1313/320/510 366/195/510 1284/257/510 2008/321/510
f 2008/321/510 1284/257/510 357/195/510 1077/322/510
f 1287/191/509 2008/321/509 1077/322/509 358/319/509
f 370/323/511 1312/324/511 2009/325/511 1288/323/511
f 1312/324/512 367/308/512 1285/311/512 2009/325/512
f 2009/325/512 1285/311/512 350/207/512 1070/205/512
f 1288/323/511 2009/325/511 1070/205/511 351/203/511
f 371/326/513 1311/327/513 2010/327/513 1289/326/513
f 1311/327/514 368/313/514 1286/316/514 2010/327/514
f 2010/327/514 1286/316/514 343/318/514 1063/328/514
f 1289/326/513 2010/327/513 1063/328/513 344/329/513
f 372/330/515 1310/331/515 2011/332/515 1290/231/515
f 1310/331/516 369/319/516 1287/191/516 2011/332/516
f 2011/332/516 1287/191/516 358/319/516 1078/232/516
f 1290/231/515 2011/332/515 1078/232/515 359/330/515
f 373/189/517 1309/333/517 2012/334/517 1291/335/517
f 1309/333/518 370/323/518 1288/323/518 2012/334/518
f 2012/334/518 1288/323/518 351/203/518 1071/236/518
f 1291/335/517 2012/334/517 1071/236/517 352/336/517
f 374/337/519 1308/338/519 2013/339/519 1292/340/519
f 1308/338/520 371/326/520 1289/326/520 2013/339/520
f 2013/339/520 1289/326/520 344/329/520 1064/240/520
f 1292/340/519 2013/339/519 1064/240/519 345/340/519
f 375/216/521 1307/341/521 2014/342/521 1293/343/521
f 1307/341/522 372/330/522 1290/231/522 2014/342/522
f 2014/342/522 1290/231/522 359/330/522 1079/244/522
f 1293/343/521 2014/342/521 1079/244/521 360/216/521
f 376/344/524 1306/345/524 2015/346/524 1294/344/524
f 1306/345/525 373/189/525 1291/335/525 2015/346/525
f 2015/346/525 1291/335/525 352/336/525 1072/188/525
f 1294/344/524 2015/346/524 1072/188/524 353/347/524
f 377/197/527 1305/348/527 2016/348/527 1295/349/527
f 1305/348/528 374/337/528 1292/340/528 2016/348/528
f 2016/348/528 1292/340/528 345/340/528 1065/199/528
f 1295/349/527 2016/348/527 1065/199/527 346/349/527
f 363/167/484 1304/255/484 2017/350/484 1083/215/484
f 1304/255/485 375/216/485 1293/343/485 2017/350/485
f 2017/350/485 1293/343/485 360/216/485 1080/351/485
f 1083/215/484 2017/350/484 1080/351/484 342/215/484
f 378/352/487 1303/353/487 2018/354/487 1296/355/487
f 1303/353/488 376/344/488 1294/344/488 2018/354/488
f 2018/354/488 1294/344/488 353/347/488 1073/356/488
f 1296/355/487 2018/354/487 1073/356/487 354/352/487
f 379/357/489 1302/358/489 2019/358/489 1297/359/489
f 1302/358/490 377/197/490 1295/349/490 2019/358/490
f 2019/358/490 1295/349/490 346/349/490 1066/234/490
f 1297/359/489 2019/358/489 1066/234/489 347/360/489
f 380/361/491 1301/362/491 2020/363/491 1298/212/491
f 1301/362/492 378/352/492 1296/355/492 2020/363/492
f 2020/363/492 1296/355/492 354/352/492 1074/242/492
f 1298/212/491 2020/363/491 1074/242/491 355/364/491
f 361/251/493 1300/365/493 2021/366/493 1081/149/493
f 1300/365/494 379/357/494 1297/359/494 2021/366/494
f 2021/366/494 1297/359/494 347/360/494 1067/151/494
f 1081/149/493 2021/366/493 1067/151/493 348/252/493
f 365/304/495 1299/367/495 2022/368/495 1085/305/495
f 1299/367/496 380/361/496 1298/212/496 2022/368/496
f 2022/368/496 1298/212/496 355/364/496 1075/210/496
f 1085/305/495 2022/368/495 1075/210/495 356/306/495
f 582/580/870 1239/581/870 2103/582/870 1259/583/870
f 1239/581/871 581/584/871 1260/585/871 2103/582/871
f 2103/582/872 1260/585/872 341/586/872 1061/587/872
f 1259/583/873 2103/582/873 1061/587/873 342/588/873
f 581/584/874 1240/589/874 2104/590/874 1260/585/874
f 1240/589/875 583/591/875 1261/592/875 2104/590/875
f 2104/590/876 1261/592/876 343/593/876 1062/594/876
f 1260/585/877 2104/590/877 1062/594/877 341/586/877
f 583/591/878 1241/595/878 2105/596/878 1261/592/878
f 1241/595/879 584/597/879 1262/598/879 2105/596/879
f 2105/596/880 1262/598/880 344/599/880 1063/600/880
f 1261/592/881 2105/596/881 1063/600/881 343/593/881
f 584/597/882 1242/601/882 2106/602/882 1262/598/882
f 1242/601/883 585/603/883 1263/604/883 2106/602/883
f 2106/602/884 1263/604/884 345/605/884 1064/606/884
f 1262/598/885 2106/602/885 1064/606/885 344/599/885
f 585/603/886 1243/607/886 2107/608/886 1263/604/886
f 1243/607/887 586/609/887 1264/610/887 2107/608/887
f 2107/608/888 1264/610/888 346/611/888 1065/612/888
f 1263/604/889 2107/608/889 1065/612/889 345/605/889
f 586/609/890 1244/613/890 2108/614/890 1264/610/890
f 1244/613/891 587/615/891 1265/616/891 2108/614/891
f 2108/614/892 1265/616/892 347/617/892 1066/618/892
f 1264/610/893 2108/614/893 1066/618/893 346/611/893
f 587/615/894 1245/619/894 2109/620/894 1265/616/894
f 1245/619/895 588/621/895 1266/622/895 2109/620/895
f 2109/620/896 1266/622/896 348/623/896 1067/624/896
f 1265/616/897 2109/620/897 1067/624/897 347/617/897
f 588/621/898 1246/625/898 2110/626/898 1266/622/898
f 1246/625/899 589/627/899 1267/628/899 2110/626/899
f 2110/626/900 1267/628/900 349/629/900 1068/630/900
f 1266/622/901 2110/626/901 1068/630/901 348/623/901
f 589/627/902 1247/631/902 2111/632/902 1267/628/902
f 1247/631/903 590/633/903 1268/634/903 2111/632/903
f 2111/632/904 1268/634/904 350/635/904 1069/636/904
f 1267/628/905 2111/632/905 1069/636/905 349/629/905
f 590/633/906 1248/637/906 2112/638/906 1268/634/906
f 1248/637/907 591/639/907 1269/640/907 2112/638/907
f 2112/638/908 1269/640/908 351/641/908 1070/642/908
f 1268/634/909 2112/638/909 1070/642/909 350/635/909
f 591/639/910 1249/643/910 2113/644/910 1269/640/910
f 1249/643/911 592/645/911 1270/646/911 2113/644/911
f 2113/644/912 1270/646/912 352/647/912 1071/648/912
f 1269/640/913 2113/644/913 1071/648/913 351/641/913
f 592/645/914 1250/649/914 2114/650/914 1270/646/914
f 1250/649/915 593/651/915 1271/652/915 2114/650/915
f 2114/650/916 1271/652/916 353/653/916 1072/654/916
f 1270/646/917 2114/650/917 1072/654/917 352/647/917
f 593/651/918 1251/655/918 2115/656/918 1271/652/918
f 1251/655/919 594/657/919 1272/658/919 2115/656/919
f 2115/656/920 1272/658/920 354/659/920 1073/660/920
f 1271/652/921 2115/656/921 1073/660/921 353/653/921
f 594/657/922 1252/661/922 2116/662/922 1272/658/922
f 1252/661/923 595/663/923 1273/664/923 2116/662/923
f 2116/662/924 1273/664/924 355/665/924 1074/666/924
f 1272/658/925 2116/662/925 1074/666/925 354/659/925
f 595/663/926 1253/667/926 2117/668/926 1273/664/926
f 1253/667/927 596/669/927 1274/670/927 2117/668/927
f 2117/668/928 1274/670/928 356/671/928 1075/672/928
f 1273/664/929 2117/668/929 1075/672/929 355/665/929
f 596/669/930 1254/673/930 2118/674/930 1274/670/930
f 1254/673/931 597/675/931 1275/676/931 2118/674/931
f 2118/674/932 1275/676/932 357/677/932 1076/678/932
f 1274/670/933 2118/674/933 1076/678/933 356/671/933
f 597/675/934 1255/679/934 2119/680/934 1275/676/934
f 1255/679/935 598/681/935 1276/682/935 2119/680/935
f 2119/680/936 1276/682/936 358/683/936 1077/684/936
f 1275/676/937 2119/680/937 1077/684/937 357/677/937
f 598/681/938 1256/685/938 2120/686/938 1276/682/938
f 1256/685/939 599/687/939 1277/688/939 2120/686/939
f 2120/686/940 1277/688/940 359/689/940 1078/690/940
f 1276/682/941 2120/686/941 1078/690/941 358/683/941
f 599/687/942 1257/691/942 2121/692/942 1277/688/942
f 1257/691/943 600/693/943 1278/694/943 2121/692/943
f 2121/692/944 1278/694/944 360/695/944 1079/696/944
f 1277/688/945 2121/692/945 1079/696/945 359/689/945
f 600/693/946 1258/697/946 2122/698/946 1278/694/946
f 1258/697/947 582/580/947 1259/583/947 2122/698/947
f 2122/698/948 1259/583/948 342/588/948 1080/699/948
f 1278/694/949 2122/698/949 1080/699/949 360/695/949
f 236/209/950 1035/210/950 2123/210/950 1283/211/950
f 1035/210/951 235/212/951 1100/700/951 2123/210/951
f 2123/210/952 1100/700/952 380/361/952 1299/367/952
f 1283/211/953 2123/210/953 1299/367/953 365/304/953
f 228/149/954 1027/150/954 2124/701/954 1279/152/954
f 1027/150/955 227/153/955 1099/154/955 2124/701/955
f 2124/701/956 1099/154/956 379/357/956 1300/365/956
f 1279/152/957 2124/701/957 1300/365/957 361/251/957
f 235/212/958 1034/242/958 2125/242/958 1100/700/958
f 1034/242/959 234/181/959 1098/184/959 2125/242/959
f 2125/242/960 1098/184/960 378/352/960 1301/362/960
f 1100/700/961 2125/242/961 1301/362/961 380/361/961
f 227/153/962 1026/234/962 2126/235/962 1099/154/962
f 1026/234/963 226/197/963 1097/200/963 2126/235/963
f 2126/235/964 1097/200/964 377/197/964 1302/358/964
f 1099/154/965 2126/235/965 1302/358/965 379/357/965
f 234/181/966 1033/182/966 2127/183/966 1098/184/966
f 1033/182/967 233/185/967 1096/186/967 2127/183/967
f 2127/183/968 1096/186/968 376/344/968 1303/353/968
f 1098/184/969 2127/183/969 1303/353/969 378/352/969
f 221/167/970 1040/255/970 2128/255/970 1281/215/970
f 1040/255/971 240/254/971 1095/254/971 2128/255/971
f 2128/255/972 1095/254/972 375/216/972 1304/255/972
f 1281/215/973 2128/255/973 1304/255/973 363/167/973
f 226/197/974 1025/198/974 2129/199/974 1097/200/974
f 1025/198/975 225/201/975 1094/202/975 2129/199/975
f 2129/199/976 1094/202/976 374/337/976 1305/348/976
f 1097/200/977 2129/199/977 1305/348/977 377/197/977
f 233/185/978 1032/187/978 2130/188/978 1096/186/978
f 1032/187/979 232/189/979 1093/190/979 2130/188/979
f 2130/188/980 1093/190/980 373/189/980 1306/345/980
f 1096/186/981 2130/188/981 1306/345/981 376/344/981
f 240/254/982 1039/244/982 2131/244/982 1095/254/982
f 1039/244/983 239/231/983 1092/233/983 2131/244/983
f 2131/244/984 1092/233/984 372/330/984 1307/341/984
f 1095/254/985 2131/244/985 1307/341/985 375/216/985
f 225/201/986 1024/239/986 2132/239/986 1094/202/986
f 1024/239/987 224/217/987 1091/220/987 2132/239/987
f 2132/239/988 1091/220/988 371/326/988 1308/338/988
f 1094/202/989 2132/239/989 1308/338/989 374/337/989
f 232/189/990 1031/236/990 2133/237/990 1093/190/990
f 1031/236/991 231/203/991 1090/206/991 2133/237/991
f 2133/237/992 1090/206/992 370/323/992 1309/333/992
f 1093/190/993 2133/237/993 1309/333/993 373/189/993
f 239/231/994 1038/232/994 2134/232/994 1092/233/994
f 1038/232/995 238/191/995 1089/194/995 2134/232/995
f 2134/232/996 1089/194/996 369/319/996 1310/331/996
f 1092/233/997 2134/232/997 1310/331/997 372/330/997
f 224/217/998 1023/218/998 2135/218/998 1091/220/998
f 1023/218/999 223/221/999 1088/222/999 2135/218/999
f 2135/218/1000 1088/222/1000 368/313/1000 1311/327/1000
f 1091/220/1001 2135/218/1001 1311/327/1001 371/326/1001
f 231/203/1002 1030/204/1002 2136/205/1002 1090/206/1002
f 1030/204/1003 230/207/1003 1087/208/1003 2136/205/1003
f 2136/205/1004 1087/208/1004 367/308/1004 1312/324/1004
f 1090/206/1005 2136/205/1005 1312/324/1005 370/323/1005
f 238/191/1006 1037/192/1006 2137/193/1006 1089/194/1006
f 1037/192/1007 237/257/1007 1086/196/1007 2137/193/1007
f 2137/193/1008 1086/196/1008 366/195/1008 1313/320/1008
f 1089/194/1009 2137/193/1009 1313/320/1009 369/319/1009
f 223/221/1010 1022/245/1010 2138/245/1010 1088/222/1010
f 1022/245/1011 222/227/1011 1084/702/1011 2138/245/1011
f 2138/245/1012 1084/702/1012 364/227/1012 1314/314/1012
f 1088/222/1013 2138/245/1013 1314/314/1013 368/313/1013
f 230/207/1014 1029/241/1014 2139/241/1014 1087/208/1014
f 1029/241/1015 229/223/1015 1082/703/1015 2139/241/1015
f 2139/241/1016 1082/703/1016 362/247/1016 1315/309/1016
f 1087/208/1017 2139/241/1017 1315/309/1017 367/308/1017
f 237/257/1018 1036/256/1018 2140/238/1018 1086/196/1018
f 1036/256/1019 236/209/1019 1283/211/1019 2140/238/1019
f 2140/238/1020 1283/211/1020 365/304/1020 1316/303/1020
f 1086/196/1021 2140/238/1021 1316/303/1021 366/195/1021
f 222/227/1022 1021/228/1022 2141/228/1022 1084/702/1022
f 1021/228/1023 221/6/1023 1281/230/1023 2141/228/1023
f 2141/228/1024 1281/230/1024 363/6/1024 1317/228/1024
f 1084/702/1025 2141/228/1025 1317/228/1025 364/227/1025
f 229/223/1026 1028/224/1026 2142/224/1026 1082/703/1026
f 1028/224/1027 228/149/1027 1279/152/1027 2142/224/1027
f 2142/224/1028 1279/152/1028 361/251/1028 1318/248/1028
f 1082/703/1029 2142/224/1029 1318/248/1029 362/247/1029
f 241/262/486 1741/259/486 2343/1090/486 1761/1091/486
f 1741/259/486 242/258/486 1762/1092/486 2343/1090/486
f 2343/1090/486 1762/1092/486 581/584/486 1239/581/486
f 1761/1091/486 2343/1090/486 1239/581/486 582/580/486
f 242/258/486 1742/261/486 2344/1093/486 1762/1092/486
f 1742/261/486 243/298/486 1763/1094/486 2344/1093/486
f 2344/1093/486 1763/1094/486 583/591/486 1240/589/486
f 1762/1092/486 2344/1093/486 1240/589/486 581/584/486
f 243/298/486 1743/297/486 2345/1095/486 1763/1094/486
f 1743/297/486 244/296/486 1764/1096/486 2345/1095/486
f 2345/1095/486 1764/1096/486 584/597/486 1241/595/486
f 1763/1094/486 2345/1095/486 1241/595/486 583/591/486
f 244/296/486 1744/295/486 2346/1097/486 1764/1096/486
f 1744/295/486 245/294/486 1765/1098/486 2346/1097/486
f 2346/1097/486 1765/1098/486 585/603/486 1242/601/486
f 1764/1096/486 2346/1097/486 1242/601/486 584/597/486
f 245/294/486 1745/293/486 2347/1099/486 1765/1098/486
f 1745/293/486 246/292/486 1766/1100/486 2347/1099/486
f 2347/1099/486 1766/1100/486 586/609/486 1243/607/486
f 1765/1098/486 2347/1099/486 1243/607/486 585/603/486
f 246/292/486 1746/291/486 2348/1101/486 1766/1100/486
f 1746/291/486 247/290/486 1767/1102/486 2348/1101/486
f 2348/1101/486 1767/1102/486 587/615/486 1244/613/486
f 1766/1100/486 2348/1101/486 1244/613/486 586/609/486
f 247/290/486 1747/289/486 2349/1103/486 1767/1102/486
f 1747/289/486 248/288/486 1768/1104/486 2349/1103/486
f 2349/1103/486 1768/1104/486 588/621/486 1245/619/486
f 1767/1102/486 2349/1103/486 1245/619/486 587/615/486
f 248/288/486 1748/287/486 2350/1105/486 1768/1104/486
f 1748/287/486 249/286/486 1769/1106/486 2350/1105/486
f 2350/1105/486 1769/1106/486 589/627/486 1246/625/486
f 1768/1104/486 2350/1105/486 1246/625/486 588/621/486
f 249/286/486 1749/285/486 2351/1107/486 1769/1106/486
f 1749/285/486 250/284/486 1770/1108/486 2351/1107/486
f 2351/1107/486 1770/1108/486 590/633/486 1247/631/486
f 1769/1106/486 2351/1107/486 1247/631/486 589/627/486
f 250/284/486 1750/283/486 2352/1109/486 1770/1108/486
f 1750/283/486 251/282/486 1771/1110/486 2352/1109/486
f 2352/1109/486 1771/1110/486 591/639/486 1248/637/486
f 1770/1108/486 2352/1109/486 1248/637/486 590/633/486
f 251/282/486 1751/281/486 2353/1111/486 1771/1110/486
f 1751/281/486 252/280/486 1772/1112/486 2353/1111/486
f 2353/1111/486 1772/1112/486 592/645/486 1249/643/486
f 1771/1110/486 2353/1111/486 1249/643/486 591/639/486
f 252/280/486 1752/279/486 2354/1113/486 1772/1112/486
f 1752/279/486 253/278/486 1773/1114/486 2354/1113/486
f 2354/1113/486 1773/1114/486 593/651/486 1250/649/486
f 1772/1112/486 2354/1113/486 1250/649/486 592/645/486
f 253/278/486 1753/277/486 2355/1115/486 1773/1114/486
f 1753/277/486 254/276/486 1774/1116/486 2355/1115/486
f 2355/1115/486 1774/1116/486 594/657/486 1251/655/486
f 1773/1114/486 2355/1115/486 1251/655/486 593/651/486
f 254/276/486 1754/275/486 2356/1117/486 1774/1116/486
f 1754/275/486 255/274/486 1775/1118/486 2356/1117/486
f 2356/1117/486 1775/1118/486 595/663/486 1252/661/486
f 1774/1116/486 2356/1117/486 1252/661/486 594/657/486
f 255/274/486 1755/273/486 2357/1119/486 1775/1118/486
f 1755/273/486 256/272/486 1776/1120/486 2357/1119/486
f 2357/1119/486 1776/1120/486 596/669/486 1253/667/486
f 1775/1118/486 2357/1119/486 1253/667/486 595/663/486
f 256/272/486 1756/271/486 2358/1121/486 1776/1120/486
f 1756/271/486 257/270/486 1777/1122/486 2358/1121/486
f 2358/1121/486 1777/1122/486 597/675/486 1254/673/486
f 1776/1120/486 2358/1121/486 1254/673/486 596/669/486
f 257/270/486 1757/269/486 2359/1123/486 1777/1122/486
f 1757/269/486 258/268/486 1778/1124/486 2359/1123/486
f 2359/1123/486 1778/1124/486 598/681/486 1255/679/486
f 1777/1122/486 2359/1123/486 1255/679/486 597/675/486
f 258/268/486 1758/267/486 2360/1125/486 1778/1124/486
f 1758/267/486 259/266/486 1779/1126/486 2360/1125/486
f 2360/1125/486 1779/1126/486 599/687/486 1256/685/486
f 1778/1124/486 2360/1125/486 1256/685/486 598/681/486
f 259/266/486 1759/265/486 2361/1127/486 1779/1126/486
f 1759/265/486 260/264/486 1780/1128/486 2361/1127/486
f 2361/1127/486 1780/1128/486 600/693/486 1257/691/486
f 1779/1126/486 2361/1127/486 1257/691/486 599/687/486
f 260/264/486 1760/263/486 2362/1129/486 1780/1128/486
f 1760/263/486 241/262/486 1761/1091/486 2362/1129/486
f 2362/1129/486 1761/1091/486 582/580/486 1258/697/486
f 1780/1128/486 2362/1129/486 1258/697/486 600/693/486
f 2814/189/2227 3644/190/2227 4565/237/2227 3593/236/2227
f 3593/236/2228 4565/237/2228 3643/206/2228 2813/203/2228
f 4565/237/2229 3633/236/2229 2833/203/2229 3643/206/2229
f 3644/190/2230 2834/189/2230 3633/236/2230 4565/237/2230
f 2964/247/515 3882/250/515 4585/249/515 3920/248/515
f 3920/248/516 4585/249/516 3683/149/516 2963/251/516
f 4585/249/516 3670/253/516 2950/252/516 3683/149/516
f 3882/250/515 2951/247/515 3670/253/515 4585/249/515
f 2807/201/2307 3646/202/2307 4586/240/2307 3586/239/2307
f 3586/239/2308 4586/240/2308 3645/220/2308 2806/217/2308
f 4586/240/2309 3626/239/2309 2826/217/2309 3645/220/2309
f 3646/202/2310 2827/201/2310 3626/239/2310 4586/240/2310
f 2822/216/2311 3648/246/2311 4587/244/2311 3601/244/2311
f 3601/244/2312 4587/244/2312 3647/233/2312 2821/231/2312
f 4587/244/2313 3641/244/2313 2841/231/2313 3647/233/2313
f 3648/246/2314 2842/254/2314 3641/244/2314 4587/244/2314
f 2815/185/2315 3649/186/2315 4588/188/2315 3594/187/2315
f 3594/187/2316 4588/188/2316 3644/190/2316 2814/189/2316
f 4588/188/2317 3634/187/2317 2834/189/2317 3644/190/2317
f 3649/186/2318 2835/185/2318 3634/187/2318 4588/188/2318
f 2808/197/2319 3650/200/2319 4589/199/2319 3587/198/2319
f 3587/198/2320 4589/199/2320 3646/202/2320 2807/201/2320
f 4589/199/2321 3627/198/2321 2827/201/2321 3646/202/2321
f 3650/200/2322 2828/197/2322 3627/198/2322 4589/199/2322
f 2803/167/2323 3651/215/2323 4590/214/2323 3602/214/2323
f 3602/214/2324 4590/214/2324 3648/246/2324 2822/216/2324
f 4590/214/2325 3642/255/2325 2842/254/2325 3648/246/2325
f 3651/215/2326 2823/167/2326 3642/255/2326 4590/214/2326
f 2816/181/2327 3652/184/2327 4591/183/2327 3595/182/2327
f 3595/182/2328 4591/183/2328 3649/186/2328 2815/185/2328
f 4591/183/2329 3635/182/2329 2835/185/2329 3649/186/2329
f 3652/184/2330 2836/181/2330 3635/182/2330 4591/183/2330
f 2809/153/2331 3653/154/2331 4592/235/2331 3588/234/2331
f 3588/234/2332 4592/235/2332 3650/200/2332 2808/197/2332
f 4592/235/2333 3628/234/2333 2828/197/2333 3650/200/2333
f 3653/154/2334 2829/153/2334 3628/234/2334 4592/235/2334
f 2817/212/2335 3654/213/2335 4593/243/2335 3596/242/2335
f 3596/242/2336 4593/243/2336 3652/184/2336 2816/181/2336
f 4593/243/2337 3636/242/2337 2836/181/2337 3652/184/2337
f 3654/213/2338 2837/212/2338 3636/242/2338 4593/243/2338
f 2810/149/2339 3655/152/2339 4594/151/2339 3589/150/2339
f 3589/150/2340 4594/151/2340 3653/154/2340 2809/153/2340
f 4594/151/2341 3629/150/2341 2829/153/2341 3653/154/2341
f 3655/152/2342 2830/149/2342 3629/150/2342 4594/151/2342
f 2818/209/2343 3656/211/2343 4595/210/2343 3597/210/2343
f 3597/210/2344 4595/210/2344 3654/213/2344 2817/212/2344
f 4595/210/2345 3637/210/2345 2837/212/2345 3654/213/2345
f 3656/211/2346 2838/209/2346 3637/210/2346 4595/210/2346
f 2811/223/2347 3657/226/2347 4596/225/2347 3590/224/2347
f 3590/224/2348 4596/225/2348 3655/152/2348 2810/149/2348
f 4596/225/2349 3630/224/2349 2830/149/2349 3655/152/2349
f 3657/226/2350 2831/223/2350 3630/224/2350 4596/225/2350
f 2804/227/2351 3658/229/2351 4597/228/2351 3583/228/2351
f 3583/228/2352 4597/228/2352 3651/230/2352 2803/6/2352
f 4597/228/2353 3623/228/2353 2823/6/2353 3651/230/2353
f 3658/229/2354 2824/227/2354 3623/228/2354 4597/228/2354
f 2819/195/2355 3659/196/2355 4598/238/2355 3598/238/2355
f 3598/238/2356 4598/238/2356 3656/211/2356 2818/209/2356
f 4598/238/2357 3638/256/2357 2838/209/2357 3656/211/2357
f 3659/196/2358 2839/257/2358 3638/256/2358 4598/238/2358
f 2812/207/2359 3660/208/2359 4599/241/2359 3591/241/2359
f 3591/241/2360 4599/241/2360 3657/226/2360 2811/223/2360
f 4599/241/2361 3631/241/2361 2831/223/2361 3657/226/2361
f 3660/208/2362 2832/207/2362 3631/241/2362 4599/241/2362
f 2805/221/2363 3661/222/2363 4600/245/2363 3584/245/2363
f 3584/245/2364 4600/245/2364 3658/229/2364 2804/227/2364
f 4600/245/2365 3624/245/2365 2824/227/2365 3658/229/2365
f 3661/222/2366 2825/221/2366 3624/245/2366 4600/245/2366
f 2820/191/2367 3662/194/2367 4601/193/2367 3599/192/2367
f 3599/192/2368 4601/193/2368 3659/196/2368 2819/195/2368
f 4601/193/2369 3639/192/2369 2839/257/2369 3659/196/2369
f 3662/194/2370 2840/191/2370 3639/192/2370 4601/193/2370
f 2813/203/2371 3643/206/2371 4602/205/2371 3592/204/2371
f 3592/204/2372 4602/205/2372 3660/208/2372 2812/207/2372
f 4602/205/2373 3632/204/2373 2832/207/2373 3660/208/2373
f 3643/206/2374 2833/203/2374 3632/204/2374 4602/205/2374
f 2806/217/2375 3645/220/2375 4603/219/2375 3585/218/2375
f 3585/218/2376 4603/219/2376 3661/222/2376 2805/221/2376
f 4603/219/2377 3625/218/2377 2825/221/2377 3661/222/2377
f 3645/220/2378 2826/217/2378 3625/218/2378 4603/219/2378
f 2821/231/2379 3647/233/2379 4604/232/2379 3600/232/2379
f 3600/232/2380 4604/232/2380 3662/194/2380 2820/191/2380
f 4604/232/2381 3640/232/2381 2840/191/2381 3662/194/2381
f 3647/233/2382 2841/231/2382 3640/232/2382 4604/232/2382
f 2844/258/407 4344/261/407 4605/260/407 4343/259/407
f 2843/262/407 4343/259/407 4605/260/407 4362/263/407
f 2862/264/407 4362/263/407 4605/260/407 4361/265/407
f 2861/266/407 4361/265/407 4605/260/407 4360/267/407
f 2860/268/407 4360/267/407 4605/260/407 4359/269/407
f 2859/270/407 4359/269/407 4605/260/407 4358/271/407
f 2858/272/407 4358/271/407 4605/260/407 4357/273/407
f 2857/274/407 4357/273/407 4605/260/407 4356/275/407
f 2856/276/407 4356/275/407 4605/260/407 4355/277/407
f 2855/278/407 4355/277/407 4605/260/407 4354/279/407
f 2854/280/407 4354/279/407 4605/260/407 4353/281/407
f 2853/282/407 4353/281/407 4605/260/407 4352/283/407
f 2852/284/407 4352/283/407 4605/260/407 4351/285/407
f 2851/286/407 4351/285/407 4605/260/407 4350/287/407
f 2850/288/407 4350/287/407 4605/260/407 4349/289/407
f 2849/290/407 4349/289/407 4605/260/407 4348/291/407
f 2848/292/407 4348/291/407 4605/260/407 4347/293/407
f 2847/294/407 4347/293/407 4605/260/407 4346/295/407
f 2846/296/407 4346/295/407 4605/260/407 4345/297/407
f 2845/298/407 4345/297/407 4605/260/407 4344/261/407
f 2966/227/517 3884/300/517 4606/299/517 3919/228/517
f 3919/228/518 4606/299/518 3685/230/518 2965/6/518
f 4606/299/518 3663/301/518 2944/230/518 3685/230/518
f 3884/300/517 2943/302/517 3663/301/517 4606/299/517
f 2968/195/489 3886/257/489 4607/303/489 3918/303/489
f 3918/303/490 4607/303/490 3687/305/490 2967/304/490
f 4607/303/490 3678/307/490 2958/306/490 3687/305/490
f 3886/257/489 2959/195/489 3678/307/489 4607/303/489
f 2969/308/521 3887/311/521 4608/310/521 3917/309/521
f 3917/309/522 4608/310/522 3882/250/522 2964/247/522
f 4608/310/522 3671/312/522 2951/247/522 3882/250/522
f 3887/311/521 2952/207/521 3671/312/521 4608/310/521
f 2970/313/524 3888/316/524 4609/315/524 3916/314/524
f 3916/314/525 4609/315/525 3884/300/525 2966/227/525
f 4609/315/525 3664/317/525 2943/302/525 3884/300/525
f 3888/316/524 2945/318/524 3664/317/524 4609/315/524
f 2971/319/493 3889/191/493 4610/321/493 3915/320/493
f 3915/320/494 4610/321/494 3886/257/494 2968/195/494
f 4610/321/494 3679/322/494 2959/195/494 3886/257/494
f 3889/191/493 2960/319/493 3679/322/493 4610/321/493
f 2972/323/484 3890/323/484 4611/325/484 3914/324/484
f 3914/324/485 4611/325/485 3887/311/485 2969/308/485
f 4611/325/485 3672/205/485 2952/207/485 3887/311/485
f 3890/323/484 2953/203/484 3672/205/484 4611/325/484
f 2973/326/487 3891/326/487 4612/327/487 3913/327/487
f 3913/327/488 4612/327/488 3888/316/488 2970/313/488
f 4612/327/488 3665/328/488 2945/318/488 3888/316/488
f 3891/326/487 2946/329/487 3665/328/487 4612/327/487
f 2974/330/497 3892/231/497 4613/332/497 3912/331/497
f 3912/331/498 4613/332/498 3889/191/498 2971/319/498
f 4613/332/498 3680/232/498 2960/319/498 3889/191/498
f 3892/231/497 2961/330/497 3680/232/497 4613/332/497
f 2975/189/499 3893/335/499 4614/334/499 3911/333/499
f 3911/333/500 4614/334/500 3890/323/500 2972/323/500
f 4614/334/500 3673/236/500 2953/203/500 3890/323/500
f 3893/335/499 2954/336/499 3673/236/499 4614/334/499
f 2976/337/491 3894/340/491 4615/339/491 3910/338/491
f 3910/338/492 4615/339/492 3891/326/492 2973/326/492
f 4615/339/492 3666/240/492 2946/329/492 3891/326/492
f 3894/340/491 2947/340/491 3666/240/491 4615/339/491
f 2977/216/503 3895/343/503 4616/342/503 3909/341/503
f 3909/341/504 4616/342/504 3892/231/504 2974/330/504
f 4616/342/504 3681/244/504 2961/330/504 3892/231/504
f 3895/343/503 2962/216/503 3681/244/503 4616/342/503
f 2978/344/506 3896/344/506 4617/346/506 3908/345/506
f 3908/345/507 4617/346/507 3893/335/507 2975/189/507
f 4617/346/507 3674/188/507 2954/336/507 3893/335/507
f 3896/344/506 2955/347/506 3674/188/506 4617/346/506
f 2979/197/495 3897/349/495 4618/348/495 3907/348/495
f 3907/348/496 4618/348/496 3894/340/496 2976/337/496
f 4618/348/496 3667/199/496 2947/340/496 3894/340/496
f 3897/349/495 2948/349/495 3667/199/495 4618/348/495
f 2965/167/511 3685/215/511 4619/350/511 3906/255/511
f 3906/255/512 4619/350/512 3895/343/512 2977/216/512
f 4619/350/512 3682/351/512 2962/216/512 3895/343/512
f 3685/215/511 2944/215/511 3682/351/511 4619/350/511
f 2980/352/513 3898/355/513 4620/354/513 3905/353/513
f 3905/353/514 4620/354/514 3896/344/514 2978/344/514
f 4620/354/514 3675/356/514 2955/347/514 3896/344/514
f 3898/355/513 2956/352/513 3675/356/513 4620/354/513
f 2981/357/501 3899/359/501 4621/358/501 3904/358/501
f 3904/358/502 4621/358/502 3897/349/502 2979/197/502
f 4621/358/502 3668/234/502 2948/349/502 3897/349/502
f 3899/359/501 2949/360/501 3668/234/501 4621/358/501
f 2982/361/519 3900/212/519 4622/363/519 3903/362/519
f 3903/362/520 4622/363/520 3898/355/520 2980/352/520
f 4622/363/520 3676/242/520 2956/352/520 3898/355/520
f 3900/212/519 2957/364/519 3676/242/519 4622/363/519
f 2963/251/509 3683/149/509 4623/366/509 3902/365/509
f 3902/365/510 4623/366/510 3899/359/510 2981/357/510
f 4623/366/510 3669/151/510 2949/360/510 3899/359/510
f 3683/149/509 2950/252/509 3669/151/509 4623/366/509
f 2967/304/527 3687/305/527 4624/368/527 3901/367/527
f 3901/367/528 4624/368/528 3900/212/528 2982/361/528
f 4624/368/528 3677/210/528 2957/364/528 3900/212/528
f 3687/305/527 2958/306/527 3677/210/527 4624/368/527
f 3184/580/2539 3861/583/2539 4705/582/2539 3841/581/2539
f 3841/581/2540 4705/582/2540 3862/585/2540 3183/584/2540
f 4705/582/2541 3663/587/2541 2943/586/2541 3862/585/2541
f 3861/583/2542 2944/588/2542 3663/587/2542 4705/582/2542
f 3183/584/2543 3862/585/2543 4706/590/2543 3842/589/2543
f 3842/589/2544 4706/590/2544 3863/592/2544 3185/591/2544
f 4706/590/2545 3664/594/2545 2945/593/2545 3863/592/2545
f 3862/585/2546 2943/586/2546 3664/594/2546 4706/590/2546
f 3185/591/2547 3863/592/2547 4707/596/2547 3843/595/2547
f 3843/595/2548 4707/596/2548 3864/598/2548 3186/597/2548
f 4707/596/2549 3665/600/2549 2946/599/2549 3864/598/2549
f 3863/592/2550 2945/593/2550 3665/600/2550 4707/596/2550
f 3186/597/2551 3864/598/2551 4708/602/2551 3844/601/2551
f 3844/601/2552 4708/602/2552 3865/604/2552 3187/603/2552
f 4708/602/2553 3666/606/2553 2947/605/2553 3865/604/2553
f 3864/598/2554 2946/599/2554 3666/606/2554 4708/602/2554
f 3187/603/2555 3865/604/2555 4709/608/2555 3845/607/2555
f 3845/607/2556 4709/608/2556 3866/610/2556 3188/609/2556
f 4709/608/2557 3667/612/2557 2948/611/2557 3866/610/2557
f 3865/604/2558 2947/605/2558 3667/612/2558 4709/608/2558
f 3188/609/2559 3866/610/2559 4710/614/2559 3846/613/2559
f 3846/613/2560 4710/614/2560 3867/616/2560 3189/615/2560
f 4710/614/2561 3668/618/2561 2949/617/2561 3867/616/2561
f 3866/610/2562 2948/611/2562 3668/618/2562 4710/614/2562
f 3189/615/2563 3867/616/2563 4711/620/2563 3847/619/2563
f 3847/619/2564 4711/620/2564 3868/622/2564 3190/621/2564
f 4711/620/2565 3669/624/2565 2950/623/2565 3868/622/2565
f 3867/616/2566 2949/617/2566 3669/624/2566 4711/620/2566
f 3190/621/2567 3868/622/2567 4712/626/2567 3848/625/2567
f 3848/625/2568 4712/626/2568 3869/628/2568 3191/627/2568
f 4712/626/2569 3670/630/2569 2951/629/2569 3869/628/2569
f 3868/622/2570 2950/623/2570 3670/630/2570 4712/626/2570
f 3191/627/2571 3869/628/2571 4713/632/2571 3849/631/2571
f 3849/631/2572 4713/632/2572 3870/634/2572 3192/633/2572
f 4713/632/2573 3671/636/2573 2952/635/2573 3870/634/2573
f 3869/628/2574 2951/629/2574 3671/636/2574 4713/632/2574
f 3192/633/2575 3870/634/2575 4714/638/2575 3850/637/2575
f 3850/637/2576 4714/638/2576 3871/640/2576 3193/639/2576
f 4714/638/2577 3672/642/2577 2953/641/2577 3871/640/2577
f 3870/634/2578 2952/635/2578 3672/642/2578 4714/638/2578
f 3193/639/2579 3871/640/2579 4715/644/2579 3851/643/2579
f 3851/643/2580 4715/644/2580 3872/646/2580 3194/645/2580
f 4715/644/2581 3673/648/2581 2954/647/2581 3872/646/2581
f 3871/640/2582 2953/641/2582 3673/648/2582 4715/644/2582
f 3194/645/2583 3872/646/2583 4716/650/2583 3852/649/2583
f 3852/649/2584 4716/650/2584 3873/652/2584 3195/651/2584
f 4716/650/2585 3674/654/2585 2955/653/2585 3873/652/2585
f 3872/646/2586 2954/647/2586 3674/654/2586 4716/650/2586
f 3195/651/2587 3873/652/2587 4717/656/2587 3853/655/2587
f 3853/655/2588 4717/656/2588 3874/658/2588 3196/657/2588
f 4717/656/2589 3675/660/2589 2956/659/2589 3874/658/2589
f 3873/652/2590 2955/653/2590 3675/660/2590 4717/656/2590
f 3196/657/2591 3874/658/2591 4718/662/2591 3854/661/2591
f 3854/661/2592 4718/662/2592 3875/664/2592 3197/663/2592
f 4718/662/2593 3676/666/2593 2957/665/2593 3875/664/2593
f 3874/658/2594 2956/659/2594 3676/666/2594 4718/662/2594
f 3197/663/2595 3875/664/2595 4719/668/2595 3855/667/2595
f 3855/667/2596 4719/668/2596 3876/670/2596 3198/669/2596
f 4719/668/2597 3677/672/2597 2958/671/2597 3876/670/2597
f 3875/664/2598 2957/665/2598 3677/672/2598 4719/668/2598
f 3198/669/2599 3876/670/2599 4720/674/2599 3856/673/2599
f 3856/673/2600 4720/674/2600 3877/676/2600 3199/675/2600
f 4720/674/2601 3678/678/2601 2959/677/2601 3877/676/2601
f 3876/670/2602 2958/671/2602 3678/678/2602 4720/674/2602
f 3199/675/2603 3877/676/2603 4721/680/2603 3857/679/2603
f 3857/679/2604 4721/680/2604 3878/682/2604 3200/681/2604
f 4721/680/2605 3679/684/2605 2960/683/2605 3878/682/2605
f 3877/676/2606 2959/677/2606 3679/684/2606 4721/680/2606
f 3200/681/2607 3878/682/2607 4722/686/2607 3858/685/2607
f 3858/685/2608 4722/686/2608 3879/688/2608 3201/687/2608
f 4722/686/2609 3680/690/2609 2961/689/2609 3879/688/2609
f 3878/682/2610 2960/683/2610 3680/690/2610 4722/686/2610
f 3201/687/2611 3879/688/2611 4723/692/2611 3859/691/2611
f 3859/691/2612 4723/692/2612 3880/694/2612 3202/693/2612
f 4723/692/2613 3681/696/2613 2962/695/2613 3880/694/2613
f 3879/688/2614 2961/689/2614 3681/696/2614 4723/692/2614
f 3202/693/2615 3880/694/2615 4724/698/2615 3860/697/2615
f 3860/697/2616 4724/698/2616 3861/583/2616 3184/580/2616
f 4724/698/2617 3682/699/2617 2944/588/2617 3861/583/2617
f 3880/694/2618 2962/695/2618 3682/699/2618 4724/698/2618
f 2838/209/2619 3885/211/2619 4725/210/2619 3637/210/2619
f 3637/210/2620 4725/210/2620 3702/700/2620 2837/212/2620
f 4725/210/2621 3901/367/2621 2982/361/2621 3702/700/2621
f 3885/211/2622 2967/304/2622 3901/367/2622 4725/210/2622
f 2830/149/2623 3881/152/2623 4726/701/2623 3629/150/2623
f 3629/150/2624 4726/701/2624 3701/154/2624 2829/153/2624
f 4726/701/2625 3902/365/2625 2981/357/2625 3701/154/2625
f 3881/152/2626 2963/251/2626 3902/365/2626 4726/701/2626
f 2837/212/2627 3702/700/2627 4727/242/2627 3636/242/2627
f 3636/242/2628 4727/242/2628 3700/184/2628 2836/181/2628
f 4727/242/2629 3903/362/2629 2980/352/2629 3700/184/2629
f 3702/700/2630 2982/361/2630 3903/362/2630 4727/242/2630
f 2829/153/2631 3701/154/2631 4728/235/2631 3628/234/2631
f 3628/234/2632 4728/235/2632 3699/200/2632 2828/197/2632
f 4728/235/2633 3904/358/2633 2979/197/2633 3699/200/2633
f 3701/154/2634 2981/357/2634 3904/358/2634 4728/235/2634
f 2836/181/2635 3700/184/2635 4729/183/2635 3635/182/2635
f 3635/182/2636 4729/183/2636 3698/186/2636 2835/185/2636
f 4729/183/2637 3905/353/2637 2978/344/2637 3698/186/2637
f 3700/184/2638 2980/352/2638 3905/353/2638 4729/183/2638
f 2823/167/2639 3883/215/2639 4730/255/2639 3642/255/2639
f 3642/255/2640 4730/255/2640 3697/254/2640 2842/254/2640
f 4730/255/2641 3906/255/2641 2977/216/2641 3697/254/2641
f 3883/215/2642 2965/167/2642 3906/255/2642 4730/255/2642
f 2828/197/2643 3699/200/2643 4731/199/2643 3627/198/2643
f 3627/198/2644 4731/199/2644 3696/202/2644 2827/201/2644
f 4731/199/2645 3907/348/2645 2976/337/2645 3696/202/2645
f 3699/200/2646 2979/197/2646 3907/348/2646 4731/199/2646
f 2835/185/2647 3698/186/2647 4732/188/2647 3634/187/2647
f 3634/187/2648 4732/188/2648 3695/190/2648 2834/189/2648
f 4732/188/2649 3908/345/2649 2975/189/2649 3695/190/2649
f 3698/186/2650 2978/344/2650 3908/345/2650 4732/188/2650
f 2842/254/2651 3697/254/2651 4733/244/2651 3641/244/2651
f 3641/244/2652 4733/244/2652 3694/233/2652 2841/231/2652
f 4733/244/2653 3909/341/2653 2974/330/2653 3694/233/2653
f 3697/254/2654 2977/216/2654 3909/341/2654 4733/244/2654
f 2827/201/2655 3696/202/2655 4734/239/2655 3626/239/2655
f 3626/239/2656 4734/239/2656 3693/220/2656 2826/217/2656
f 4734/239/2657 3910/338/2657 2973/326/2657 3693/220/2657
f 3696/202/2658 2976/337/2658 3910/338/2658 4734/239/2658
f 2834/189/2659 3695/190/2659 4735/237/2659 3633/236/2659
f 3633/236/2660 4735/237/2660 3692/206/2660 2833/203/2660
f 4735/237/2661 3911/333/2661 2972/323/2661 3692/206/2661
f 3695/190/2662 2975/189/2662 3911/333/2662 4735/237/2662
f 2841/231/2663 3694/233/2663 4736/232/2663 3640/232/2663
f 3640/232/2664 4736/232/2664 3691/194/2664 2840/191/2664
f 4736/232/2665 3912/331/2665 2971/319/2665 3691/194/2665
f 3694/233/2666 2974/330/2666 3912/331/2666 4736/232/2666
f 2826/217/2667 3693/220/2667 4737/218/2667 3625/218/2667
f 3625/218/2668 4737/218/2668 3690/222/2668 2825/221/2668
f 4737/218/2669 3913/327/2669 2970/313/2669 3690/222/2669
f 3693/220/2670 2973/326/2670 3913/327/2670 4737/218/2670
f 2833/203/2671 3692/206/2671 4738/205/2671 3632/204/2671
f 3632/204/2672 4738/205/2672 3689/208/2672 2832/207/2672
f 4738/205/2673 3914/324/2673 2969/308/2673 3689/208/2673
f 3692/206/2674 2972/323/2674 3914/324/2674 4738/205/2674
f 2840/191/2675 3691/194/2675 4739/193/2675 3639/192/2675
f 3639/192/2676 4739/193/2676 3688/196/2676 2839/257/2676
f 4739/193/2677 3915/320/2677 2968/195/2677 3688/196/2677
f 3691/194/2678 2971/319/2678 3915/320/2678 4739/193/2678
f 2825/221/2679 3690/222/2679 4740/245/2679 3624/245/2679
f 3624/245/2680 4740/245/2680 3686/702/2680 2824/227/2680
f 4740/245/2681 3916/314/2681 2966/227/2681 3686/702/2681
f 3690/222/2682 2970/313/2682 3916/314/2682 4740/245/2682
f 2832/207/2683 3689/208/2683 4741/241/2683 3631/241/2683
f 3631/241/2684 4741/241/2684 3684/703/2684 2831/223/2684
f 4741/241/2685 3917/309/2685 2964/247/2685 3684/703/2685
f 3689/208/2686 2969/308/2686 3917/309/2686 4741/241/2686
f 2839/257/2687 3688/196/2687 4742/238/2687 3638/256/2687
f 3638/256/2688 4742/238/2688 3885/211/2688 2838/209/2688
f 4742/238/2689 3918/303/2689 2967/304/2689 3885/211/2689
f 3688/196/2690 2968/195/2690 3918/303/2690 4742/238/2690
f 2824/227/2691 3686/702/2691 4743/228/2691 3623/228/2691
f 3623/228/2692 4743/228/2692 3883/230/2692 2823/6/2692
f 4743/228/2693 3919/228/2693 2965/6/2693 3883/230/2693
f 3686/702/2694 2966/227/2694 3919/228/2694 4743/228/2694
f 2831/223/2695 3684/703/2695 4744/224/2695 3630/224/2695
f 3630/224/2696 4744/224/2696 3881/152/2696 2830/149/2696
f 4744/224/2697 3920/248/2697 2963/251/2697 3881/152/2697
f 3684/703/2698 2964/247/2698 3920/248/2698 4744/224/2698
f 2843/262/407 4363/1091/407 4945/1090/407 4343/259/407
f 4343/259/407 4945/1090/407 4364/1092/407 2844/258/407
f 4945/1090/3379 3841/581/3379 3183/584/3379 4364/1092/3379
f 4363/1091/3380 3184/580/3380 3841/581/3380 4945/1090/3380
f 2844/258/407 4364/1092/407 4946/1093/407 4344/261/407
f 4344/261/407 4946/1093/407 4365/1094/407 2845/298/407
f 4946/1093/3381 3842/589/3381 3185/591/3381 4365/1094/3381
f 4364/1092/3382 3183/584/3382 3842/589/3382 4946/1093/3382
f 2845/298/407 4365/1094/407 4947/1095/407 4345/297/407
f 4345/297/407 4947/1095/407 4366/1096/407 2846/296/407
f 4947/1095/3383 3843/595/3383 3186/597/3383 4366/1096/3383
f 4365/1094/3384 3185/591/3384 3843/595/3384 4947/1095/3384
f 2846/296/407 4366/1096/407 4948/1097/407 4346/295/407
f 4346/295/407 4948/1097/407 4367/1098/407 2847/294/407
f 4948/1097/3385 3844/601/3385 3187/603/3385 4367/1098/3385
f 4366/1096/3386 3186/597/3386 3844/601/3386 4948/1097/3386
f 2847/294/407 4367/1098/407 4949/1099/407 4347/293/407
f 4347/293/407 4949/1099/407 4368/1100/407 2848/292/407
f 4949/1099/3387 3845/607/3387 3188/609/3387 4368/1100/3387
f 4367/1098/3388 3187/603/3388 3845/607/3388 4949/1099/3388
f 2848/292/407 4368/1100/407 4950/1101/407 4348/291/407
f 4348/291/407 4950/1101/407 4369/1102/407 2849/290/407
f 4950/1101/3389 3846/613/3389 3189/615/3389 4369/1102/3389
f 4368/1100/3390 3188/609/3390 3846/613/3390 4950/1101/3390
f 2849/290/407 4369/1102/407 4951/1103/407 4349/289/407
f 4349/289/407 4951/1103/407 4370/1104/407 2850/288/407
f 4951/1103/3391 3847/619/3391 3190/621/3391 4370/1104/3391
f 4369/1102/3392 3189/615/3392 3847/619/3392 4951/1103/3392
f 2850/288/407 4370/1104/407 4952/1105/407 4350/287/407
f 4350/287/407 4952/1105/407 4371/1106/407 2851/286/407
f 4952/1105/3393 3848/625/3393 3191/627/3393 4371/1106/3393
f 4370/1104/3394 3190/621/3394 3848/625/3394 4952/1105/3394
f 2851/286/407 4371/1106/407 4953/1107/407 4351/285/407
f 4351/285/407 4953/1107/407 4372/1108/407 2852/284/407
f 4953/1107/3395 3849/631/3395 3192/633/3395 4372/1108/3395
f 4371/1106/3396 3191/627/3396 3849/631/3396 4953/1107/3396
f 2852/284/407 4372/1108/407 4954/1109/407 4352/283/407
f 4352/283/407 4954/1109/407 4373/1110/407 2853/282/407
f 4954/1109/3397 3850/637/3397 3193/639/3397 4373/1110/3397
f 4372/1108/3398 3192/633/3398 3850/637/3398 4954/1109/3398
f 2853/282/407 4373/1110/407 4955/1111/407 4353/281/407
f 4353/281/407 4955/1111/407 4374/1112/407 2854/280/407
f 4955/1111/3399 3851/643/3399 3194/645/3399 4374/1112/3399
f 4373/1110/3400 3193/639/3400 3851/643/3400 4955/1111/3400
f 2854/280/407 4374/1112/407 4956/1113/407 4354/279/407
f 4354/279/407 4956/1113/407 4375/1114/407 2855/278/407
f 4956/1113/3401 3852/649/3401 3195/651/3401 4375/1114/3401
f 4374/1112/3402 3194/645/3402 3852/649/3402 4956/1113/3402
f 2855/278/407 4375/1114/407 4957/1115/407 4355/277/407
f 4355/277/407 4957/1115/407 4376/1116/407 2856/276/407
f 4957/1115/3403 3853/655/3403 3196/657/3403 4376/1116/3403
f 4375/1114/3404 3195/651/3404 3853/655/3404 4957/1115/3404
f 2856/276/407 4376/1116/407 4958/1117/407 4356/275/407
f 4356/275/407 4958/1117/407 4377/1118/407 2857/274/407
f 4958/1117/3405 3854/661/3405 3197/663/3405 4377/1118/3405
f 4376/1116/3406 3196/657/3406 3854/661/3406 4958/1117/3406
f 2857/274/407 4377/1118/407 4959/1119/407 4357/273/407
f 4357/273/407 4959/1119/407 4378/1120/407 2858/272/407
f 4959/1119/3407 3855/667/3407 3198/669/3407 4378/1120/3407
f 4377/1118/3408 3197/663/3408 3855/667/3408 4959/1119/3408
f 2858/272/407 4378/1120/407 4960/1121/407 4358/271/407
f 4358/271/407 4960/1121/407 4379/1122/407 2859/270/407
f 4960/1121/3409 3856/673/3409 3199/675/3409 4379/1122/3409
f 4378/1120/3410 3198/669/3410 3856/673/3410 4960/1121/3410
f 2859/270/407 4379/1122/407 4961/1123/407 4359/269/407
f 4359/269/407 4961/1123/407 4380/1124/407 2860/268/407
f 4961/1123/3411 3857/679/3411 3200/681/3411 4380/1124/3411
f 4379/1122/3412 3199/675/3412 3857/679/3412 4961/1123/3412
f 2860/268/407 4380/1124/407 4962/1125/407 4360/267/407
f 4360/267/407 4962/1125/407 4381/1126/407 2861/266/407
f 4962/1125/3413 3858/685/3413 3201/687/3413 4381/1126/3413
f 4380/1124/3414 3200/681/3414 3858/685/3414 4962/1125/3414
f 2861/266/407 4381/1126/407 4963/1127/407 4361/265/407
f 4361/265/407 4963/1127/407 4382/1128/407 2862/264/407
f 4963/1127/3415 3859/691/3415 3202/693/3415 4382/1128/3415
f 4381/1126/3416 3201/687/3416 3859/691/3416 4963/1127/3416
f 2862/264/407 4382/1128/407 4964/1129/407 4362/263/407
f 4362/263/407 4964/1129/407 4363/1091/407 2843/262/407
f 4964/1129/3417 3860/697/3417 3184/580/3417 4363/1091/3417
f 4382/1128/3418 3202/693/3418 3860/697/3418 4964/1129/3418
o bot.006
v -0.000000 1.206002 -0.604999
v 0.000000 2.382030 -0.604999
v 0.193100 1.206002 -0.574415
v 0.193100 2.382030 -0.574415
v 0.367299 1.206002 -0.485656
v 0.367299 2.382030 -0.485656
v 0.505544 1.206002 -0.347412
v 0.505544 2.382030 -0.347412
v 0.594302 1.206002 -0.173213
v 0.594302 2.382030 -0.173213
v 0.624886 1.206002 0.019887
v 0.624886 2.382030 0.019887
v 0.594302 1.206002 0.212988
v 0.594302 2.382030 0.212988
v 0.505544 1.206002 0.387186
v 0.505544 2.382030 0.387186
v 0.367299 1.206002 0.525431
v 0.367299 2.382030 0.525431
v 0.193100 1.206002 0.614189
v 0.193100 2.382030 0.614189
v 0.000000 1.206002 0.644773
v 0.000000 2.382030 0.644773
v -0.193100 1.206002 0.614189
v -0.193100 2.382030 0.614189
v -0.367299 1.206002 0.525431
v -0.367299 2.382030 0.525431
v -0.505544 1.206002 0.387186
v -0.505544 2.382030 0.387186
v -0.594302 1.206002 0.212988
v -0.594302 2.382030 0.212988
v -0.624886 1.206002 0.019887
v -0.624886 2.382030 0.019887
v -0.594302 1.206002 -0.173213
v -0.594302 2.382030 -0.173213
v -0.505544 1.206002 -0.347412
v -0.505544 2.382030 -0.347412
v -0.367299 1.206002 -0.485656
v -0.367299 2.382030 -0.485656
v -0.193100 1.206002 -0.574415
v -0.193100 2.382030 -0.574415
v 0.000000 1.794016 -0.604999
v 0.193100 1.794016 -0.574415
v 0.367299 1.794016 -0.485656
v 0.505544 1.794016 -0.347412
v 0.594302 1.794016 -0.173213
v 0.624886 1.794016 0.019887
v 0.594302 1.794016 0.212988
v 0.505544 1.794016 0.387186
v 0.367299 1.794016 0.525431
v 0.193100 1.794016 0.614189
v 0.000000 1.794016 0.644773
v -0.193100 1.794016 0.614189
v -0.367299 1.794016 0.525431
v -0.505544 1.794016 0.387186
v -0.594302 1.794016 0.212988
v -0.624886 1.794016 0.019887
v -0.594302 1.794016 -0.173213
v -0.505544 1.794016 -0.347412
v -0.367299 1.794016 -0.485656
v -0.193100 1.794016 -0.574415
v 0.097751 1.206002 -0.597290
v 0.097751 2.382030 -0.597290
v 0.283685 1.206002 -0.536876
v 0.283685 2.382030 -0.536876
v 0.441850 1.206002 -0.421963
v 0.441850 2.382030 -0.421963
v 0.556763 1.206002 -0.263798
v 0.556763 2.382030 -0.263798
v 0.617177 1.206002 -0.077864
v 0.617177 2.382030 -0.077864
v 0.617177 1.206002 0.117638
v 0.617177 2.382030 0.117638
v 0.556763 1.206002 0.303572
v 0.556763 2.382030 0.303572
v 0.441850 1.206002 0.461737
v 0.441850 2.382030 0.461737
v 0.283685 1.206002 0.576650
v 0.283685 2.382030 0.576650
v 0.097751 1.206002 0.637064
v 0.097751 2.382030 0.637064
v -0.097751 1.206002 0.637064
v -0.097751 2.382030 0.637064
v -0.283685 1.206002 0.576651
v -0.283685 2.382030 0.576651
v -0.441850 1.206002 0.461737
v -0.441850 2.382030 0.461737
v -0.556763 1.206002 0.303572
v -0.556763 2.382030 0.303572
v -0.617177 1.206002 0.117638
v -0.617177 2.382030 0.117638
v -0.617177 1.206002 -0.077864
v -0.617177 2.382030 -0.077864
v -0.556763 1.206002 -0.263798
v -0.556763 2.382030 -0.263798
v -0.441850 1.206002 -0.421963
v -0.441850 2.382030 -0.421963
v -0.283685 1.206002 -0.536876
v -0.283685 2.382030 -0.536876
v -0.097751 1.206002 -0.597290
v -0.097751 2.382030 -0.597290
v 0.000000 0.911478 -0.607899
v 0.193997 0.911478 -0.577173
v 0.194003 2.659600 -0.577192
v 0.000000 2.659600 -0.607919
v 0.369004 0.911478 -0.488003
v 0.369015 2.659600 -0.488018
v 0.507890 0.911478 -0.349116
v 0.507906 2.659600 -0.349128
v 0.597060 0.911478 -0.174109
v 0.597079 2.659600 -0.174115
v 0.627786 0.911478 0.019887
v 0.627806 2.659600 0.019887
v 0.597060 0.911478 0.213884
v 0.597079 2.659600 0.213890
v 0.507890 0.911478 0.388891
v 0.507906 2.659600 0.388902
v 0.369004 0.911478 0.527777
v 0.369015 2.659600 0.527793
v 0.193997 0.911478 0.616948
v 0.194003 2.659600 0.616966
v -0.000000 0.911478 0.647674
v 0.000000 2.659600 0.647693
v -0.193997 0.911478 0.616948
v -0.194003 2.659600 0.616966
v -0.369004 0.911478 0.527777
v -0.369015 2.659600 0.527793
v -0.507890 0.911478 0.388891
v -0.507906 2.659600 0.388902
v -0.597060 0.911478 0.213884
v -0.597079 2.659600 0.213890
v -0.627787 0.911478 0.019887
v -0.627806 2.659600 0.019887
v -0.597060 0.911478 -0.174109
v -0.597079 2.659600 -0.174115
v -0.507890 0.911478 -0.349116
v -0.507906 2.659600 -0.349128
v -0.369004 0.911478 -0.488003
v -0.369015 2.659600 -0.488018
v -0.193997 0.911478 -0.577173
v -0.194003 2.659600 -0.577192
v 0.097751 1.794016 -0.597290
v 0.283685 1.794016 -0.536876
v 0.441850 1.794016 -0.421963
v 0.556763 1.794016 -0.263798
v 0.617177 1.794016 -0.077864
v 0.617177 1.794016 0.117638
v 0.556763 1.794016 0.303572
v 0.441850 1.794016 0.461737
v 0.283685 1.794016 0.576651
v 0.097751 1.794016 0.637064
v -0.097751 1.794016 0.637064
v -0.283685 1.794016 0.576651
v -0.441850 1.794016 0.461737
v -0.556763 1.794016 0.303572
v -0.617177 1.794016 0.117638
v -0.617177 1.794016 -0.077864
v -0.556763 1.794016 -0.263798
v -0.441850 1.794016 -0.421963
v -0.283685 1.794016 -0.536876
v -0.097751 1.794016 -0.597290
v 0.098205 0.911478 -0.600154
v 0.098208 2.659600 -0.600173
v 0.285002 0.911478 -0.539460
v 0.285010 2.659600 -0.539477
v 0.443900 0.911478 -0.424013
v 0.443914 2.659600 -0.424027
v 0.559347 0.911478 -0.265114
v 0.559365 2.659600 -0.265123
v 0.620041 0.911478 -0.078318
v 0.620060 2.659600 -0.078321
v 0.620041 0.911478 0.118092
v 0.620060 2.659600 0.118095
v 0.559347 0.911478 0.304889
v 0.559365 2.659600 0.304898
v 0.443900 0.911478 0.463788
v 0.443914 2.659600 0.463801
v 0.285002 0.911478 0.579235
v 0.285010 2.659600 0.579252
v 0.098205 0.911478 0.639928
v 0.098208 2.659600 0.639947
v -0.098205 0.911478 0.639928
v -0.098208 2.659600 0.639947
v -0.285002 0.911478 0.579235
v -0.285010 2.659600 0.579252
v -0.443900 0.911478 0.463788
v -0.443914 2.659600 0.463801
v -0.559347 0.911478 0.304889
v -0.559365 2.659600 0.304898
v -0.620041 0.911478 0.118092
v -0.620060 2.659600 0.118095
v -0.620041 0.911478 -0.078318
v -0.620060 2.659600 -0.078321
v -0.559347 0.911478 -0.265114
v -0.559365 2.659600 -0.265123
v -0.443900 0.911478 -0.424013
v -0.443914 2.659600 -0.424027
v -0.285002 0.911478 -0.539460
v -0.285010 2.659600 -0.539477
v -0.098205 0.911478 -0.600154
v -0.098208 2.659600 -0.600173
vn 0.0786 -0.0000 -0.9969
vn 0.2333 -0.0000 -0.9724
vn 0.3828 -0.0000 -0.9238
vn 0.5224 -0.0000 -0.8527
vn 0.6496 -0.0000 -0.7603
vn 0.7603 -0.0000 -0.6496
vn 0.8527 -0.0000 -0.5224
vn 0.9238 -0.0000 -0.3828
vn 0.9724 -0.0000 -0.2333
vn 0.9969 -0.0000 -0.0786
vn 0.9969 -0.0000 0.0786
vn 0.9724 -0.0000 0.2333
vn 0.9238 -0.0000 0.3828
vn 0.8527 -0.0000 0.5224
vn 0.7603 -0.0000 0.6496
vn 0.6496 -0.0000 0.7603
vn 0.5224 -0.0000 0.8527
vn 0.3828 -0.0000 0.9238
vn 0.2333 -0.0000 0.9724
vn 0.0786 -0.0000 0.9969
vn -0.0786 -0.0000 0.9969
vn -0.2333 -0.0000 0.9724
vn -0.3828 -0.0000 0.9238
vn -0.5224 -0.0000 0.8527
vn -0.6496 -0.0000 0.7603
vn -0.7603 -0.0000 0.6496
vn -0.8527 -0.0000 0.5224
vn -0.9238 -0.0000 0.3828
vn -0.9724 -0.0000 0.2333
vn -0.9969 -0.0000 0.0786
vn -0.9969 -0.0000 -0.0786
vn -0.9724 -0.0000 -0.2333
vn -0.9238 -0.0000 -0.3828
vn -0.8527 -0.0000 -0.5224
vn -0.7603 -0.0000 -0.6496
vn -0.6496 -0.0000 -0.7603
vn -0.5224 -0.0000 -0.8527
vn -0.3828 -0.0000 -0.9238
vn -0.2333 -0.0000 -0.9724
vn -0.0786 -0.0000 -0.9969
vn 0.0786 0.0098 -0.9969
vn 0.2333 0.0098 -0.9724
vn 0.2333 -0.0105 -0.9724
vn 0.0786 -0.0105 -0.9968
vn 0.3828 0.0098 -0.9238
vn 0.5223 0.0098 -0.8527
vn 0.5223 -0.0105 -0.8527
vn 0.3828 -0.0105 -0.9238
vn 0.6495 0.0098 -0.7603
vn 0.7603 0.0098 -0.6495
vn 0.7603 -0.0105 -0.6495
vn 0.6495 -0.0105 -0.7603
vn 0.8527 0.0098 -0.5223
vn 0.9238 0.0098 -0.3828
vn 0.9238 -0.0105 -0.3828
vn 0.8527 -0.0105 -0.5223
vn 0.9724 0.0098 -0.2333
vn 0.9969 0.0098 -0.0786
vn 0.9968 -0.0105 -0.0786
vn 0.9724 -0.0105 -0.2333
vn 0.9969 0.0098 0.0786
vn 0.9724 0.0098 0.2333
vn 0.9724 -0.0105 0.2333
vn 0.9968 -0.0105 0.0786
vn 0.9238 0.0098 0.3828
vn 0.8527 0.0098 0.5223
vn 0.8527 -0.0105 0.5223
vn 0.9238 -0.0105 0.3828
vn 0.7603 0.0098 0.6495
vn 0.6495 0.0098 0.7603
vn 0.6495 -0.0105 0.7603
vn 0.7603 -0.0105 0.6495
vn 0.5223 0.0098 0.8527
vn 0.3828 0.0098 0.9238
vn 0.3828 -0.0105 0.9238
vn 0.5223 -0.0105 0.8527
vn 0.2333 0.0098 0.9724
vn 0.0786 0.0098 0.9969
vn 0.0786 -0.0105 0.9968
vn 0.2333 -0.0105 0.9724
vn -0.0786 0.0098 0.9969
vn -0.2333 0.0098 0.9724
vn -0.2333 -0.0105 0.9724
vn -0.0786 -0.0105 0.9968
vn -0.3828 0.0098 0.9238
vn -0.5223 0.0098 0.8527
vn -0.5223 -0.0105 0.8527
vn -0.3828 -0.0105 0.9238
vn -0.6495 0.0098 0.7603
vn -0.7603 0.0098 0.6495
vn -0.7603 -0.0105 0.6495
vn -0.6495 -0.0105 0.7603
vn -0.8527 0.0098 0.5223
vn -0.9238 0.0098 0.3828
vn -0.9238 -0.0105 0.3828
vn -0.8527 -0.0105 0.5223
vn -0.9724 0.0098 0.2333
vn -0.9969 0.0098 0.0786
vn -0.9968 -0.0105 0.0786
vn -0.9724 -0.0105 0.2333
vn -0.9969 0.0098 -0.0786
vn -0.9724 0.0098 -0.2333
vn -0.9724 -0.0105 -0.2333
vn -0.9968 -0.0105 -0.0786
vn -0.9238 0.0098 -0.3828
vn -0.8527 0.0098 -0.5223
vn -0.8527 -0.0105 -0.5223
vn -0.9238 -0.0105 -0.3828
vn -0.7603 0.0098 -0.6495
vn -0.6495 0.0098 -0.7603
vn -0.6495 -0.0105 -0.7603
vn -0.7603 -0.0105 -0.6495
vn -0.5223 0.0098 -0.8527
vn -0.3828 0.0098 -0.9238
vn -0.3828 -0.0105 -0.9238
vn -0.5223 -0.0105 -0.8527
vn -0.2333 0.0098 -0.9724
vn -0.0786 0.0098 -0.9969
vn -0.0786 -0.0105 -0.9968
vn -0.2333 -0.0105 -0.9724
vt 1.000000 0.500000
vt 1.000000 0.750000
vt 0.975000 0.750000
vt 0.975000 0.576389
vt 1.000000 1.000000
vt 0.975000 0.923611
vt 0.950000 0.916667
vt 0.950000 0.750000
vt 0.950000 0.583333
vt 0.925000 0.750000
vt 0.925000 0.583333
vt 0.925000 0.916667
vt 0.900000 0.916667
vt 0.900000 0.750000
vt 0.900000 0.583333
vt 0.875000 0.750000
vt 0.875000 0.583333
vt 0.875000 0.916667
vt 0.850000 0.916667
vt 0.850000 0.750000
vt 0.850000 0.583333
vt 0.825000 0.750000
vt 0.825000 0.583333
vt 0.825000 0.916667
vt 0.800000 0.916667
vt 0.800000 0.750000
vt 0.800000 0.583333
vt 0.775000 0.750000
vt 0.775000 0.583333
vt 0.775000 0.916667
vt 0.750000 0.916667
vt 0.750000 0.750000
vt 0.750000 0.583333
vt 0.725000 0.750000
vt 0.725000 0.583333
vt 0.725000 0.916667
vt 0.700000 0.916667
vt 0.700000 0.750000
vt 0.700000 0.583333
vt 0.675000 0.750000
vt 0.675000 0.583333
vt 0.675000 0.916667
vt 0.650000 0.916667
vt 0.650000 0.750000
vt 0.650000 0.583333
vt 0.625000 0.750000
vt 0.625000 0.583333
vt 0.625000 0.916667
vt 0.600000 0.916667
vt 0.600000 0.750000
vt 0.600000 0.583333
vt 0.575000 0.750000
vt 0.575000 0.583333
vt 0.575000 0.916667
vt 0.550000 0.916667
vt 0.550000 0.750000
vt 0.550000 0.583333
vt 0.525000 0.750000
vt 0.525000 0.583333
vt 0.525000 0.916667
vt 0.500000 0.916667
vt 0.500000 0.750000
vt 0.500000 0.583333
vt 0.475000 0.750000
vt 0.475000 0.583333
vt 0.475000 0.916667
vt 0.450000 0.916667
vt 0.450000 0.750000
vt 0.450000 0.583333
vt 0.425000 0.750000
vt 0.425000 0.583333
vt 0.425000 0.916667
vt 0.400000 0.916667
vt 0.400000 0.750000
vt 0.400000 0.583333
vt 0.375000 0.750000
vt 0.375000 0.583333
vt 0.375000 0.916667
vt 0.350000 0.916667
vt 0.350000 0.750000
vt 0.350000 0.583333
vt 0.325000 0.750000
vt 0.325000 0.583333
vt 0.325000 0.916667
vt 0.300000 0.916667
vt 0.300000 0.750000
vt 0.300000 0.583333
vt 0.275000 0.750000
vt 0.275000 0.583333
vt 0.275000 0.916667
vt 0.250000 0.916667
vt 0.250000 0.750000
vt 0.250000 0.583333
vt 0.225000 0.750000
vt 0.225000 0.583333
vt 0.225000 0.916667
vt 0.200000 0.916667
vt 0.200000 0.750000
vt 0.200000 0.583333
vt 0.175000 0.750000
vt 0.175000 0.583333
vt 0.175000 0.916667
vt 0.150000 0.916667
vt 0.150000 0.750000
vt 0.150000 0.583333
vt 0.125000 0.750000
vt 0.125000 0.583333
vt 0.125000 0.916667
vt 0.100000 0.916667
vt 0.100000 0.750000
vt 0.100000 0.583333
vt 0.075000 0.750000
vt 0.075000 0.583333
vt 0.075000 0.916667
vt 0.050000 0.916667
vt 0.050000 0.750000
vt 0.050000 0.583333
vt 0.025000 0.750000
vt 0.025000 0.576389
vt 0.025000 0.923611
vt -0.000000 1.000000
vt -0.000000 0.750000
vt -0.000000 0.500000
vt 0.975000 0.508681
vt 1.000000 0.500000
vt 0.950000 0.510417
vt 0.975000 0.991320
vt 0.950000 0.989583
vt 1.000000 1.000000
vt 0.925000 0.510417
vt 0.900000 0.510417
vt 0.925000 0.989583
vt 0.900000 0.989583
vt 0.875000 0.510417
vt 0.850000 0.510417
vt 0.875000 0.989583
vt 0.850000 0.989583
vt 0.825000 0.510417
vt 0.800000 0.510417
vt 0.825000 0.989583
vt 0.800000 0.989583
vt 0.775000 0.510417
vt 0.750000 0.510417
vt 0.775000 0.989583
vt 0.750000 0.989583
vt 0.725000 0.510417
vt 0.700000 0.510417
vt 0.725000 0.989583
vt 0.700000 0.989583
vt 0.675000 0.510417
vt 0.650000 0.510417
vt 0.675000 0.989583
vt 0.650000 0.989583
vt 0.625000 0.510417
vt 0.600000 0.510417
vt 0.625000 0.989583
vt 0.600000 0.989583
vt 0.575000 0.510417
vt 0.550000 0.510417
vt 0.575000 0.989583
vt 0.550000 0.989583
vt 0.525000 0.510417
vt 0.500000 0.510417
vt 0.525000 0.989583
vt 0.500000 0.989583
vt 0.475000 0.510417
vt 0.450000 0.510417
vt 0.475000 0.989583
vt 0.450000 0.989583
vt 0.425000 0.510417
vt 0.400000 0.510417
vt 0.425000 0.989583
vt 0.400000 0.989583
vt 0.375000 0.510417
vt 0.350000 0.510417
vt 0.375000 0.989583
vt 0.350000 0.989583
vt 0.325000 0.510417
vt 0.300000 0.510417
vt 0.325000 0.989583
vt 0.300000 0.989583
vt 0.275000 0.510417
vt 0.250000 0.510417
vt 0.275000 0.989583
vt 0.250000 0.989583
vt 0.225000 0.510417
vt 0.200000 0.510417
vt 0.225000 0.989583
vt 0.200000 0.989583
vt 0.175000 0.510417
vt 0.150000 0.510417
vt 0.175000 0.989583
vt 0.150000 0.989583
vt 0.125000 0.510417
vt 0.100000 0.510417
vt 0.125000 0.989583
vt 0.100000 0.989583
vt 0.075000 0.510417
vt 0.050000 0.510417
vt 0.075000 0.989583
vt 0.050000 0.989583
vt 0.025000 0.508681
vt -0.000000 0.500000
vt 0.025000 0.991320
vt -0.000000 1.000000
s 0
usemtl Material.009
f 5205/1130/3419 5245/1131/3419 5345/1132/3419 5265/1133/3419
f 5245/1131/3419 5206/1134/3419 5266/1135/3419 5345/1132/3419
f 5345/1132/3420 5266/1135/3420 5208/1136/3420 5246/1137/3420
f 5265/1133/3420 5345/1132/3420 5246/1137/3420 5207/1138/3420
f 5207/1138/3421 5246/1137/3421 5346/1139/3421 5267/1140/3421
f 5246/1137/3421 5208/1136/3421 5268/1141/3421 5346/1139/3421
f 5346/1139/3422 5268/1141/3422 5210/1142/3422 5247/1143/3422
f 5267/1140/3422 5346/1139/3422 5247/1143/3422 5209/1144/3422
f 5209/1144/3423 5247/1143/3423 5347/1145/3423 5269/1146/3423
f 5247/1143/3423 5210/1142/3423 5270/1147/3423 5347/1145/3423
f 5347/1145/3424 5270/1147/3424 5212/1148/3424 5248/1149/3424
f 5269/1146/3424 5347/1145/3424 5248/1149/3424 5211/1150/3424
f 5211/1150/3425 5248/1149/3425 5348/1151/3425 5271/1152/3425
f 5248/1149/3425 5212/1148/3425 5272/1153/3425 5348/1151/3425
f 5348/1151/3426 5272/1153/3426 5214/1154/3426 5249/1155/3426
f 5271/1152/3426 5348/1151/3426 5249/1155/3426 5213/1156/3426
f 5213/1156/3427 5249/1155/3427 5349/1157/3427 5273/1158/3427
f 5249/1155/3427 5214/1154/3427 5274/1159/3427 5349/1157/3427
f 5349/1157/3428 5274/1159/3428 5216/1160/3428 5250/1161/3428
f 5273/1158/3428 5349/1157/3428 5250/1161/3428 5215/1162/3428
f 5215/1162/3429 5250/1161/3429 5350/1163/3429 5275/1164/3429
f 5250/1161/3429 5216/1160/3429 5276/1165/3429 5350/1163/3429
f 5350/1163/3430 5276/1165/3430 5218/1166/3430 5251/1167/3430
f 5275/1164/3430 5350/1163/3430 5251/1167/3430 5217/1168/3430
f 5217/1168/3431 5251/1167/3431 5351/1169/3431 5277/1170/3431
f 5251/1167/3431 5218/1166/3431 5278/1171/3431 5351/1169/3431
f 5351/1169/3432 5278/1171/3432 5220/1172/3432 5252/1173/3432
f 5277/1170/3432 5351/1169/3432 5252/1173/3432 5219/1174/3432
f 5219/1174/3433 5252/1173/3433 5352/1175/3433 5279/1176/3433
f 5252/1173/3433 5220/1172/3433 5280/1177/3433 5352/1175/3433
f 5352/1175/3434 5280/1177/3434 5222/1178/3434 5253/1179/3434
f 5279/1176/3434 5352/1175/3434 5253/1179/3434 5221/1180/3434
f 5221/1180/3435 5253/1179/3435 5353/1181/3435 5281/1182/3435
f 5253/1179/3435 5222/1178/3435 5282/1183/3435 5353/1181/3435
f 5353/1181/3436 5282/1183/3436 5224/1184/3436 5254/1185/3436
f 5281/1182/3436 5353/1181/3436 5254/1185/3436 5223/1186/3436
f 5223/1186/3437 5254/1185/3437 5354/1187/3437 5283/1188/3437
f 5254/1185/3437 5224/1184/3437 5284/1189/3437 5354/1187/3437
f 5354/1187/3438 5284/1189/3438 5226/1190/3438 5255/1191/3438
f 5283/1188/3438 5354/1187/3438 5255/1191/3438 5225/1192/3438
f 5225/1192/3439 5255/1191/3439 5355/1193/3439 5285/1194/3439
f 5255/1191/3439 5226/1190/3439 5286/1195/3439 5355/1193/3439
f 5355/1193/3440 5286/1195/3440 5228/1196/3440 5256/1197/3440
f 5285/1194/3440 5355/1193/3440 5256/1197/3440 5227/1198/3440
f 5227/1198/3441 5256/1197/3441 5356/1199/3441 5287/1200/3441
f 5256/1197/3441 5228/1196/3441 5288/1201/3441 5356/1199/3441
f 5356/1199/3442 5288/1201/3442 5230/1202/3442 5257/1203/3442
f 5287/1200/3442 5356/1199/3442 5257/1203/3442 5229/1204/3442
f 5229/1204/3443 5257/1203/3443 5357/1205/3443 5289/1206/3443
f 5257/1203/3443 5230/1202/3443 5290/1207/3443 5357/1205/3443
f 5357/1205/3444 5290/1207/3444 5232/1208/3444 5258/1209/3444
f 5289/1206/3444 5357/1205/3444 5258/1209/3444 5231/1210/3444
f 5231/1210/3445 5258/1209/3445 5358/1211/3445 5291/1212/3445
f 5258/1209/3445 5232/1208/3445 5292/1213/3445 5358/1211/3445
f 5358/1211/3446 5292/1213/3446 5234/1214/3446 5259/1215/3446
f 5291/1212/3446 5358/1211/3446 5259/1215/3446 5233/1216/3446
f 5233/1216/3447 5259/1215/3447 5359/1217/3447 5293/1218/3447
f 5259/1215/3447 5234/1214/3447 5294/1219/3447 5359/1217/3447
f 5359/1217/3448 5294/1219/3448 5236/1220/3448 5260/1221/3448
f 5293/1218/3448 5359/1217/3448 5260/1221/3448 5235/1222/3448
f 5235/1222/3449 5260/1221/3449 5360/1223/3449 5295/1224/3449
f 5260/1221/3449 5236/1220/3449 5296/1225/3449 5360/1223/3449
f 5360/1223/3450 5296/1225/3450 5238/1226/3450 5261/1227/3450
f 5295/1224/3450 5360/1223/3450 5261/1227/3450 5237/1228/3450
f 5237/1228/3451 5261/1227/3451 5361/1229/3451 5297/1230/3451
f 5261/1227/3451 5238/1226/3451 5298/1231/3451 5361/1229/3451
f 5361/1229/3452 5298/1231/3452 5240/1232/3452 5262/1233/3452
f 5297/1230/3452 5361/1229/3452 5262/1233/3452 5239/1234/3452
f 5239/1234/3453 5262/1233/3453 5362/1235/3453 5299/1236/3453
f 5262/1233/3453 5240/1232/3453 5300/1237/3453 5362/1235/3453
f 5362/1235/3454 5300/1237/3454 5242/1238/3454 5263/1239/3454
f 5299/1236/3454 5362/1235/3454 5263/1239/3454 5241/1240/3454
f 5241/1240/3455 5263/1239/3455 5363/1241/3455 5301/1242/3455
f 5263/1239/3455 5242/1238/3455 5302/1243/3455 5363/1241/3455
f 5363/1241/3456 5302/1243/3456 5244/1244/3456 5264/1245/3456
f 5301/1242/3456 5363/1241/3456 5264/1245/3456 5243/1246/3456
f 5243/1246/3457 5264/1245/3457 5364/1247/3457 5303/1248/3457
f 5264/1245/3457 5244/1244/3457 5304/1249/3457 5364/1247/3457
f 5364/1247/3458 5304/1249/3458 5206/1250/3458 5245/1251/3458
f 5303/1248/3458 5364/1247/3458 5245/1251/3458 5205/1252/3458
f 5205/1130/3459 5265/1133/3459 5365/1253/3459 5305/1254/3459
f 5265/1133/3460 5207/1138/3460 5306/1255/3460 5365/1253/3460
f 5208/1136/3461 5266/1135/3461 5366/1256/3461 5307/1257/3461
f 5266/1135/3462 5206/1134/3462 5308/1258/3462 5366/1256/3462
f 5207/1138/3463 5267/1140/3463 5367/1259/3463 5306/1255/3463
f 5267/1140/3464 5209/1144/3464 5309/1260/3464 5367/1259/3464
f 5210/1142/3465 5268/1141/3465 5368/1261/3465 5310/1262/3465
f 5268/1141/3466 5208/1136/3466 5307/1257/3466 5368/1261/3466
f 5209/1144/3467 5269/1146/3467 5369/1263/3467 5309/1260/3467
f 5269/1146/3468 5211/1150/3468 5311/1264/3468 5369/1263/3468
f 5212/1148/3469 5270/1147/3469 5370/1265/3469 5312/1266/3469
f 5270/1147/3470 5210/1142/3470 5310/1262/3470 5370/1265/3470
f 5211/1150/3471 5271/1152/3471 5371/1267/3471 5311/1264/3471
f 5271/1152/3472 5213/1156/3472 5313/1268/3472 5371/1267/3472
f 5214/1154/3473 5272/1153/3473 5372/1269/3473 5314/1270/3473
f 5272/1153/3474 5212/1148/3474 5312/1266/3474 5372/1269/3474
f 5213/1156/3475 5273/1158/3475 5373/1271/3475 5313/1268/3475
f 5273/1158/3476 5215/1162/3476 5315/1272/3476 5373/1271/3476
f 5216/1160/3477 5274/1159/3477 5374/1273/3477 5316/1274/3477
f 5274/1159/3478 5214/1154/3478 5314/1270/3478 5374/1273/3478
f 5215/1162/3479 5275/1164/3479 5375/1275/3479 5315/1272/3479
f 5275/1164/3480 5217/1168/3480 5317/1276/3480 5375/1275/3480
f 5218/1166/3481 5276/1165/3481 5376/1277/3481 5318/1278/3481
f 5276/1165/3482 5216/1160/3482 5316/1274/3482 5376/1277/3482
f 5217/1168/3483 5277/1170/3483 5377/1279/3483 5317/1276/3483
f 5277/1170/3484 5219/1174/3484 5319/1280/3484 5377/1279/3484
f 5220/1172/3485 5278/1171/3485 5378/1281/3485 5320/1282/3485
f 5278/1171/3486 5218/1166/3486 5318/1278/3486 5378/1281/3486
f 5219/1174/3487 5279/1176/3487 5379/1283/3487 5319/1280/3487
f 5279/1176/3488 5221/1180/3488 5321/1284/3488 5379/1283/3488
f 5222/1178/3489 5280/1177/3489 5380/1285/3489 5322/1286/3489
f 5280/1177/3490 5220/1172/3490 5320/1282/3490 5380/1285/3490
f 5221/1180/3491 5281/1182/3491 5381/1287/3491 5321/1284/3491
f 5281/1182/3492 5223/1186/3492 5323/1288/3492 5381/1287/3492
f 5224/1184/3493 5282/1183/3493 5382/1289/3493 5324/1290/3493
f 5282/1183/3494 5222/1178/3494 5322/1286/3494 5382/1289/3494
f 5223/1186/3495 5283/1188/3495 5383/1291/3495 5323/1288/3495
f 5283/1188/3496 5225/1192/3496 5325/1292/3496 5383/1291/3496
f 5226/1190/3497 5284/1189/3497 5384/1293/3497 5326/1294/3497
f 5284/1189/3498 5224/1184/3498 5324/1290/3498 5384/1293/3498
f 5225/1192/3499 5285/1194/3499 5385/1295/3499 5325/1292/3499
f 5285/1194/3500 5227/1198/3500 5327/1296/3500 5385/1295/3500
f 5228/1196/3501 5286/1195/3501 5386/1297/3501 5328/1298/3501
f 5286/1195/3502 5226/1190/3502 5326/1294/3502 5386/1297/3502
f 5227/1198/3503 5287/1200/3503 5387/1299/3503 5327/1296/3503
f 5287/1200/3504 5229/1204/3504 5329/1300/3504 5387/1299/3504
f 5230/1202/3505 5288/1201/3505 5388/1301/3505 5330/1302/3505
f 5288/1201/3506 5228/1196/3506 5328/1298/3506 5388/1301/3506
f 5229/1204/3507 5289/1206/3507 5389/1303/3507 5329/1300/3507
f 5289/1206/3508 5231/1210/3508 5331/1304/3508 5389/1303/3508
f 5232/1208/3509 5290/1207/3509 5390/1305/3509 5332/1306/3509
f 5290/1207/3510 5230/1202/3510 5330/1302/3510 5390/1305/3510
f 5231/1210/3511 5291/1212/3511 5391/1307/3511 5331/1304/3511
f 5291/1212/3512 5233/1216/3512 5333/1308/3512 5391/1307/3512
f 5234/1214/3513 5292/1213/3513 5392/1309/3513 5334/1310/3513
f 5292/1213/3514 5232/1208/3514 5332/1306/3514 5392/1309/3514
f 5233/1216/3515 5293/1218/3515 5393/1311/3515 5333/1308/3515
f 5293/1218/3516 5235/1222/3516 5335/1312/3516 5393/1311/3516
f 5236/1220/3517 5294/1219/3517 5394/1313/3517 5336/1314/3517
f 5294/1219/3518 5234/1214/3518 5334/1310/3518 5394/1313/3518
f 5235/1222/3519 5295/1224/3519 5395/1315/3519 5335/1312/3519
f 5295/1224/3520 5237/1228/3520 5337/1316/3520 5395/1315/3520
f 5238/1226/3521 5296/1225/3521 5396/1317/3521 5338/1318/3521
f 5296/1225/3522 5236/1220/3522 5336/1314/3522 5396/1317/3522
f 5237/1228/3523 5297/1230/3523 5397/1319/3523 5337/1316/3523
f 5297/1230/3524 5239/1234/3524 5339/1320/3524 5397/1319/3524
f 5240/1232/3525 5298/1231/3525 5398/1321/3525 5340/1322/3525
f 5298/1231/3526 5238/1226/3526 5338/1318/3526 5398/1321/3526
f 5239/1234/3527 5299/1236/3527 5399/1323/3527 5339/1320/3527
f 5299/1236/3528 5241/1240/3528 5341/1324/3528 5399/1323/3528
f 5242/1238/3529 5300/1237/3529 5400/1325/3529 5342/1326/3529
f 5300/1237/3530 5240/1232/3530 5340/1322/3530 5400/1325/3530
f 5241/1240/3531 5301/1242/3531 5401/1327/3531 5341/1324/3531
f 5301/1242/3532 5243/1246/3532 5343/1328/3532 5401/1327/3532
f 5244/1244/3533 5302/1243/3533 5402/1329/3533 5344/1330/3533
f 5302/1243/3534 5242/1238/3534 5342/1326/3534 5402/1329/3534
f 5243/1246/3535 5303/1248/3535 5403/1331/3535 5343/1328/3535
f 5303/1248/3536 5205/1252/3536 5305/1332/3536 5403/1331/3536
f 5206/1250/3537 5304/1249/3537 5404/1333/3537 5308/1334/3537
f 5304/1249/3538 5244/1244/3538 5344/1330/3538 5404/1333/3538
