# Blender 5.1.0
# www.blender.org
mtllib modified_bottle_ns.mtl
o bot.004
v -0.000000 2.622938 -0.588242
v 0.000000 3.137248 -0.563902
v 0.187922 2.622938 -0.558479
v 0.180401 3.137248 -0.535329
v 0.357450 2.622938 -0.472100
v 0.343143 3.137248 -0.452408
v 0.491987 2.622938 -0.337563
v 0.472295 3.137248 -0.323255
v 0.578366 2.622938 -0.168035
v 0.555216 3.137248 -0.160514
v 0.608130 2.622938 0.019887
v 0.583789 3.137248 0.019887
v 0.578366 2.622938 0.207810
v 0.555216 3.137248 0.200288
v 0.491987 2.622938 0.377337
v 0.472295 3.137248 0.363030
v 0.357450 2.622938 0.511875
v 0.343143 3.137248 0.492183
v 0.187922 2.622938 0.598253
v 0.180401 3.137248 0.575104
v 0.000000 2.622938 0.628017
v 0.000000 3.137248 0.603676
v -0.187922 2.622938 0.598253
v -0.180401 3.137248 0.575104
v -0.357450 2.622938 0.511874
v -0.343143 3.137248 0.492183
v -0.491987 2.622938 0.377337
v -0.472295 3.137248 0.363030
v -0.578366 2.622938 0.207810
v -0.555216 3.137248 0.200288
v -0.608130 2.622938 0.019887
v -0.583789 3.137248 0.019887
v -0.578366 2.622938 -0.168035
v -0.555216 3.137248 -0.160514
v -0.491987 2.622938 -0.337563
v -0.472295 3.137248 -0.323255
v -0.357450 2.622938 -0.472100
v -0.343143 3.137248 -0.452408
v -0.187922 2.622938 -0.558479
v -0.180401 3.137248 -0.535329
v 0.000000 3.640327 -0.585813
v 0.187172 3.640327 -0.556168
v 0.356021 3.640327 -0.470134
v 0.490022 3.640327 -0.336134
v 0.576055 3.640327 -0.167284
v 0.605700 3.640327 0.019887
v 0.576055 3.640327 0.207059
v 0.490022 3.640327 0.375909
v 0.356022 3.640327 0.509909
v 0.187172 3.640327 0.595942
v 0.000000 3.640327 0.625587
v -0.187172 3.640327 0.595942
v -0.356021 3.640327 0.509909
v -0.490022 3.640327 0.375909
v -0.576055 3.640327 0.207059
v -0.605700 3.640327 0.019887
v -0.576055 3.640327 -0.167284
v -0.490022 3.640327 -0.336134
v -0.356022 3.640327 -0.470134
v -0.187172 3.640327 -0.556168
v 0.000000 3.814165 -0.560282
v 0.179282 3.814165 -0.531886
v 0.341015 3.814165 -0.449479
v 0.469367 3.814165 -0.321128
v 0.551773 3.814165 -0.159395
v 0.580169 3.814165 0.019887
v 0.551773 3.814165 0.199169
v 0.469367 3.814165 0.360902
v 0.341015 3.814165 0.489254
v 0.179282 3.814165 0.571661
v 0.000000 3.814165 0.600056
v -0.179282 3.814165 0.571661
v -0.341015 3.814165 0.489254
v -0.469367 3.814165 0.360902
v -0.551773 3.814165 0.199169
v -0.580169 3.814165 0.019887
v -0.551773 3.814165 -0.159395
v -0.469367 3.814165 -0.321128
v -0.341015 3.814165 -0.449479
v -0.179282 3.814165 -0.531886
v 0.000000 3.970355 -0.516476
v 0.165745 3.970355 -0.490224
v 0.315266 3.970355 -0.414040
v 0.433927 3.970355 -0.295379
v 0.510112 3.970355 -0.145858
v 0.536363 3.970355 0.019887
v 0.510112 3.970355 0.185632
v 0.433927 3.970355 0.335154
v 0.315266 3.970355 0.453814
v 0.165745 3.970355 0.529999
v 0.000000 3.970355 0.556250
v -0.165745 3.970355 0.529999
v -0.315266 3.970355 0.453814
v -0.433927 3.970355 0.335154
v -0.510112 3.970355 0.185632
v -0.536363 3.970355 0.019887
v -0.510112 3.970355 -0.145858
v -0.433927 3.970355 -0.295379
v -0.315266 3.970355 -0.414040
v -0.165745 3.970355 -0.490224
v 0.000000 4.204804 -0.414322
v 0.134178 4.204804 -0.393071
v 0.255222 4.204804 -0.331396
v 0.351283 4.204804 -0.235335
v 0.412958 4.204804 -0.114291
v 0.434209 4.204804 0.019887
v 0.412958 4.204804 0.154065
v 0.351283 4.204804 0.275109
v 0.255222 4.204804 0.371170
v 0.134178 4.204804 0.432845
v 0.000000 4.204804 0.454097
v -0.134178 4.204804 0.432845
v -0.255222 4.204804 0.371170
v -0.351283 4.204804 0.275109
v -0.412958 4.204804 0.154065
v -0.434209 4.204804 0.019887
v -0.412958 4.204804 -0.114291
v -0.351283 4.204804 -0.235335
v -0.255222 4.204804 -0.331396
v -0.134178 4.204804 -0.393071
v 0.000000 4.345093 -0.176932
v 0.060820 4.345093 -0.167299
v 0.115687 4.345093 -0.139343
v 0.159230 4.345093 -0.095800
v 0.187186 4.345093 -0.040933
v 0.196819 4.345093 0.019887
v 0.187186 4.345093 0.080708
v 0.159230 4.345093 0.135574
v 0.115687 4.345093 0.179117
v 0.060820 4.345093 0.207073
v 0.000000 4.345093 0.216706
v -0.060820 4.345093 0.207073
v -0.115687 4.345093 0.179117
v -0.159230 4.345093 0.135574
v -0.187186 4.345093 0.080708
v -0.196819 4.345093 0.019887
v -0.187186 4.345093 -0.040933
v -0.159230 4.345093 -0.095800
v -0.115687 4.345093 -0.139343
v -0.060820 4.345093 -0.167299
v 0.000000 4.345093 -0.198886
v 0.067605 4.345093 -0.188178
v 0.128592 4.345093 -0.157104
v 0.176991 4.345093 -0.108704
v 0.208066 4.345093 -0.047717
v 0.218773 4.345093 0.019887
v 0.208066 4.345093 0.087492
v 0.176991 4.345093 0.148479
v 0.128592 4.345093 0.196878
v 0.067605 4.345093 0.227953
v 0.000000 4.345093 0.238660
v -0.067605 4.345093 0.227953
v -0.128592 4.345093 0.196878
v -0.176991 4.345093 0.148479
v -0.208065 4.345093 0.087492
v -0.218773 4.345093 0.019887
v -0.208065 4.345093 -0.047717
v -0.176991 4.345093 -0.108704
v -0.128592 4.345093 -0.157104
v -0.067605 4.345093 -0.188178
v 0.000000 4.364831 -0.198668
v 0.067537 4.364831 -0.187971
v 0.128463 4.364831 -0.156927
v 0.176815 4.364831 -0.108576
v 0.207858 4.364831 -0.047650
v 0.218555 4.364831 0.019887
v 0.207858 4.364831 0.087424
v 0.176815 4.364831 0.148350
v 0.128463 4.364831 0.196702
v 0.067537 4.364831 0.227745
v 0.000000 4.364831 0.238442
v -0.067537 4.364831 0.227745
v -0.128463 4.364831 0.196702
v -0.176814 4.364831 0.148350
v -0.207858 4.364831 0.087424
v -0.218555 4.364831 0.019887
v -0.207858 4.364831 -0.047650
v -0.176814 4.364831 -0.108576
v -0.128463 4.364831 -0.156927
v -0.067537 4.364831 -0.187971
v 0.000000 4.364831 -0.175840
v 0.060483 4.364831 -0.166261
v 0.115046 4.364831 -0.138460
v 0.158347 4.364831 -0.095159
v 0.186148 4.364831 -0.040596
v 0.195728 4.364831 0.019887
v 0.186148 4.364831 0.080370
v 0.158347 4.364831 0.134933
v 0.115046 4.364831 0.178234
v 0.060483 4.364831 0.206035
v 0.000000 4.364831 0.215615
v -0.060483 4.364831 0.206035
v -0.115046 4.364831 0.178234
v -0.158347 4.364831 0.134933
v -0.186148 4.364831 0.080370
v -0.195728 4.364831 0.019887
v -0.186148 4.364831 -0.040596
v -0.158347 4.364831 -0.095159
v -0.115046 4.364831 -0.138460
v -0.060483 4.364831 -0.166261
v 0.000000 4.379224 -0.171807
v 0.059237 4.379224 -0.162425
v 0.112675 4.379224 -0.135197
v 0.155084 4.379224 -0.092788
v 0.182312 4.379224 -0.039350
v 0.191695 4.379224 0.019887
v 0.182312 4.379224 0.079124
v 0.155084 4.379224 0.132562
v 0.112675 4.379224 0.174971
v 0.059237 4.379224 0.202200
v 0.000000 4.379224 0.211582
v -0.059237 4.379224 0.202200
v -0.112675 4.379224 0.174971
v -0.155084 4.379224 0.132562
v -0.182312 4.379224 0.079124
v -0.191695 4.379224 0.019887
v -0.182312 4.379224 -0.039350
v -0.155084 4.379224 -0.092788
v -0.112675 4.379224 -0.135197
v -0.059237 4.379224 -0.162425
v 0.000000 4.384564 -0.178503
v 0.061306 4.384564 -0.168793
v 0.116611 4.384564 -0.140614
v 0.160501 4.384564 -0.096724
v 0.188680 4.384564 -0.041419
v 0.198390 4.384564 0.019887
v 0.188680 4.384564 0.081193
v 0.160501 4.384564 0.136498
v 0.116611 4.384564 0.180388
v 0.061306 4.384564 0.208567
v 0.000000 4.384564 0.218277
v -0.061306 4.384564 0.208567
v -0.116611 4.384564 0.180388
v -0.160501 4.384564 0.136498
v -0.188680 4.384564 0.081193
v -0.198390 4.384564 0.019887
v -0.188680 4.384564 -0.041419
v -0.160501 4.384564 -0.096724
v -0.116611 4.384564 -0.140614
v -0.061306 4.384564 -0.168793
v 0.000000 4.589356 -0.129146
v 0.046054 4.589356 -0.121852
v 0.087599 4.589356 -0.100683
v 0.120570 4.589356 -0.067712
v 0.141739 4.589356 -0.026167
v 0.149033 4.589356 0.019887
v 0.141739 4.589356 0.065941
v 0.120570 4.589356 0.107487
v 0.087599 4.589356 0.140457
v 0.046054 4.589356 0.161626
v 0.000000 4.589356 0.168920
v -0.046054 4.589356 0.161626
v -0.087599 4.589356 0.140457
v -0.120570 4.589356 0.107487
v -0.141739 4.589356 0.065941
v -0.149033 4.589356 0.019887
v -0.141739 4.589356 -0.026167
v -0.120570 4.589356 -0.067712
v -0.087599 4.589356 -0.100683
v -0.046054 4.589356 -0.121852
v -0.000000 1.668005 -0.588242
v 0.187922 1.668005 -0.558479
v 0.357450 1.668005 -0.472100
v 0.491987 1.668005 -0.337562
v 0.578366 1.668005 -0.168035
v 0.608130 1.668005 0.019887
v 0.578366 1.668005 0.207810
v 0.491987 1.668005 0.377337
v 0.357450 1.668005 0.511874
v 0.187922 1.668005 0.598253
v -0.000000 1.668005 0.628017
v -0.187922 1.668005 0.598253
v -0.357450 1.668005 0.511874
v -0.491987 1.668005 0.377337
v -0.578366 1.668005 0.207810
v -0.608130 1.668005 0.019887
v -0.578366 1.668005 -0.168035
v -0.491987 1.668005 -0.337562
v -0.357450 1.668005 -0.472100
v -0.187922 1.668005 -0.558479
v -0.000000 0.794550 -0.588238
v 0.187921 0.794550 -0.558474
v 0.357447 0.794550 -0.472096
v 0.491984 0.794550 -0.337560
v 0.578361 0.794550 -0.168034
v 0.608125 0.794550 0.019887
v 0.578361 0.794550 0.207808
v 0.491984 0.794550 0.377334
v 0.357447 0.794550 0.511871
v 0.187921 0.794550 0.598249
v -0.000000 0.794550 0.628012
v -0.187921 0.794550 0.598248
v -0.357447 0.794550 0.511871
v -0.491984 0.794550 0.377334
v -0.578361 0.794550 0.207808
v -0.608125 0.794550 0.019887
v -0.578361 0.794550 -0.168034
v -0.491984 0.794550 -0.337560
v -0.357447 0.794550 -0.472096
v -0.187921 0.794550 -0.558474
v -0.000055 0.411917 -0.594321
v 0.189774 0.411917 -0.564269
v 0.361023 0.411917 -0.477018
v 0.496922 0.411917 -0.341112
v 0.584164 0.411917 -0.169862
v 0.614208 0.411917 0.019962
v 0.584120 0.411917 0.209772
v 0.496850 0.411917 0.380985
v 0.360951 0.411916 0.516844
v 0.189729 0.411916 0.604057
v -0.000055 0.411916 0.634096
v -0.189828 0.411916 0.604025
v -0.361023 0.411916 0.516792
v -0.496888 0.411916 0.380933
v -0.584130 0.411916 0.209740
v -0.614208 0.411916 0.019962
v -0.584174 0.411916 -0.169830
v -0.496960 0.411917 -0.341060
v -0.361094 0.411917 -0.476966
v -0.189872 0.411917 -0.564236
v 0.000037 0.267082 -0.057820
v -0.000118 0.267082 0.096349
v 0.023874 0.267082 -0.054044
v 0.044834 0.267082 -0.042000
v 0.061892 0.267082 -0.024942
v 0.073631 0.267082 -0.003981
v 0.076430 0.267082 0.019801
v 0.072395 0.267082 0.043410
v 0.061583 0.267082 0.064630
v 0.044743 0.267082 0.081470
v 0.023523 0.267082 0.092283
v -0.023996 0.267082 0.093646
v -0.044861 0.267082 0.081811
v -0.061583 0.267082 0.064630
v -0.072396 0.267082 0.043410
v -0.076121 0.267082 0.019887
v -0.072396 0.267082 -0.003636
v -0.061583 0.267082 -0.024856
v -0.044743 0.267082 -0.041696
v -0.023536 0.267082 -0.052829
v 0.061823 4.557276 -0.170385
v 0.000000 4.557276 -0.180177
v 0.117595 4.557276 -0.141968
v 0.161855 4.557276 -0.097707
v 0.190272 4.557276 -0.041936
v 0.200064 4.557276 0.019887
v 0.190272 4.557276 0.081710
v 0.161855 4.557276 0.137482
v 0.117595 4.557276 0.181742
v 0.061823 4.557276 0.210159
v 0.000000 4.557276 0.219951
v -0.061823 4.557276 0.210159
v -0.117595 4.557276 0.181742
v -0.161855 4.557276 0.137482
v -0.190272 4.557276 0.081710
v -0.200064 4.557276 0.019887
v -0.190272 4.557276 -0.041936
v -0.161855 4.557276 -0.097707
v -0.117595 4.557276 -0.141968
v -0.061823 4.557276 -0.170385
v 0.161855 4.426491 0.137482
v 0.117595 4.426491 0.181742
v 0.000000 4.426491 -0.180177
v 0.061823 4.426491 -0.170385
v -0.200064 4.426491 0.019887
v -0.190272 4.426491 -0.041936
v 0.061823 4.426491 0.210159
v 0.117595 4.426491 -0.141968
v -0.161855 4.426491 -0.097707
v 0.000000 4.426491 0.219951
v 0.161855 4.426491 -0.097707
v -0.117595 4.426491 -0.141968
v -0.061823 4.426491 0.210159
v 0.190272 4.426491 -0.041936
v -0.061823 4.426491 -0.170385
v -0.117595 4.426491 0.181742
v 0.200064 4.426491 0.019887
v -0.161855 4.426491 0.137482
v 0.190272 4.426491 0.081710
v -0.190272 4.426491 0.081710
v 0.069301 4.361541 -0.193398
v 0.000000 4.361541 -0.204374
v 0.131818 4.361542 -0.161544
v 0.181431 4.361542 -0.111930
v 0.213285 4.361542 -0.049413
v 0.224262 4.361542 0.019887
v 0.213285 4.361542 0.089188
v 0.181431 4.361542 0.151705
v 0.131818 4.361542 0.201319
v 0.069301 4.361542 0.233173
v 0.000000 4.361542 0.244149
v -0.069301 4.361542 0.233173
v -0.131818 4.361542 0.201319
v -0.181431 4.361542 0.151705
v -0.213285 4.361542 0.089188
v -0.224262 4.361542 0.019887
v -0.213285 4.361542 -0.049413
v -0.181431 4.361542 -0.111930
v -0.131818 4.361542 -0.161544
v -0.069301 4.361541 -0.193398
v 0.058720 4.367710 -0.160833
v 0.000000 4.367710 -0.170134
v 0.111691 4.367710 -0.133843
v 0.153730 4.367710 -0.091804
v 0.180720 4.367710 -0.038832
v 0.190021 4.367710 0.019887
v 0.180720 4.367710 0.078607
v 0.153730 4.367710 0.131579
v 0.111691 4.367710 0.173617
v 0.058720 4.367710 0.200608
v 0.000000 4.367710 0.209908
v -0.058720 4.367710 0.200608
v -0.111691 4.367710 0.173617
v -0.153730 4.367710 0.131579
v -0.180720 4.367710 0.078607
v -0.190021 4.367710 0.019887
v -0.180720 4.367710 -0.038832
v -0.153730 4.367710 -0.091804
v -0.111691 4.367710 -0.133843
v -0.058720 4.367710 -0.160833
v 0.056378 4.327030 -0.153626
v 0.000000 4.327030 -0.162555
v 0.107237 4.327030 -0.127712
v 0.147599 4.327030 -0.087350
v 0.173513 4.327030 -0.036491
v 0.182442 4.327030 0.019887
v 0.173513 4.327030 0.076265
v 0.147599 4.327030 0.127124
v 0.107237 4.327030 0.167486
v 0.056378 4.327030 0.193400
v 0.000000 4.327030 0.202330
v -0.056378 4.327030 0.193400
v -0.107237 4.327030 0.167486
v -0.147599 4.327030 0.127124
v -0.173513 4.327030 0.076265
v -0.182442 4.327030 0.019887
v -0.173513 4.327030 -0.036491
v -0.147599 4.327030 -0.087350
v -0.107237 4.327030 -0.127712
v -0.056378 4.327030 -0.153626
v 0.069301 4.348382 -0.193398
v 0.000000 4.348382 -0.204374
v 0.131818 4.348382 -0.161544
v 0.181431 4.348382 -0.111930
v 0.213285 4.348382 -0.049413
v 0.224262 4.348382 0.019887
v 0.213285 4.348382 0.089188
v 0.181431 4.348382 0.151705
v 0.131818 4.348382 0.201319
v 0.069301 4.348382 0.233173
v 0.000000 4.348382 0.244149
v -0.069301 4.348382 0.233173
v -0.131818 4.348382 0.201319
v -0.181431 4.348382 0.151705
v -0.213285 4.348382 0.089188
v -0.224262 4.348382 0.019887
v -0.213285 4.348382 -0.049413
v -0.181431 4.348382 -0.111930
v -0.131818 4.348382 -0.161544
v -0.069301 4.348382 -0.193398
v 0.164644 0.250445 -0.478374
v 0.340144 0.243975 -0.448281
v 0.468249 0.243975 -0.320176
v 0.498197 0.250445 -0.144674
v 0.524279 0.250445 0.022932
v 0.550497 0.243975 0.199120
v 0.468249 0.243975 0.360542
v 0.310248 0.250445 0.442740
v 0.159161 0.250445 0.519723
v -0.179152 0.243975 0.570895
v -0.306154 0.250445 0.446025
v -0.426058 0.250445 0.326121
v -0.550927 0.243975 0.199120
v -0.579268 0.243975 0.020183
v -0.499756 0.250445 -0.139194
v -0.422773 0.250445 -0.290281
v -0.340574 0.243975 -0.448281
v -0.179152 0.243975 -0.530529
v -0.002989 0.250445 -0.504924
v -0.000215 0.243975 0.599236
v 0.169945 0.075371 -0.383835
v 0.276210 0.054070 -0.360283
v 0.380190 0.054070 -0.256302
v 0.403752 0.075371 -0.150027
v 0.436203 0.075371 0.056892
v 0.446950 0.054070 0.165201
v 0.380190 0.054070 0.296225
v 0.286228 0.075371 0.351233
v -0.145294 0.054070 0.466965
v -0.226638 0.075371 0.394626
v -0.374714 0.075371 0.246550
v -0.447058 0.054070 0.165201
v -0.470061 0.054070 0.019961
v -0.426391 0.075371 -0.079730
v -0.331321 0.075371 -0.266316
v -0.276317 0.054070 -0.360283
v -0.145294 0.054070 -0.427043
v 0.099642 0.075371 0.446303
v -0.000054 0.054070 0.489969
v -0.036993 0.075371 -0.416611
v 0.076421 0.075371 -0.173300
v 0.097492 0.054070 -0.114418
v 0.134308 0.054070 -0.077602
v 0.193213 0.075371 -0.056509
v 0.206087 0.075371 0.032924
v 0.157647 0.054070 0.071110
v 0.134103 0.054070 0.117318
v 0.131661 0.075371 0.178993
v -0.051538 0.054070 0.178443
v -0.110743 0.075371 0.194637
v -0.174404 0.075371 0.130517
v -0.157647 0.054070 0.071110
v -0.165760 0.054070 0.019887
v -0.200050 0.075371 -0.031402
v -0.159101 0.075371 -0.111769
v -0.097431 0.054070 -0.114215
v -0.051232 0.054070 -0.137974
v 0.051294 0.075371 0.219942
v -0.000079 0.054070 0.185874
v -0.013085 0.075371 -0.187477
v 0.044636 0.236408 -0.128505
v 0.054113 0.224479 -0.055069
v 0.074970 0.224479 -0.034213
v 0.147850 0.236408 -0.024702
v 0.151152 0.236408 0.016678
v 0.087164 0.224479 0.048208
v 0.074146 0.224479 0.073757
v 0.085985 0.236408 0.143577
v 0.049440 0.236408 0.162198
v -0.029582 0.224479 0.110687
v -0.091273 0.236408 0.140602
v -0.120048 0.236408 0.110945
v -0.087164 0.224479 0.048208
v -0.091649 0.224479 0.019887
v -0.142299 0.236408 -0.029540
v -0.123678 0.236408 -0.066085
v -0.053870 0.224479 -0.054259
v -0.028357 0.224479 -0.068131
v 0.003070 0.236408 -0.135089
v -0.000315 0.224479 0.112445
v -0.000000 2.362468 -0.588236
v 0.187921 2.362468 -0.558473
v 0.187922 3.336614 -0.558479
v 0.000000 3.336614 -0.588243
v 0.357446 2.362468 -0.472095
v 0.357450 3.336614 -0.472100
v 0.491982 2.362468 -0.337559
v 0.491987 3.336614 -0.337563
v 0.578360 2.362468 -0.168033
v 0.578366 3.336614 -0.168035
v 0.608124 2.362468 0.019887
v 0.608130 3.336614 0.019887
v 0.578360 2.362468 0.207808
v 0.578366 3.336614 0.207810
v 0.491982 2.362468 0.377333
v 0.491987 3.336614 0.377337
v 0.357446 2.362468 0.511869
v 0.357450 3.336614 0.511875
v 0.187921 2.362468 0.598247
v 0.187922 3.336614 0.598253
v -0.000000 2.362468 0.628011
v 0.000000 3.336614 0.628017
v -0.187921 2.362468 0.598247
v -0.187922 3.336614 0.598253
v -0.357446 2.362468 0.511869
v -0.357450 3.336614 0.511875
v -0.491982 2.362468 0.377333
v -0.491987 3.336614 0.377337
v -0.578360 2.362468 0.207808
v -0.578366 3.336614 0.207810
v -0.608124 2.362468 0.019887
v -0.608130 3.336614 0.019887
v -0.578360 2.362468 -0.168033
v -0.578366 3.336614 -0.168035
v -0.491982 2.362468 -0.337559
v -0.491987 3.336614 -0.337563
v -0.357446 2.362468 -0.472095
v -0.357450 3.336614 -0.472100
v -0.187921 2.362468 -0.558473
v -0.187922 3.336614 -0.558479
v 0.060303 4.589357 -0.165707
v 0.000000 4.589357 -0.175258
v 0.114704 4.589357 -0.137989
v 0.157876 4.589357 -0.094816
v 0.185594 4.589357 -0.040416
v 0.195145 4.589357 0.019887
v 0.185594 4.589357 0.080190
v 0.157876 4.589357 0.134591
v 0.114704 4.589357 0.177763
v 0.060303 4.589357 0.205481
v 0.000000 4.589357 0.215032
v -0.060303 4.589357 0.205481
v -0.114703 4.589357 0.177763
v -0.157876 4.589357 0.134591
v -0.185594 4.589357 0.080190
v -0.195145 4.589357 0.019887
v -0.185594 4.589357 -0.040416
v -0.157876 4.589357 -0.094816
v -0.114703 4.589357 -0.137989
v -0.060303 4.589357 -0.165707
v 0.095131 2.362468 -0.580749
v 0.095132 3.336614 -0.580756
v 0.000000 2.879058 -0.588256
v 0.187927 2.879058 -0.558491
v 0.276082 2.362468 -0.521955
v 0.276085 3.336614 -0.521960
v 0.357458 2.879058 -0.472111
v 0.430008 2.362468 -0.410121
v 0.430013 3.336614 -0.410126
v 0.491998 2.879058 -0.337570
v 0.541842 2.362468 -0.256195
v 0.541848 3.336614 -0.256198
v 0.578378 2.879058 -0.168039
v 0.600637 2.362468 -0.075244
v 0.600643 3.336614 -0.075245
v 0.608143 2.879058 0.019887
v 0.600637 2.362468 0.115019
v 0.600643 3.336614 0.115020
v 0.578379 2.879058 0.207814
v 0.541842 2.362468 0.295970
v 0.541848 3.336614 0.295972
v 0.491998 2.879058 0.377345
v 0.430008 2.362468 0.449896
v 0.430013 3.336614 0.449900
v 0.357458 2.879058 0.511885
v 0.276082 2.362468 0.561729
v 0.276085 3.336614 0.561735
v 0.187927 2.879058 0.598266
v 0.095131 2.362468 0.620524
v 0.095132 3.336614 0.620530
v 0.000000 2.879058 0.628030
v -0.095131 2.362468 0.620524
v -0.095132 3.336614 0.620530
v -0.187927 2.879058 0.598266
v -0.276082 2.362468 0.561729
v -0.276085 3.336614 0.561735
v -0.357458 2.879058 0.511885
v -0.430008 2.362468 0.449896
v -0.430013 3.336614 0.449900
v -0.491998 2.879058 0.377345
v -0.541842 2.362468 0.295970
v -0.541848 3.336614 0.295972
v -0.578378 2.879058 0.207814
v -0.600637 2.362468 0.115019
v -0.600643 3.336614 0.115020
v -0.608143 2.879058 0.019887
v -0.600637 2.362468 -0.075244
v -0.600643 3.336614 -0.075245
v -0.578379 2.879058 -0.168039
v -0.541842 2.362468 -0.256195
v -0.541848 3.336614 -0.256198
v -0.491998 2.879058 -0.337570
v -0.430008 2.362468 -0.410121
v -0.430013 3.336614 -0.410126
v -0.357458 2.879058 -0.472111
v -0.276082 2.362468 -0.521955
v -0.276085 3.336614 -0.521960
v -0.187927 2.879058 -0.558491
v -0.095131 2.362468 -0.580749
v -0.095132 3.336614 -0.580756
v 0.094752 3.640327 -0.578356
v 0.274982 3.640327 -0.519795
v 0.428295 3.640327 -0.408407
v 0.539683 3.640327 -0.255095
v 0.598243 3.640327 -0.074865
v 0.598243 3.640327 0.114640
v 0.539683 3.640327 0.294869
v 0.428295 3.640327 0.448182
v 0.274982 3.640327 0.559570
v 0.094752 3.640327 0.618130
v -0.094752 3.640327 0.618130
v -0.274982 3.640327 0.559570
v -0.428295 3.640327 0.448182
v -0.539683 3.640327 0.294869
v -0.598243 3.640327 0.114640
v -0.598243 3.640327 -0.074865
v -0.539683 3.640327 -0.255095
v -0.428295 3.640327 -0.408407
v -0.274982 3.640327 -0.519795
v -0.094752 3.640327 -0.578356
v 0.583000 3.480309 0.209315
v 0.495929 3.480309 0.380201
v -0.189428 3.480309 0.602887
v -0.360314 3.480309 0.515816
v -0.583000 3.480309 -0.169541
v -0.495929 3.480309 -0.340426
v 0.583000 3.480309 -0.169541
v 0.613002 3.480309 0.019887
v 0.189428 3.480309 0.602887
v 0.000000 3.480309 0.632889
v -0.583000 3.480309 0.209315
v -0.613002 3.480309 0.019887
v -0.189428 3.480309 -0.563113
v 0.000000 3.480309 -0.593115
v 0.360314 3.480309 -0.476042
v 0.495929 3.480309 -0.340426
v 0.360314 3.480309 0.515816
v 0.189428 3.480309 -0.563113
v -0.495929 3.480309 0.380201
v -0.360314 3.480309 -0.476042
v 0.090758 3.814165 -0.553139
v 0.263391 3.814165 -0.497047
v 0.410241 3.814165 -0.390354
v 0.516934 3.814165 -0.243504
v 0.573026 3.814165 -0.070871
v 0.573026 3.814165 0.110646
v 0.516934 3.814165 0.283278
v 0.410241 3.814165 0.430129
v 0.263391 3.814165 0.536821
v 0.090758 3.814165 0.592913
v -0.090758 3.814165 0.592913
v -0.263391 3.814165 0.536821
v -0.410241 3.814165 0.430129
v -0.516934 3.814165 0.283278
v -0.573026 3.814165 0.110646
v -0.573026 3.814165 -0.070871
v -0.516934 3.814165 -0.243504
v -0.410241 3.814165 -0.390354
v -0.263391 3.814165 -0.497047
v -0.090758 3.814165 -0.553139
v -0.349593 3.745754 0.501061
v -0.481174 3.745754 0.369481
v 0.594764 3.745754 0.019887
v 0.565654 3.745754 0.203679
v -0.565654 3.745754 0.203679
v 0.481174 3.745754 0.369481
v -0.594764 3.745754 0.019887
v 0.349593 3.745754 0.501061
v 0.000000 3.745754 -0.574876
v 0.183792 3.745754 -0.545767
v -0.565654 3.745754 -0.163905
v 0.183792 3.745754 0.585541
v 0.349593 3.745754 -0.461287
v -0.481174 3.745754 -0.329706
v 0.000000 3.745754 0.614651
v 0.481174 3.745754 -0.329706
v -0.349593 3.745754 -0.461287
v -0.183792 3.745754 0.585541
v 0.565654 3.745754 -0.163905
v -0.183792 3.745754 -0.545767
v 0.083906 3.970355 -0.509872
v 0.243504 3.970355 -0.458016
v 0.379266 3.970355 -0.359379
v 0.477903 3.970355 -0.223617
v 0.529760 3.970355 -0.064018
v 0.529760 3.970355 0.103793
v 0.477903 3.970355 0.263391
v 0.379266 3.970355 0.399153
v 0.243504 3.970355 0.497790
v 0.083906 3.970355 0.549647
v -0.083906 3.970355 0.549647
v -0.243504 3.970355 0.497790
v -0.379266 3.970355 0.399153
v -0.477903 3.970355 0.263391
v -0.529760 3.970355 0.103793
v -0.529760 3.970355 -0.064018
v -0.477903 3.970355 -0.223617
v -0.379266 3.970355 -0.359379
v -0.243504 3.970355 -0.458016
v -0.083906 3.970355 -0.509872
v 0.173640 3.881521 0.554298
v 0.000000 3.881521 0.581800
v 0.330284 3.881521 -0.434709
v 0.454597 3.881521 -0.310397
v -0.454597 3.881521 -0.310397
v -0.330284 3.881521 -0.434709
v -0.173640 3.881521 0.554298
v 0.534410 3.881521 -0.153753
v -0.173640 3.881521 -0.514523
v -0.330284 3.881521 0.474484
v 0.561912 3.881521 0.019887
v 0.000000 3.881521 -0.542025
v -0.454597 3.881521 0.350171
v 0.534410 3.881521 0.193528
v -0.534410 3.881521 0.193528
v 0.454597 3.881521 0.350171
v -0.561912 3.881521 0.019887
v 0.330284 3.881521 0.474484
v 0.173640 3.881521 -0.514523
v -0.534410 3.881521 -0.153753
v 0.067925 4.204804 -0.408976
v 0.197127 4.204804 -0.366996
v 0.307032 4.204804 -0.287145
v 0.386883 4.204804 -0.177240
v 0.428864 4.204804 -0.048038
v 0.428864 4.204804 0.087813
v 0.386883 4.204804 0.217014
v 0.307032 4.204804 0.326920
v 0.197127 4.204804 0.406771
v 0.067925 4.204804 0.448751
v -0.067925 4.204804 0.448751
v -0.197127 4.204804 0.406771
v -0.307032 4.204804 0.326920
v -0.386883 4.204804 0.217014
v -0.428864 4.204804 0.087813
v -0.428864 4.204804 -0.048038
v -0.386883 4.204804 -0.177240
v -0.307032 4.204804 -0.287145
v -0.197127 4.204804 -0.366996
v -0.067925 4.204804 -0.408976
v 0.471944 4.090155 0.173231
v 0.401459 4.090155 0.311564
v -0.471944 4.090155 0.173231
v -0.496231 4.090155 0.019887
v 0.291677 4.090155 0.421347
v 0.000000 4.090155 -0.476344
v 0.153344 4.090155 -0.452056
v -0.471944 4.090155 -0.133457
v 0.153344 4.090155 0.491831
v 0.291677 4.090155 -0.381572
v -0.401459 4.090155 -0.271790
v 0.000000 4.090155 0.516118
v 0.401459 4.090155 -0.271790
v -0.291677 4.090155 -0.381572
v -0.153344 4.090155 0.491831
v 0.471944 4.090155 -0.133457
v -0.153344 4.090155 -0.452056
v -0.291677 4.090155 0.421347
v 0.496231 4.090155 0.019887
v -0.401459 4.090155 0.311565
v 0.028540 4.327030 -0.160309
v 0.082827 4.327030 -0.142670
v 0.129006 4.327030 -0.109119
v 0.162557 4.327030 -0.062940
v 0.180196 4.327030 -0.008653
v 0.180196 4.327030 0.048427
v 0.162557 4.327030 0.102714
v 0.129006 4.327030 0.148893
v 0.082827 4.327030 0.182445
v 0.028540 4.327030 0.200083
v -0.028540 4.327030 0.200083
v -0.082827 4.327030 0.182445
v -0.129006 4.327030 0.148893
v -0.162557 4.327030 0.102714
v -0.180196 4.327030 0.048427
v -0.180196 4.327030 -0.008653
v -0.162557 4.327030 -0.062940
v -0.129006 4.327030 -0.109119
v -0.082827 4.327030 -0.142670
v -0.028540 4.327030 -0.160309
v 0.267132 4.282979 -0.174195
v 0.314032 4.282979 -0.082148
v -0.194082 4.282979 -0.247244
v -0.102035 4.282979 -0.294145
v -0.102035 4.282979 0.333919
v -0.194082 4.282979 0.287019
v 0.330193 4.282979 0.019887
v 0.000000 4.282979 -0.310306
v -0.267132 4.282979 0.213970
v 0.314032 4.282979 0.121922
v -0.314032 4.282979 0.121922
v 0.267132 4.282979 0.213970
v -0.330193 4.282979 0.019887
v 0.194082 4.282979 0.287019
v 0.102035 4.282979 -0.294145
v -0.314032 4.282979 -0.082148
v 0.102035 4.282979 0.333919
v 0.194082 4.282979 -0.247244
v -0.267132 4.282979 -0.174195
v 0.000000 4.282979 0.350080
v 0.035081 4.348382 -0.201608
v 0.101810 4.348382 -0.179926
v 0.158573 4.348382 -0.138686
v 0.199813 4.348382 -0.081923
v 0.221495 4.348382 -0.015194
v 0.221495 4.348382 0.054969
v 0.199813 4.348382 0.121697
v 0.158573 4.348382 0.178460
v 0.101810 4.348382 0.219701
v 0.035081 4.348382 0.241382
v -0.035081 4.348382 0.241382
v -0.101810 4.348382 0.219701
v -0.158573 4.348382 0.178460
v -0.199813 4.348382 0.121697
v -0.221495 4.348382 0.054969
v -0.221495 4.348382 -0.015194
v -0.199813 4.348382 -0.081923
v -0.158573 4.348382 -0.138686
v -0.101810 4.348382 -0.179926
v -0.035081 4.348382 -0.201608
v 0.000000 4.345093 -0.187909
v 0.064213 4.345093 -0.177739
v -0.207796 4.345093 0.019887
v -0.197626 4.345093 -0.044325
v 0.122139 4.345093 0.187998
v 0.064213 4.345093 0.217513
v 0.122139 4.345093 -0.148223
v -0.168110 4.345093 -0.102252
v 0.000000 4.345093 0.227683
v 0.168111 4.345093 -0.102252
v -0.122139 4.345093 -0.148223
v -0.064212 4.345093 0.217513
v 0.197626 4.345093 -0.044325
v -0.064212 4.345093 -0.177739
v -0.122139 4.345093 0.187998
v 0.207796 4.345093 0.019887
v -0.168110 4.345093 0.142027
v 0.197626 4.345093 0.084100
v -0.197626 4.345093 0.084100
v 0.168111 4.345093 0.142027
v 0.035081 4.361541 -0.201608
v 0.101810 4.361541 -0.179926
v 0.158573 4.361541 -0.138686
v 0.199813 4.361541 -0.081923
v 0.221495 4.361541 -0.015194
v 0.221495 4.361541 0.054969
v 0.199813 4.361541 0.121697
v 0.158573 4.361541 0.178460
v 0.101810 4.361541 0.219701
v 0.035081 4.361541 0.241382
v -0.035081 4.361541 0.241382
v -0.101810 4.361541 0.219701
v -0.158573 4.361541 0.178460
v -0.199813 4.361541 0.121697
v -0.221495 4.361541 0.054969
v -0.221495 4.361541 -0.015194
v -0.199813 4.361541 -0.081923
v -0.158573 4.361541 -0.138686
v -0.101810 4.361541 -0.179926
v -0.035081 4.361541 -0.201608
v -0.069301 4.354962 -0.193398
v 0.000000 4.354962 -0.204374
v -0.131818 4.354962 0.201319
v -0.181431 4.354962 0.151705
v 0.224262 4.354962 0.019887
v 0.213285 4.354962 0.089188
v -0.213285 4.354962 0.089188
v 0.181431 4.354962 0.151705
v -0.224262 4.354962 0.019887
v 0.131818 4.354962 0.201319
v 0.069301 4.354962 -0.193398
v -0.213285 4.354962 -0.049413
v 0.069301 4.354962 0.233173
v 0.131818 4.354962 -0.161544
v -0.181431 4.354962 -0.111930
v 0.000000 4.354962 0.244149
v 0.181431 4.354962 -0.111930
v -0.131818 4.354962 -0.161544
v -0.069301 4.354962 0.233173
v 0.213285 4.354962 -0.049413
v 0.029725 4.367710 -0.167789
v 0.086265 4.367710 -0.149418
v 0.134361 4.367710 -0.114474
v 0.169305 4.367710 -0.066378
v 0.187676 4.367710 -0.009838
v 0.187676 4.367710 0.049612
v 0.169305 4.367710 0.106153
v 0.134361 4.367710 0.154249
v 0.086265 4.367710 0.189193
v 0.029725 4.367710 0.207564
v -0.029725 4.367710 0.207564
v -0.086265 4.367710 0.189193
v -0.134361 4.367710 0.154249
v -0.169305 4.367710 0.106153
v -0.187676 4.367710 0.049612
v -0.187676 4.367710 -0.009838
v -0.169305 4.367710 -0.066378
v -0.134361 4.367710 -0.114474
v -0.086265 4.367710 -0.149418
v -0.029725 4.367710 -0.167789
v -0.197003 4.364831 -0.044123
v -0.167581 4.364831 -0.101867
v 0.064010 4.364831 0.216890
v 0.000000 4.364831 0.227028
v 0.121755 4.364831 -0.147693
v 0.167581 4.364831 -0.101867
v -0.121754 4.364831 -0.147694
v -0.064010 4.364831 0.216890
v 0.197003 4.364831 -0.044123
v -0.064010 4.364831 -0.177116
v -0.121755 4.364831 0.187468
v 0.207141 4.364831 0.019887
v 0.000000 4.364831 -0.187254
v -0.167581 4.364831 0.141642
v 0.197003 4.364831 0.083897
v -0.197003 4.364831 0.083897
v 0.167581 4.364831 0.141642
v -0.207141 4.364831 0.019887
v 0.121755 4.364831 0.187468
v 0.064010 4.364831 -0.177116
v 0.029987 4.379224 -0.169442
v 0.087025 4.379224 -0.150910
v 0.135545 4.379224 -0.115658
v 0.170797 4.379224 -0.067138
v 0.189330 4.379224 -0.010100
v 0.189330 4.379224 0.049874
v 0.170797 4.379224 0.106912
v 0.135545 4.379224 0.155432
v 0.087025 4.379224 0.190684
v 0.029987 4.379224 0.209217
v -0.029987 4.379224 0.209217
v -0.087025 4.379224 0.190684
v -0.135545 4.379224 0.155432
v -0.170797 4.379224 0.106912
v -0.189330 4.379224 0.049874
v -0.189330 4.379224 -0.010100
v -0.170797 4.379224 -0.067138
v -0.135545 4.379224 -0.115658
v -0.087025 4.379224 -0.150909
v -0.029987 4.379224 -0.169442
v -0.153899 4.373467 0.131702
v -0.180919 4.373467 0.078672
v 0.180919 4.373467 0.078672
v 0.153899 4.373467 0.131702
v -0.190230 4.373467 0.019887
v 0.111814 4.373467 0.173786
v 0.000000 4.373467 -0.170343
v 0.058784 4.373467 -0.161032
v -0.180919 4.373467 -0.038897
v 0.058784 4.373467 0.200807
v 0.111814 4.373467 -0.134012
v -0.153899 4.373467 -0.091927
v 0.000000 4.373467 0.210117
v 0.153899 4.373467 -0.091927
v -0.111814 4.373467 -0.134012
v -0.058784 4.373467 0.200807
v 0.180919 4.373467 -0.038897
v -0.058784 4.373467 -0.161032
v -0.111814 4.373467 0.173786
v 0.190230 4.373467 0.019887
v 0.031034 4.384564 -0.176055
v 0.090065 4.384564 -0.156875
v 0.140279 4.384564 -0.120392
v 0.176762 4.384564 -0.070178
v 0.195942 4.384564 -0.011147
v 0.195942 4.384564 0.050921
v 0.176762 4.384564 0.109952
v 0.140279 4.384564 0.160167
v 0.090065 4.384564 0.196649
v 0.031034 4.384564 0.215830
v -0.031034 4.384564 0.215830
v -0.090065 4.384564 0.196649
v -0.140279 4.384564 0.160167
v -0.176762 4.384564 0.109952
v -0.195942 4.384564 0.050921
v -0.195942 4.384564 -0.011147
v -0.176762 4.384564 -0.070178
v -0.140279 4.384564 -0.120392
v -0.090065 4.384564 -0.156875
v -0.031034 4.384564 -0.176055
v 0.000000 4.382051 0.214930
v -0.060271 4.382051 0.205384
v 0.157793 4.382051 -0.094756
v 0.185496 4.382051 -0.040384
v -0.114643 4.382051 -0.137905
v -0.060271 4.382051 -0.165609
v -0.114643 4.382051 0.177680
v 0.195042 4.382051 0.019887
v 0.000000 4.382051 -0.175155
v -0.157793 4.382051 0.134530
v 0.185496 4.382051 0.080159
v -0.185496 4.382051 0.080159
v 0.157793 4.382051 0.134530
v -0.195042 4.382051 0.019887
v 0.114643 4.382051 0.177680
v 0.060271 4.382051 -0.165609
v -0.185496 4.382051 -0.040384
v 0.060271 4.382051 0.205384
v 0.114643 4.382051 -0.137905
v -0.157793 4.382051 -0.094756
v 0.031296 4.557276 -0.177709
v 0.090825 4.557276 -0.158366
v 0.141463 4.557276 -0.121576
v 0.178254 4.557276 -0.070938
v 0.197596 4.557276 -0.011409
v 0.197596 4.557276 0.051183
v 0.178254 4.557276 0.110712
v 0.141463 4.557276 0.161350
v 0.090825 4.557276 0.198141
v 0.031296 4.557276 0.217483
v -0.031296 4.557276 0.217483
v -0.090825 4.557276 0.198141
v -0.141463 4.557276 0.161350
v -0.178254 4.557276 0.110712
v -0.197596 4.557276 0.051183
v -0.197596 4.557276 -0.011409
v -0.178254 4.557276 -0.070938
v -0.141463 4.557276 -0.121576
v -0.090825 4.557276 -0.158366
v -0.031296 4.557276 -0.177709
v 0.161855 4.492806 0.137482
v 0.117472 4.393497 0.181573
v 0.000000 4.492806 -0.180177
v 0.061759 4.393497 -0.170186
v -0.200064 4.492806 0.019887
v -0.190073 4.393497 -0.041871
v 0.061759 4.393497 0.209960
v 0.117472 4.393497 -0.141799
v -0.161686 4.393497 -0.097584
v 0.000000 4.393497 0.219742
v 0.161686 4.393497 -0.097584
v -0.117472 4.393497 -0.141799
v -0.061758 4.393497 0.209960
v 0.190073 4.393497 -0.041871
v -0.061758 4.393497 -0.170186
v -0.117472 4.393497 0.181573
v 0.199855 4.393497 0.019887
v -0.161686 4.393497 0.137359
v 0.190073 4.393497 0.081646
v -0.190073 4.393497 0.081646
v 0.095132 1.668005 -0.580755
v 0.276085 1.668005 -0.521960
v 0.430013 1.668005 -0.410125
v 0.541848 1.668005 -0.256198
v 0.600643 1.668005 -0.075245
v 0.600643 1.668005 0.115020
v 0.541848 1.668005 0.295972
v 0.430013 1.668005 0.449900
v 0.276085 1.668005 0.561735
v 0.095132 1.668005 0.620530
v -0.095132 1.668005 0.620530
v -0.276085 1.668005 0.561735
v -0.430013 1.668005 0.449900
v -0.541848 1.668005 0.295972
v -0.600643 1.668005 0.115020
v -0.600643 1.668005 -0.075245
v -0.541848 1.668005 -0.256198
v -0.430013 1.668005 -0.410125
v -0.276085 1.668005 -0.521960
v -0.095132 1.668005 -0.580755
v 0.608121 2.081308 0.019887
v 0.578357 2.081308 -0.168032
v -0.000000 2.081308 0.628008
v 0.187920 2.081308 0.598244
v -0.608121 2.081308 0.019887
v -0.578357 2.081308 0.207807
v -0.000000 2.081308 -0.588233
v -0.187920 2.081308 -0.558470
v 0.491980 2.081308 -0.337557
v 0.357444 2.081308 -0.472093
v 0.357444 2.081308 0.511867
v 0.491980 2.081308 0.377331
v 0.187920 2.081308 -0.558470
v -0.491980 2.081308 0.377331
v -0.357444 2.081308 0.511867
v -0.357444 2.081308 -0.472093
v -0.491980 2.081308 -0.337557
v 0.578357 2.081308 0.207807
v -0.187920 2.081308 0.598244
v -0.578357 2.081308 -0.168032
v 0.095132 0.794551 -0.580751
v 0.276083 0.794550 -0.521956
v 0.430009 0.794550 -0.410122
v 0.541843 0.794550 -0.256196
v 0.600638 0.794550 -0.075245
v 0.600638 0.794550 0.115019
v 0.541843 0.794550 0.295970
v 0.430009 0.794550 0.449897
v 0.276083 0.794550 0.561731
v 0.095132 0.794550 0.620525
v -0.095132 0.794550 0.620525
v -0.276083 0.794550 0.561731
v -0.430009 0.794550 0.449897
v -0.541843 0.794550 0.295970
v -0.600638 0.794550 0.115019
v -0.600638 0.794550 -0.075245
v -0.541843 0.794550 -0.256196
v -0.430009 0.794550 -0.410122
v -0.276083 0.794550 -0.521956
v -0.095132 0.794551 -0.580751
v 0.357457 1.200030 -0.472110
v 0.187926 1.200030 -0.558491
v -0.491998 1.200030 -0.337570
v -0.578378 1.200030 -0.168039
v -0.000000 1.200030 0.628030
v 0.187926 1.200030 0.598265
v 0.491998 1.200030 -0.337570
v -0.357457 1.200030 -0.472110
v -0.187926 1.200030 0.598265
v 0.578378 1.200030 -0.168039
v -0.187926 1.200030 -0.558491
v -0.357457 1.200030 0.511885
v 0.608142 1.200030 0.019887
v -0.000000 1.200030 -0.588255
v -0.491998 1.200030 0.377344
v 0.578378 1.200030 0.207814
v -0.578378 1.200030 0.207814
v 0.491998 1.200030 0.377344
v -0.608142 1.200030 0.019887
v 0.357457 1.200030 0.511885
v 0.096042 0.411917 -0.586766
v 0.278832 0.411917 -0.527383
v 0.434321 0.411917 -0.414413
v 0.547283 0.411917 -0.258920
v 0.606657 0.411917 -0.076131
v 0.606634 0.411917 0.116052
v 0.547222 0.411916 0.298814
v 0.434246 0.411916 0.454263
v 0.278771 0.411916 0.567188
v 0.096019 0.411916 0.626544
v -0.096125 0.411916 0.626527
v -0.278858 0.411916 0.567144
v -0.434301 0.411916 0.454208
v -0.547245 0.411916 0.298769
v -0.606636 0.411916 0.116035
v -0.606659 0.411916 -0.076115
v -0.547305 0.411916 -0.258876
v -0.434376 0.411916 -0.414359
v -0.278918 0.411917 -0.527339
v -0.096148 0.411917 -0.586749
v -0.584155 0.545241 0.209698
v -0.496912 0.545241 0.380919
v 0.496907 0.545241 0.380925
v 0.584154 0.545241 0.209702
v -0.614219 0.545241 0.019896
v 0.361020 0.545241 0.516807
v 0.189801 0.545241 -0.564271
v -0.000007 0.545242 -0.594332
v -0.584160 0.545241 -0.169907
v 0.189795 0.545241 0.604047
v 0.361029 0.545241 -0.477027
v -0.496920 0.545241 -0.341132
v -0.000007 0.545241 0.634106
v 0.496916 0.545241 -0.341139
v -0.361038 0.545241 -0.477020
v -0.189808 0.545241 0.604043
v 0.584159 0.545241 -0.169911
v -0.189813 0.545241 -0.564267
v -0.361029 0.545241 0.516801
v 0.614219 0.545241 0.019896
v -0.000155 0.326156 0.613887
v -0.000549 0.327736 -0.568291
v 0.261707 0.244668 -0.490340
v 0.409227 0.243976 -0.389259
v 0.510301 0.244669 -0.241739
v 0.503467 0.279089 -0.059660
v 0.566196 0.244668 0.111528
v 0.515711 0.243976 0.283061
v 0.406610 0.244669 0.424720
v 0.231045 0.279089 0.474057
v -0.259237 0.244669 0.532105
v -0.360411 0.279089 0.380380
v -0.512137 0.244668 0.279205
v -0.572124 0.243976 0.110765
v -0.567124 0.244669 -0.067969
v -0.454089 0.279089 -0.211077
v -0.404752 0.244668 -0.386642
v -0.263093 0.243976 -0.495743
v 0.030527 4.589357 -0.172850
v 0.088592 4.589357 -0.153984
v 0.137985 4.589357 -0.118098
v 0.173871 4.589357 -0.068705
v 0.192738 4.589357 -0.010639
v 0.192738 4.589357 0.050414
v 0.173871 4.589357 0.108479
v 0.137985 4.589357 0.157872
v 0.088592 4.589357 0.193758
v 0.030527 4.589357 0.212625
v -0.030527 4.589357 0.212625
v -0.088592 4.589357 0.193758
v -0.137985 4.589357 0.157872
v -0.173871 4.589357 0.108479
v -0.192738 4.589357 0.050414
v -0.192738 4.589357 -0.010639
v -0.173871 4.589357 -0.068705
v -0.137985 4.589357 -0.118098
v -0.088592 4.589357 -0.153984
v -0.030527 4.589357 -0.172850
v 0.000000 4.585347 -0.179562
v 0.061633 4.585347 -0.169800
v 0.117233 4.585347 -0.141471
v 0.161358 4.585347 -0.097346
v 0.189687 4.585347 -0.041746
v 0.199449 4.585347 0.019887
v 0.189687 4.585347 0.081520
v 0.161358 4.585347 0.137120
v 0.117233 4.585347 0.181245
v 0.061633 4.585347 0.209575
v 0.000000 4.585347 0.219336
v -0.061633 4.585347 0.209575
v -0.117233 4.585347 0.181245
v -0.161358 4.585347 0.137120
v -0.189687 4.585347 0.081520
v -0.199449 4.585347 0.019887
v -0.189687 4.585347 -0.041746
v -0.161358 4.585347 -0.097346
v -0.117233 4.585347 -0.141471
v -0.061633 4.585347 -0.169800
v 0.161686 4.393497 0.137359
v 0.117595 4.492806 0.181742
v 0.000000 4.393497 -0.179967
v 0.061823 4.492806 -0.170385
v -0.199855 4.393497 0.019887
v -0.190272 4.492806 -0.041936
v 0.061823 4.492806 0.210159
v 0.117595 4.492806 -0.141968
v -0.161855 4.492806 -0.097707
v 0.000000 4.492806 0.219951
v 0.161855 4.492806 -0.097707
v -0.117595 4.492806 -0.141968
v -0.061823 4.492806 0.210159
v 0.190272 4.492806 -0.041936
v -0.061823 4.492806 -0.170385
v -0.117595 4.492806 0.181742
v 0.200064 4.492806 0.019887
v -0.161855 4.492806 0.137482
v 0.190272 4.492806 0.081710
v -0.190272 4.492806 0.081710
v -0.197596 4.426491 0.051183
v 0.178254 4.426491 0.110712
v -0.178254 4.426491 0.110712
v 0.197596 4.426491 0.051183
v -0.141463 4.426491 0.161350
v -0.031296 4.426491 -0.177709
v 0.197596 4.426491 -0.011409
v -0.090825 4.426491 0.198141
v -0.090825 4.426491 -0.158366
v 0.178254 4.426491 -0.070938
v -0.031296 4.426491 0.217483
v -0.141463 4.426491 -0.121576
v 0.141463 4.426491 -0.121576
v 0.031296 4.426491 0.217483
v -0.178254 4.426491 -0.070938
v 0.090825 4.426491 -0.158366
v 0.090825 4.426491 0.198141
v -0.197596 4.426491 -0.011409
v 0.031296 4.426491 -0.177709
v 0.141463 4.426491 0.161350
v 0.034189 4.364831 -0.195971
v 0.099219 4.364831 -0.174841
v 0.154538 4.364831 -0.134650
v 0.194729 4.364831 -0.079332
v 0.215858 4.364831 -0.014301
v 0.215858 4.364831 0.054076
v 0.194729 4.364831 0.119106
v 0.154538 4.364831 0.174425
v 0.099219 4.364831 0.214616
v 0.034189 4.364831 0.235746
v -0.034189 4.364831 0.235746
v -0.099219 4.364831 0.214616
v -0.154538 4.364831 0.174425
v -0.194729 4.364831 0.119106
v -0.215858 4.364831 0.054076
v -0.215858 4.364831 -0.014301
v -0.194729 4.364831 -0.079332
v -0.154538 4.364831 -0.134650
v -0.099219 4.364831 -0.174841
v -0.034189 4.364831 -0.195971
v 0.030618 4.364831 -0.173426
v 0.088856 4.364831 -0.154503
v 0.138397 4.364831 -0.118509
v 0.174390 4.364831 -0.068969
v 0.193313 4.364831 -0.010731
v 0.193313 4.364831 0.050505
v 0.174390 4.364831 0.108743
v 0.138397 4.364831 0.158284
v 0.088856 4.364831 0.194277
v 0.030618 4.364831 0.213200
v -0.030618 4.364831 0.213200
v -0.088856 4.364831 0.194277
v -0.138397 4.364831 0.158284
v -0.174390 4.364831 0.108743
v -0.193313 4.364831 0.050505
v -0.193313 4.364831 -0.010731
v -0.174390 4.364831 -0.068969
v -0.138397 4.364831 -0.118509
v -0.088856 4.364831 -0.154503
v -0.030618 4.364831 -0.173426
v 0.000000 4.364420 -0.203661
v 0.069080 4.364420 -0.192720
v 0.131398 4.364420 -0.160967
v 0.180854 4.364420 -0.111511
v 0.212607 4.364420 -0.049193
v 0.223548 4.364420 0.019887
v 0.212607 4.364420 0.088967
v 0.180854 4.364420 0.151286
v 0.131398 4.364420 0.200741
v 0.069080 4.364420 0.232494
v 0.000000 4.364420 0.243435
v -0.069080 4.364420 0.232494
v -0.131398 4.364420 0.200741
v -0.180854 4.364420 0.151286
v -0.212607 4.364420 0.088967
v -0.223548 4.364420 0.019887
v -0.212607 4.364420 -0.049193
v -0.180854 4.364420 -0.111511
v -0.131398 4.364420 -0.160967
v -0.069080 4.364420 -0.192720
v 0.058940 4.365191 -0.161512
v 0.000000 4.365191 -0.170847
v 0.112111 4.365191 -0.134420
v 0.154307 4.365191 -0.092223
v 0.181399 4.365191 -0.039053
v 0.190734 4.365191 0.019887
v 0.181399 4.365191 0.078827
v 0.154307 4.365191 0.131998
v 0.112111 4.365191 0.174194
v 0.058940 4.365191 0.201286
v 0.000000 4.365191 0.210621
v -0.058940 4.365191 0.201286
v -0.112111 4.365191 0.174194
v -0.154307 4.365191 0.131998
v -0.181399 4.365191 0.078827
v -0.190734 4.365191 0.019887
v -0.181399 4.365191 -0.039053
v -0.154307 4.365191 -0.092223
v -0.112111 4.365191 -0.134420
v -0.058940 4.365191 -0.161512
v 0.030788 4.345093 -0.174504
v 0.089352 4.345093 -0.155475
v 0.139168 4.345093 -0.119281
v 0.175362 4.345093 -0.069464
v 0.194391 4.345093 -0.010901
v 0.194391 4.345093 0.050676
v 0.175362 4.345093 0.109239
v 0.139168 4.345093 0.159056
v 0.089352 4.345093 0.195250
v 0.030788 4.345093 0.214278
v -0.030788 4.345093 0.214278
v -0.089352 4.345093 0.195250
v -0.139168 4.345093 0.159056
v -0.175362 4.345093 0.109239
v -0.194391 4.345093 0.050676
v -0.194391 4.345093 -0.010901
v -0.175362 4.345093 -0.069464
v -0.139168 4.345093 -0.119281
v -0.089352 4.345093 -0.155475
v -0.030788 4.345093 -0.174504
v 0.034223 4.345093 -0.196187
v 0.099318 4.345093 -0.175036
v 0.154692 4.345093 -0.134805
v 0.194923 4.345093 -0.079431
v 0.216074 4.345093 -0.014336
v 0.216074 4.345093 0.054110
v 0.194923 4.345093 0.119206
v 0.154692 4.345093 0.174579
v 0.099318 4.345093 0.214810
v 0.034223 4.345093 0.235961
v -0.034223 4.345093 0.235961
v -0.099318 4.345093 0.214810
v -0.154692 4.345093 0.174579
v -0.194923 4.345093 0.119206
v -0.216074 4.345093 0.054110
v -0.216074 4.345093 -0.014336
v -0.194923 4.345093 -0.079431
v -0.154692 4.345093 -0.134805
v -0.099318 4.345093 -0.175036
v -0.034223 4.345093 -0.196187
v 0.000000 4.342831 -0.172245
v 0.059372 4.342831 -0.162841
v 0.112932 4.342831 -0.135551
v 0.155438 4.342831 -0.093045
v 0.182728 4.342831 -0.039485
v 0.192132 4.342831 0.019887
v 0.182728 4.342831 0.079259
v 0.155438 4.342831 0.132820
v 0.112932 4.342831 0.175325
v 0.059372 4.342831 0.202616
v 0.000000 4.342831 0.212019
v -0.059372 4.342831 0.202616
v -0.112932 4.342831 0.175325
v -0.155438 4.342831 0.132820
v -0.182728 4.342831 0.079259
v -0.192132 4.342831 0.019887
v -0.182728 4.342831 -0.039485
v -0.155438 4.342831 -0.093045
v -0.112932 4.342831 -0.135551
v -0.059372 4.342831 -0.162841
v 0.069089 4.345504 -0.192746
v 0.000000 4.345504 -0.203688
v 0.131414 4.345504 -0.160989
v 0.180876 4.345504 -0.111527
v 0.212633 4.345504 -0.049201
v 0.223576 4.345504 0.019887
v 0.212633 4.345504 0.088976
v 0.180876 4.345504 0.151302
v 0.131414 4.345504 0.200764
v 0.069089 4.345504 0.232520
v 0.000000 4.345504 0.243463
v -0.069089 4.345504 0.232520
v -0.131414 4.345504 0.200764
v -0.180876 4.345504 0.151302
v -0.212633 4.345504 0.088976
v -0.223575 4.345504 0.019887
v -0.212633 4.345504 -0.049201
v -0.180876 4.345504 -0.111527
v -0.131414 4.345504 -0.160989
v -0.069089 4.345504 -0.192746
v 0.079613 0.279089 -0.484070
v 0.087937 0.244668 0.587092
v -0.090797 0.243976 0.592092
v -0.091563 0.244669 -0.546292
v -0.183645 0.326156 0.584825
v 0.559296 0.327736 -0.162091
v 0.480230 0.326155 -0.328920
v -0.183645 0.326156 -0.544626
v -0.349174 0.326156 -0.460284
v -0.345631 0.327736 0.496284
v 0.588172 0.327737 0.020493
v -0.476339 0.327737 0.365577
v 0.564571 0.326155 0.203590
v -0.564880 0.326155 0.203590
v 0.480230 0.326156 0.369119
v -0.593942 0.326156 0.020100
v 0.345964 0.327736 0.495817
v 0.182037 0.327737 -0.539372
v -0.559790 0.327736 -0.161317
v 0.181263 0.327737 0.579736
v 0.348865 0.326155 -0.460284
v -0.475871 0.327737 -0.326018
v 0.044131 0.225758 -0.070032
v 0.064937 0.224479 -0.045047
v 0.089895 0.225757 -0.024206
v 0.169131 0.260763 -0.007133
v 0.096653 0.225758 0.034139
v 0.081658 0.224479 0.061494
v 0.068314 0.225757 0.089652
v 0.076605 0.260763 0.170397
v -0.046134 0.225757 0.109005
v -0.119465 0.260763 0.139415
v -0.086534 0.225758 0.065127
v -0.090519 0.224479 0.034224
v -0.096277 0.225757 0.003609
v -0.150491 0.260763 -0.056700
v -0.069764 0.225758 -0.048426
v -0.041611 0.224479 -0.061878
v 0.026973 0.260763 -0.151689
v 0.016239 0.225758 0.116279
v -0.015243 0.224479 0.113019
v -0.014356 0.225757 -0.079295
v 0.175593 0.144760 -0.429914
v 0.091189 0.228482 -0.307254
v 0.323673 0.141712 -0.425610
v 0.326649 0.228482 -0.071237
v 0.336927 0.228482 0.005874
v -0.260518 0.144760 0.426258
v -0.099178 0.143314 0.165548
v 0.186300 0.228482 0.300555
v 0.117204 0.228482 0.335761
v -0.209303 0.228482 0.284120
v -0.551083 0.141712 0.020100
v -0.264114 0.228482 0.229216
v -0.466902 0.144760 -0.102046
v 0.167736 0.143314 -0.039925
v -0.315824 0.228482 -0.097267
v -0.280618 0.228482 -0.166363
v 0.082232 0.139275 -0.039593
v -0.031210 0.139275 -0.076701
v 0.013967 0.228482 -0.319484
v -0.059315 0.139275 -0.061753
v 0.216017 0.057719 -0.391818
v 0.332283 0.054070 -0.312376
v 0.411727 0.057719 -0.196108
v 0.458293 0.057719 0.098215
v 0.418715 0.054070 0.233335
v 0.332661 0.057719 0.344782
v -0.206161 0.057719 0.436771
v -0.416863 0.057719 0.226069
v -0.464263 0.054070 0.093485
v -0.460153 0.057719 -0.047252
v -0.324874 0.057719 -0.312752
v -0.213427 0.054070 -0.398808
v 0.067160 0.057719 0.480061
v -0.073577 0.054070 0.484170
v -0.078309 0.057719 -0.438435
v 0.079072 0.057719 -0.134486
v 0.117240 0.054070 -0.097352
v 0.154385 0.057719 -0.059173
v 0.170570 0.057719 0.047404
v 0.147689 0.054070 0.095139
v 0.122517 0.057719 0.141714
v -0.078233 0.057719 0.174723
v -0.154171 0.057719 0.097891
v -0.163715 0.054070 0.045817
v -0.170729 0.057719 -0.006652
v -0.121826 0.057719 -0.102630
v -0.075253 0.054070 -0.127829
v 0.026530 0.057719 0.190645
v -0.026157 0.054070 0.184255
v -0.027546 0.057719 -0.151372
v 0.185128 0.022118 -0.234934
v 0.117696 0.061368 -0.279824
v 0.254824 0.022118 -0.165238
v 0.299734 0.061368 -0.097786
v 0.320739 0.061368 0.039282
v 0.299535 0.022118 0.117224
v 0.254799 0.022118 0.205023
v 0.204168 0.061368 0.268065
v 0.080687 0.061368 0.330981
v -0.172939 0.061368 0.290867
v -0.097373 0.022118 0.319552
v -0.270915 0.061368 0.192819
v -0.299549 0.022118 0.117224
v -0.314964 0.022118 0.019896
v -0.311082 0.061368 -0.060789
v -0.248166 0.061368 -0.184269
v -0.185134 0.022118 -0.234909
v -0.097335 0.022118 -0.279672
v -0.019413 0.061368 -0.301540
v -0.000017 0.022118 0.334882
v 0.049259 0.143314 0.188390
v -0.000227 0.139275 0.121454
v -0.323982 0.141712 -0.425610
v -0.373292 0.144760 -0.285766
v 0.175488 0.143314 0.025092
v 0.095974 0.139275 0.051071
v -0.406319 0.144760 0.280457
v -0.145018 0.143314 0.118855
v 0.445556 0.141712 -0.303728
v -0.032090 0.139275 0.118475
v 0.081640 0.139275 0.079202
v -0.170401 0.141712 -0.503864
v 0.449840 0.144760 -0.155646
v -0.005303 0.143314 -0.158184
v -0.000155 0.141712 0.571028
v 0.121984 0.144760 0.486840
v 0.107297 0.143314 0.158818
v -0.170401 0.141712 0.544064
v -0.168493 0.143314 -0.029362
v 0.523809 0.141712 0.190346
v 0.481542 0.144760 0.048164
v 0.059860 0.143314 -0.147863
v -0.028250 0.144760 -0.462199
v -0.138921 0.143314 -0.087401
v 0.445556 0.141712 0.343927
v 0.305704 0.144760 0.393230
v -0.095974 0.139275 0.051071
v -0.100913 0.139275 0.019887
v 0.059490 0.139275 -0.062336
v -0.524119 0.141712 0.190346
v 0.030814 0.267082 -0.040916
v 0.047749 0.267082 -0.027861
v 0.060763 0.267082 -0.010918
v 0.067283 0.267082 0.009149
v 0.066657 0.267082 0.030423
v 0.060088 0.267082 0.050504
v 0.047686 0.267082 0.067574
v 0.030616 0.267082 0.079976
v -0.030875 0.267082 0.080720
v -0.047705 0.267082 0.067627
v -0.060089 0.267082 0.050504
v -0.066609 0.267082 0.030437
v -0.066609 0.267082 0.009337
v -0.060089 0.267082 -0.010729
v -0.047687 0.267082 -0.027799
v -0.030619 0.267082 -0.040252
v 0.010720 0.267082 -0.048086
v 0.010531 0.267082 0.086549
v -0.010808 0.267082 0.087241
v -0.010565 0.267082 -0.047469
v 0.052605 0.261756 -0.052865
v 0.029740 0.263923 -0.073929
v 0.072762 0.261756 -0.032708
v 0.093263 0.263923 -0.009835
v 0.095864 0.263923 0.019292
v 0.084829 0.261756 0.047450
v 0.072160 0.261756 0.072314
v 0.055653 0.263923 0.097245
v 0.029862 0.263923 0.110386
v -0.056591 0.263923 0.097362
v -0.028492 0.261756 0.107396
v -0.076840 0.263923 0.076260
v -0.084829 0.261756 0.047450
v -0.089195 0.261756 0.019887
v -0.090498 0.263923 -0.009973
v -0.077356 0.263923 -0.035764
v -0.052427 0.261756 -0.052273
v -0.027589 0.261756 -0.065566
v 0.000497 0.263923 -0.078561
v -0.000230 0.261756 0.109746
v 0.095132 2.622938 -0.580755
v 0.091325 3.137248 -0.556715
v 0.276085 2.622938 -0.521960
v 0.265035 3.137248 -0.500273
v 0.430013 2.622938 -0.410125
v 0.412801 3.137248 -0.392914
v 0.541848 2.622938 -0.256198
v 0.520160 3.137248 -0.245148
v 0.600643 2.622938 -0.075245
v 0.576602 3.137248 -0.071438
v 0.600643 2.622938 0.115020
v 0.576602 3.137248 0.111212
v 0.541848 2.622938 0.295972
v 0.520160 3.137248 0.284922
v 0.430013 2.622938 0.449900
v 0.412801 3.137248 0.432688
v 0.276085 2.622938 0.561735
v 0.265035 3.137248 0.540047
v 0.095132 2.622938 0.620530
v 0.091325 3.137248 0.596489
v -0.095132 2.622938 0.620530
v -0.091325 3.137248 0.596489
v -0.276085 2.622938 0.561735
v -0.265035 3.137248 0.540047
v -0.430013 2.622938 0.449900
v -0.412801 3.137248 0.432689
v -0.541848 2.622938 0.295972
v -0.520160 3.137248 0.284922
v -0.600643 2.622938 0.115020
v -0.576602 3.137248 0.111212
v -0.600643 2.622938 -0.075245
v -0.576602 3.137248 -0.071438
v -0.541848 2.622938 -0.256198
v -0.520160 3.137248 -0.245147
v -0.430013 2.622938 -0.410125
v -0.412801 3.137248 -0.392914
v -0.276085 2.622938 -0.521960
v -0.265035 3.137248 -0.500273
v -0.095132 2.622938 -0.580755
v -0.091325 3.137248 -0.556715
v 0.000000 2.492315 -0.588229
v 0.187918 2.492315 -0.558466
v 0.187920 3.256737 -0.558470
v 0.000000 3.256737 -0.588233
v 0.357442 2.492315 -0.472089
v 0.357444 3.256737 -0.472093
v 0.491976 2.492315 -0.337555
v 0.491980 3.256737 -0.337557
v 0.578353 2.492315 -0.168031
v 0.578357 3.256737 -0.168032
v 0.608116 2.492315 0.019887
v 0.608121 3.256737 0.019887
v 0.578353 2.492315 0.207805
v 0.578357 3.256737 0.207807
v 0.491976 2.492315 0.377329
v 0.491980 3.256737 0.377331
v 0.357442 2.492315 0.511863
v 0.357444 3.256737 0.511867
v 0.187918 2.492315 0.598240
v 0.187920 3.256737 0.598244
v -0.000000 2.492315 0.628003
v 0.000000 3.256737 0.628008
v -0.187918 2.492315 0.598240
v -0.187920 3.256737 0.598244
v -0.357442 2.492315 0.511864
v -0.357444 3.256737 0.511867
v -0.491976 2.492315 0.377329
v -0.491980 3.256737 0.377331
v -0.578353 2.492315 0.207805
v -0.578357 3.256737 0.207807
v -0.608116 2.492315 0.019887
v -0.608121 3.256737 0.019887
v -0.578353 2.492315 -0.168031
v -0.578357 3.256737 -0.168032
v -0.491976 2.492315 -0.337555
v -0.491980 3.256737 -0.337557
v -0.357442 2.492315 -0.472089
v -0.357444 3.256737 -0.472093
v -0.187918 2.492315 -0.558466
v -0.187920 3.256737 -0.558470
v 0.020531 4.589356 -0.109742
v 0.059584 4.589357 -0.097053
v 0.092804 4.589357 -0.072917
v 0.116940 4.589357 -0.039697
v 0.129629 4.589357 -0.000644
v 0.129629 4.589357 0.040418
v 0.116940 4.589357 0.079471
v 0.092804 4.589356 0.112691
v 0.059584 4.589357 0.136827
v 0.020531 4.589356 0.149516
v -0.020531 4.589356 0.149516
v -0.059584 4.589356 0.136827
v -0.092804 4.589356 0.112691
v -0.116940 4.589356 0.079471
v -0.129629 4.589356 0.040418
v -0.129629 4.589356 -0.000644
v -0.116940 4.589356 -0.039697
v -0.092804 4.589356 -0.072917
v -0.059584 4.589356 -0.097053
v -0.020531 4.589356 -0.109742
v 0.000000 4.589357 -0.161173
v 0.055951 4.589357 -0.152311
v 0.106424 4.589357 -0.126593
v 0.146480 4.589357 -0.086537
v 0.172198 4.589357 -0.036063
v 0.181060 4.589357 0.019887
v 0.172198 4.589357 0.075838
v 0.146480 4.589357 0.126311
v 0.106424 4.589357 0.166368
v 0.055951 4.589357 0.192085
v 0.000000 4.589357 0.200947
v -0.055950 4.589357 0.192085
v -0.106424 4.589357 0.166368
v -0.146480 4.589357 0.126311
v -0.172198 4.589357 0.075838
v -0.181060 4.589357 0.019887
v -0.172198 4.589357 -0.036063
v -0.146480 4.589357 -0.086537
v -0.106424 4.589357 -0.126593
v -0.055950 4.589357 -0.152311
v 0.095135 2.879058 -0.580769
v 0.276091 2.879058 -0.521972
v 0.430022 2.879058 -0.410135
v 0.541860 2.879058 -0.256204
v 0.600656 2.879058 -0.075247
v 0.600656 2.879058 0.115022
v 0.541860 2.879058 0.295978
v 0.430022 2.879058 0.449909
v 0.276091 2.879058 0.561747
v 0.095135 2.879058 0.620543
v -0.095135 2.879058 0.620543
v -0.276091 2.879058 0.561747
v -0.430022 2.879058 0.449909
v -0.541860 2.879058 0.295978
v -0.600656 2.879058 0.115022
v -0.600656 2.879058 -0.075247
v -0.541860 2.879058 -0.256204
v -0.430022 2.879058 -0.410135
v 0.546189 3.480309 0.298184
v -0.276091 2.879058 -0.521972
v -0.095135 2.879058 -0.580769
v 0.600634 2.081308 -0.075244
v -0.420561 3.745754 0.440449
v -0.278297 3.480309 0.566076
v -0.546189 3.480309 -0.258410
v 0.605455 3.480309 -0.076007
v 0.095895 3.480309 0.625342
v -0.605455 3.480309 0.115782
v -0.095895 3.480309 -0.585568
v 0.433458 3.480309 -0.413571
v 0.433458 3.480309 0.453345
v 0.095895 3.480309 -0.585568
v -0.433458 3.480309 0.453345
v -0.433458 3.480309 -0.413571
v 0.605455 3.480309 0.115782
v -0.095895 3.480309 0.625342
v -0.605455 3.480309 -0.076007
v 0.546189 3.480309 -0.258410
v 0.278297 3.480309 0.566076
v -0.546189 3.480309 0.298184
v -0.278297 3.480309 -0.526302
v 0.278297 3.480309 -0.526302
v 0.087902 3.881520 0.574881
v 0.587441 3.745754 0.112929
v -0.529938 3.745754 0.289904
v 0.529938 3.745754 0.289904
v -0.587441 3.745754 0.112929
v 0.420562 3.745754 0.440449
v 0.093042 3.745754 -0.567554
v -0.587441 3.745754 -0.073154
v 0.270017 3.745754 0.549826
v 0.270017 3.745754 -0.510051
v -0.529938 3.745754 -0.250130
v 0.093042 3.745754 0.607328
v 0.420561 3.745754 -0.400674
v -0.420562 3.745754 -0.400674
v -0.093042 3.745754 0.607328
v 0.529938 3.745754 -0.250130
v -0.270017 3.745754 -0.510051
v -0.270017 3.745754 0.549826
v 0.587441 3.745754 -0.073154
v -0.093042 3.745754 -0.567554
v 0.442145 4.090155 0.245171
v 0.397332 3.881520 -0.377445
v -0.397332 3.881520 -0.377445
v -0.087902 3.881520 0.574881
v 0.500668 3.881520 -0.235216
v -0.255103 3.881520 -0.480780
v -0.255103 3.881520 0.520555
v 0.554994 3.881520 -0.068015
v -0.087902 3.881521 -0.535107
v -0.397332 3.881520 0.417219
v 0.554994 3.881520 0.107790
v -0.500668 3.881520 0.274990
v 0.500668 3.881520 0.274990
v -0.554994 3.881520 0.107790
v 0.397332 3.881520 0.417219
v 0.087902 3.881521 -0.535107
v -0.554994 3.881520 -0.068015
v 0.255103 3.881520 0.520555
v 0.255103 3.881520 -0.480780
v -0.500668 3.881520 -0.235216
v 0.294204 4.282979 -0.130017
v -0.490122 4.090155 0.097515
v 0.350888 4.090155 0.370776
v 0.077628 4.090155 -0.470234
v -0.490122 4.090155 -0.057740
v 0.225284 4.090155 0.462032
v 0.225284 4.090155 -0.422258
v -0.442145 4.090155 -0.205397
v 0.077628 4.090155 0.510009
v 0.350888 4.090155 -0.331001
v -0.350888 4.090155 -0.331001
v -0.077628 4.090155 0.510009
v 0.442145 4.090155 -0.205397
v -0.225284 4.090155 -0.422258
v -0.225284 4.090155 0.462032
v 0.490122 4.090155 -0.057740
v -0.077628 4.090155 -0.470234
v -0.350888 4.090155 0.370776
v 0.490122 4.090155 0.097515
v -0.442145 4.090155 0.245171
v 0.032506 4.345093 -0.185345
v -0.149904 4.282979 -0.274317
v -0.149904 4.282979 0.314091
v 0.326128 4.282979 -0.031766
v -0.051653 4.282979 -0.306240
v -0.233482 4.282979 0.253369
v 0.326128 4.282979 0.071541
v -0.294204 4.282979 0.169792
v 0.294204 4.282979 0.169792
v -0.326128 4.282979 0.071541
v 0.233482 4.282979 0.253369
v 0.051654 4.282979 -0.306240
v -0.326128 4.282979 -0.031766
v 0.149904 4.282979 0.314091
v 0.149904 4.282979 -0.274317
v -0.294204 4.282979 -0.130017
v 0.051654 4.282979 0.346015
v 0.233482 4.282979 -0.213594
v -0.233482 4.282979 -0.213594
v -0.051653 4.282979 0.346015
v -0.035081 4.354962 -0.201608
v -0.205232 4.345093 -0.012618
v 0.094335 4.345093 0.205030
v 0.094335 4.345093 -0.165256
v -0.185143 4.345093 -0.074448
v 0.032506 4.345093 0.225120
v 0.146930 4.345093 -0.127043
v -0.146930 4.345093 -0.127043
v -0.032506 4.345093 0.225120
v 0.185143 4.345093 -0.074448
v -0.094335 4.345093 -0.165256
v -0.094335 4.345093 0.205030
v 0.205232 4.345093 -0.012618
v -0.032506 4.345093 -0.185345
v -0.146930 4.345093 0.166817
v 0.205232 4.345093 0.052393
v -0.185143 4.345093 0.114222
v 0.185143 4.345093 0.114222
v -0.205232 4.345093 0.052393
v 0.146930 4.345093 0.166817
v -0.184559 4.364831 -0.074150
v -0.158573 4.354962 0.178460
v 0.221495 4.354962 0.054969
v -0.199813 4.354962 0.121697
v 0.199813 4.354962 0.121697
v -0.221495 4.354962 0.054969
v 0.158573 4.354962 0.178460
v 0.035081 4.354962 -0.201608
v -0.221495 4.354962 -0.015194
v 0.101810 4.354962 0.219701
v 0.101810 4.354962 -0.179926
v -0.199813 4.354962 -0.081923
v 0.035081 4.354962 0.241382
v 0.158573 4.354962 -0.138686
v -0.158573 4.354962 -0.138686
v -0.035081 4.354962 0.241382
v 0.199813 4.354962 -0.081923
v -0.101810 4.354962 -0.179926
v -0.101810 4.354962 0.219701
v 0.221495 4.354962 -0.015194
v -0.169492 4.373467 0.106248
v 0.032403 4.364831 0.224473
v 0.146467 4.364831 -0.126580
v -0.146467 4.364831 -0.126580
v -0.032403 4.364831 0.224473
v 0.184559 4.364831 -0.074150
v -0.094038 4.364831 -0.164672
v -0.094038 4.364831 0.204447
v 0.204586 4.364831 -0.012516
v -0.032403 4.364831 -0.184698
v -0.146467 4.364831 0.166354
v 0.204586 4.364831 0.052290
v -0.184559 4.364831 0.113925
v 0.184559 4.364831 0.113925
v -0.204586 4.364831 0.052290
v 0.146467 4.364831 0.166354
v 0.032403 4.364831 -0.184698
v -0.204586 4.364831 -0.012516
v 0.094038 4.364831 0.204447
v 0.094038 4.364831 -0.164672
v -0.030511 4.382051 0.212523
v 0.169492 4.373467 0.106248
v -0.187883 4.373467 0.049645
v 0.134509 4.373467 0.154397
v 0.029758 4.373467 -0.167996
v -0.187883 4.373467 -0.009871
v 0.086360 4.373467 0.189379
v 0.086360 4.373467 -0.149605
v -0.169492 4.373467 -0.066473
v 0.029758 4.373467 0.207770
v 0.134509 4.373467 -0.114622
v -0.134509 4.373467 -0.114622
v -0.029758 4.373467 0.207770
v 0.169492 4.373467 -0.066473
v -0.086360 4.373467 -0.149605
v -0.086360 4.373467 0.189379
v 0.187883 4.373467 -0.009871
v -0.029758 4.373467 -0.167996
v -0.134509 4.373467 0.154397
v 0.187883 4.373467 0.049645
v 0.141463 4.492806 0.161350
v 0.173780 4.382051 -0.068658
v -0.088545 4.382051 -0.153892
v -0.088545 4.382051 0.193667
v 0.192636 4.382051 -0.010623
v -0.030511 4.382051 -0.172749
v -0.137912 4.382051 0.157799
v 0.192636 4.382051 0.050398
v -0.173779 4.382051 0.108432
v 0.173780 4.382051 0.108432
v -0.192636 4.382051 0.050398
v 0.137912 4.382051 0.157799
v 0.030511 4.382051 -0.172749
v -0.192636 4.382051 -0.010623
v 0.088545 4.382051 0.193667
v 0.088545 4.382051 -0.153892
v -0.173779 4.382051 -0.068658
v 0.030511 4.382051 0.212523
v 0.137912 4.382051 -0.118025
v -0.137912 4.382051 -0.118025
v 0.000000 4.589357 0.019887
v 0.031296 4.492806 -0.177709
v -0.197596 4.492806 -0.011409
v 0.090825 4.492806 0.198141
v 0.090825 4.492806 -0.158366
v -0.178254 4.492806 -0.070938
v 0.031296 4.492806 0.217483
v 0.141463 4.492806 -0.121576
v -0.141463 4.492806 -0.121576
v -0.031296 4.492806 0.217483
v 0.178254 4.492806 -0.070938
v -0.090825 4.492806 -0.158366
v -0.090825 4.492806 0.198141
v 0.197596 4.492806 -0.011409
v -0.031296 4.492806 -0.177709
v -0.141463 4.492806 0.161350
v 0.197596 4.492806 0.051183
v -0.178254 4.492806 0.110712
v 0.178254 4.492806 0.110712
v -0.197596 4.492806 0.051183
v 0.276091 1.200030 -0.521972
v 0.095131 2.081308 0.620521
v -0.600634 2.081308 0.115018
v -0.095131 2.081308 -0.580746
v 0.430006 2.081308 -0.410119
v 0.430006 2.081308 0.449893
v 0.095131 2.081308 -0.580746
v -0.430006 2.081308 0.449893
v -0.430006 2.081308 -0.410119
v 0.600634 2.081308 0.115018
v -0.095131 2.081308 0.620521
v -0.600634 2.081308 -0.075244
v 0.541839 2.081308 -0.256194
v 0.276081 2.081308 0.561727
v -0.541839 2.081308 0.295968
v -0.276081 2.081308 -0.521952
v 0.276081 2.081308 -0.521952
v 0.541839 2.081308 0.295968
v -0.276081 2.081308 0.561727
v -0.541839 2.081308 -0.256194
v -0.547271 0.545241 0.298741
v -0.541859 1.200030 -0.256204
v 0.095134 1.200030 0.620542
v 0.430022 1.200030 -0.410134
v -0.430022 1.200030 -0.410134
v -0.095134 1.200030 0.620542
v 0.541859 1.200030 -0.256204
v -0.276091 1.200030 -0.521972
v -0.276091 1.200030 0.561746
v 0.600655 1.200030 -0.075247
v -0.095134 1.200030 -0.580768
v -0.430022 1.200030 0.449909
v 0.600655 1.200030 0.115022
v -0.541859 1.200030 0.295978
v 0.541859 1.200030 0.295978
v -0.600655 1.200030 0.115022
v 0.430022 1.200030 0.449909
v 0.095134 1.200030 -0.580768
v -0.600655 1.200030 -0.075247
v 0.276091 1.200030 0.561746
v -0.093041 0.326155 0.606562
v 0.547268 0.545241 0.298747
v -0.606656 0.545241 0.115980
v 0.434310 0.545241 0.454214
v 0.096080 0.545241 -0.586771
v -0.606659 0.545241 -0.076188
v 0.278841 0.545241 0.567165
v 0.278848 0.545241 -0.527387
v -0.547278 0.545241 -0.258952
v 0.096077 0.545241 0.626545
v 0.434320 0.545241 -0.414430
v -0.434326 0.545241 -0.414423
v -0.096090 0.545241 0.626543
v 0.547276 0.545241 -0.258958
v -0.278859 0.545241 -0.527381
v -0.278851 0.545241 0.567160
v 0.606658 0.545241 -0.076190
v -0.096093 0.545242 -0.586769
v -0.434317 0.545241 0.454207
v 0.606655 0.545241 0.115982
v 0.527961 0.326329 -0.249202
v -0.269722 0.326155 -0.508955
v -0.269110 0.326329 0.548379
v 0.578309 0.330053 -0.071527
v -0.093080 0.326329 -0.565389
v -0.414242 0.330053 0.434188
v 0.585321 0.326329 0.113025
v -0.528433 0.326329 0.289055
v 0.528900 0.326155 0.289667
v -0.586616 0.326155 0.112986
v 0.419156 0.326329 0.439139
v 0.091471 0.330053 -0.558431
v -0.585689 0.326329 -0.072444
v 0.265706 0.330053 0.541881
v 0.269147 0.326329 -0.508018
v -0.521936 0.330053 -0.245760
v 0.092390 0.326329 0.605635
v 0.419706 0.326155 -0.399760
v -0.419193 0.326329 -0.399211
v 0.000009 0.267080 0.019874
v 0.031200 4.585347 -0.177101
v 0.090546 4.585347 -0.157819
v 0.141028 4.585347 -0.121141
v 0.177706 4.585347 -0.070658
v 0.196988 4.585347 -0.011313
v 0.196988 4.585347 0.051087
v 0.177706 4.585347 0.110433
v 0.141028 4.585347 0.160915
v 0.090546 4.585347 0.197593
v 0.031200 4.585347 0.216876
v -0.031200 4.585347 0.216876
v -0.090546 4.585347 0.197593
v -0.141028 4.585347 0.160915
v -0.177706 4.585347 0.110433
v -0.196988 4.585347 0.051087
v -0.196988 4.585347 -0.011313
v -0.177706 4.585347 -0.070658
v -0.141028 4.585347 -0.121141
v -0.090546 4.585347 -0.157819
v -0.031200 4.585347 -0.177101
v -0.197389 4.393497 0.051151
v 0.178067 4.393497 0.110617
v -0.178067 4.393497 0.110617
v 0.197389 4.393497 0.051151
v -0.141315 4.393497 0.161202
v -0.031263 4.393497 -0.177502
v 0.197389 4.393497 -0.011376
v -0.090730 4.393497 0.197954
v -0.090730 4.393497 -0.158180
v 0.178067 4.393497 -0.070843
v -0.031263 4.393497 0.217276
v -0.141315 4.393497 -0.121428
v 0.141315 4.393497 -0.121428
v 0.031263 4.393497 0.217276
v -0.178067 4.393497 -0.070843
v 0.090730 4.393497 -0.158180
v 0.090730 4.393497 0.197954
v -0.197389 4.393497 -0.011376
v 0.031263 4.393497 -0.177502
v 0.141315 4.393497 0.161202
v 0.034970 4.364420 -0.200903
v 0.101486 4.364420 -0.179291
v 0.158068 4.364420 -0.138181
v 0.199178 4.364420 -0.081599
v 0.220790 4.364420 -0.015083
v 0.220790 4.364420 0.054857
v 0.199178 4.364420 0.121373
v 0.158068 4.364420 0.177956
v 0.101486 4.364420 0.219065
v 0.034970 4.364420 0.240677
v -0.034970 4.364420 0.240677
v -0.101486 4.364420 0.219065
v -0.158068 4.364420 0.177956
v -0.199178 4.364420 0.121373
v -0.220790 4.364420 0.054857
v -0.220790 4.364420 -0.015083
v -0.199178 4.364420 -0.081599
v -0.158068 4.364420 -0.138181
v -0.101486 4.364420 -0.179291
v -0.034970 4.364420 -0.200903
v 0.029837 4.365191 -0.168494
v 0.086589 4.365191 -0.150054
v 0.134866 4.365191 -0.114979
v 0.169941 4.365191 -0.066702
v 0.188381 4.365191 -0.009949
v 0.188381 4.365191 0.049724
v 0.169941 4.365191 0.106476
v 0.134866 4.365191 0.154753
v 0.086589 4.365191 0.189828
v 0.029837 4.365191 0.208268
v -0.029837 4.365191 0.208268
v -0.086589 4.365191 0.189828
v -0.134866 4.365191 0.154753
v -0.169941 4.365191 0.106476
v -0.188381 4.365191 0.049724
v -0.188381 4.365191 -0.009949
v -0.169941 4.365191 -0.066702
v -0.134866 4.365191 -0.114979
v -0.086589 4.365191 -0.150054
v -0.029837 4.365191 -0.168494
v 0.030055 4.342831 -0.169874
v 0.087224 4.342831 -0.151299
v 0.135854 4.342831 -0.115967
v 0.171186 4.342831 -0.067337
v 0.189762 4.342831 -0.010168
v 0.189762 4.342831 0.049942
v 0.171186 4.342831 0.107111
v 0.135854 4.342831 0.155742
v 0.087224 4.342831 0.191074
v 0.030055 4.342831 0.209649
v -0.030055 4.342831 0.209649
v -0.087224 4.342831 0.191074
v -0.135854 4.342831 0.155742
v -0.171186 4.342831 0.107111
v -0.189762 4.342831 0.049942
v -0.189762 4.342831 -0.010168
v -0.171186 4.342831 -0.067337
v -0.135854 4.342831 -0.115967
v -0.087224 4.342831 -0.151299
v -0.030055 4.342831 -0.169874
v 0.034974 4.345504 -0.200930
v 0.101499 4.345504 -0.179315
v 0.158088 4.345504 -0.138200
v 0.199202 4.345504 -0.081611
v 0.220817 4.345504 -0.015087
v 0.220817 4.345504 0.054861
v 0.199202 4.345504 0.121386
v 0.158088 4.345504 0.177975
v 0.101499 4.345504 0.219089
v 0.034974 4.345504 0.240704
v -0.034974 4.345504 0.240704
v -0.101498 4.345504 0.219089
v -0.158088 4.345504 0.177975
v -0.199202 4.345504 0.121386
v -0.220817 4.345504 0.054861
v -0.220817 4.345504 -0.015087
v -0.199202 4.345504 -0.081611
v -0.158088 4.345504 -0.138200
v -0.101498 4.345504 -0.179315
v -0.034974 4.345504 -0.200930
v -0.016503 0.140285 -0.090626
v 0.481813 0.142575 -0.230717
v -0.250264 0.141712 -0.470768
v 0.335418 0.259854 -0.033262
v 0.089912 0.139275 0.065700
v -0.016437 0.139275 0.121434
v 0.389400 0.141712 -0.369455
v 0.153310 0.259854 0.321274
v -0.269456 0.141554 0.210810
v -0.239173 0.259854 0.259125
v 0.108714 0.140285 0.036316
v -0.380964 0.142575 -0.367337
v 0.017936 0.140285 0.128435
v -0.301331 0.259854 -0.133367
v 0.250663 0.142575 -0.461870
v -0.190919 0.141554 0.289450
v 0.053159 0.259854 -0.317216
v -0.537430 0.142575 -0.060256
v 0.100040 0.140285 -0.029809
v -0.045816 0.139275 -0.070102
v 0.145705 0.027049 -0.260728
v 0.222700 0.022118 -0.202810
v 0.280621 0.027049 -0.125812
v 0.311762 0.027049 0.071769
v 0.280614 0.022118 0.162880
v 0.225207 0.027049 0.241642
v -0.141332 0.027049 0.302701
v -0.282726 0.027049 0.161194
v -0.311078 0.022118 0.069165
v -0.312550 0.027049 -0.027113
v -0.221751 0.027049 -0.205316
v -0.142991 0.022118 -0.260728
v 0.047002 0.027049 0.332445
v -0.049304 0.022118 0.331049
v -0.051884 0.027049 -0.292023
v 0.080201 0.142575 0.557375
v 0.077183 0.140285 0.098180
v -0.086337 0.141712 0.564231
v -0.315235 0.141554 -0.078232
v 0.535660 0.142575 0.109704
v 0.106200 0.141554 -0.294476
v -0.089762 0.142575 -0.515788
v -0.051257 0.140285 0.119366
v -0.264795 0.141554 -0.177227
v 0.490713 0.141712 0.270210
v 0.387282 0.142575 0.400909
v 0.314353 0.141554 -0.086257
v -0.097604 0.140285 0.070496
v 0.330069 0.141554 0.023945
v -0.099668 0.139275 0.035673
v -0.004102 0.141554 -0.311946
v -0.242602 0.142575 0.506248
v -0.108465 0.140285 0.001924
v 0.049725 0.140285 -0.080137
v -0.486303 0.142575 0.262547
v 0.197145 0.141554 0.284712
v -0.078291 0.140285 -0.057295
v 0.071450 0.139275 -0.051561
v -0.544286 0.141712 0.106282
v 0.098150 0.141554 0.335153
v 0.040989 0.262077 -0.061810
v 0.062679 0.261757 -0.042790
v 0.081654 0.262076 -0.021076
v 0.098070 0.265947 0.004152
v 0.088583 0.262077 0.033670
v 0.078856 0.261757 0.060066
v 0.063192 0.262076 0.083385
v 0.044279 0.265947 0.106809
v -0.041517 0.262076 0.101500
v -0.069008 0.265946 0.088947
v -0.079723 0.262077 0.060749
v -0.087412 0.261756 0.033732
v -0.088448 0.262076 0.005662
v -0.086920 0.265946 -0.024390
v -0.063498 0.262077 -0.043305
v -0.040182 0.261756 -0.059048
v 0.015690 0.265947 -0.079948
v 0.014196 0.262077 0.108419
v -0.014503 0.261756 0.109197
v -0.013858 0.262076 -0.070497
v 0.095130 2.492315 -0.580742
v 0.095131 3.256737 -0.580746
v 0.276079 2.492315 -0.521948
v 0.276081 3.256737 -0.521952
v 0.430003 2.492315 -0.410116
v 0.430006 3.256737 -0.410119
v 0.541835 2.492315 -0.256192
v 0.541839 3.256737 -0.256194
v 0.600629 2.492315 -0.075243
v 0.600634 3.256737 -0.075244
v 0.600629 2.492315 0.115018
v 0.600634 3.256737 0.115018
v 0.541835 2.492315 0.295966
v 0.541839 3.256737 0.295968
v 0.430003 2.492315 0.449890
v 0.430006 3.256737 0.449893
v 0.276079 2.492315 0.561723
v 0.276081 3.256737 0.561727
v 0.095130 2.492315 0.620516
v 0.095131 3.256737 0.620521
v -0.095130 2.492315 0.620516
v -0.095131 3.256737 0.620521
v -0.276079 2.492315 0.561723
v -0.276081 3.256737 0.561727
v -0.430003 2.492315 0.449890
v -0.430006 3.256737 0.449893
v -0.541835 2.492315 0.295966
v -0.541839 3.256737 0.295968
v -0.600629 2.492315 0.115018
v -0.600634 3.256737 0.115018
v -0.600629 2.492315 -0.075243
v -0.600634 3.256737 -0.075244
v -0.541835 2.492315 -0.256192
v -0.541839 3.256737 -0.256194
v -0.430003 2.492315 -0.410116
v -0.430006 3.256737 -0.410119
v -0.276079 2.492315 -0.521948
v -0.276081 3.256737 -0.521952
v -0.095130 2.492315 -0.580742
v -0.095131 3.256737 -0.580746
v 0.028097 4.589357 -0.157510
v 0.081541 4.589357 -0.140145
v 0.127002 4.589357 -0.107115
v 0.160032 4.589357 -0.061653
v 0.177397 4.589357 -0.008210
v 0.177397 4.589357 0.047984
v 0.160032 4.589357 0.101428
v 0.127002 4.589357 0.146889
v 0.081541 4.589357 0.179919
v 0.028097 4.589357 0.197284
v -0.028097 4.589357 0.197284
v -0.081540 4.589357 0.179919
v -0.127002 4.589357 0.146890
v -0.160032 4.589357 0.101428
v -0.177397 4.589357 0.047984
v -0.177397 4.589357 -0.008210
v -0.160032 4.589357 -0.061653
v -0.127002 4.589357 -0.107115
v -0.081540 4.589357 -0.140145
v -0.028097 4.589357 -0.157510
v 0.000000 3.007118 -0.588246
v 0.187923 3.007118 -0.558482
v 0.357452 3.007118 -0.472103
v 0.491990 3.007118 -0.337564
v 0.578369 3.007118 -0.168036
v 0.608133 3.007118 0.019887
v 0.578369 3.007118 0.207811
v 0.491990 3.007118 0.377339
v 0.357452 3.007118 0.511877
v 0.187923 3.007118 0.598256
v 0.000000 3.007118 0.628020
v -0.187923 3.007118 0.598256
v -0.357452 3.007118 0.511877
v -0.491990 3.007118 0.377339
v -0.578369 3.007118 0.207811
v -0.608133 3.007118 0.019887
v -0.578369 3.007118 -0.168036
v -0.491990 3.007118 -0.337564
v -0.357452 3.007118 -0.472103
v -0.187923 3.007118 -0.558482
v 0.095133 3.007118 -0.580759
v 0.276087 3.007118 -0.521963
v 0.430015 3.007118 -0.410128
v 0.541851 3.007118 -0.256199
v 0.600646 3.007118 -0.075246
v 0.600646 3.007118 0.115020
v 0.541851 3.007118 0.295974
v 0.430015 3.007118 0.449902
v 0.276087 3.007118 0.561738
v 0.095133 3.007118 0.620533
v -0.095133 3.007118 0.620533
v -0.276087 3.007118 0.561738
v -0.430015 3.007118 0.449902
v -0.541851 3.007118 0.295974
v -0.600646 3.007118 0.115020
v -0.600646 3.007118 -0.075246
v -0.541851 3.007118 -0.256199
v -0.430015 3.007118 -0.410128
v -0.276087 3.007118 -0.521963
v -0.095133 3.007118 -0.580759
v -0.000000 2.750998 -0.588255
v 0.187926 2.750998 -0.558490
v 0.357457 2.750998 -0.472110
v 0.491997 2.750998 -0.337570
v 0.578377 2.750998 -0.168039
v 0.608142 2.750998 0.019887
v 0.578377 2.750998 0.207813
v 0.491997 2.750998 0.377344
v 0.357457 2.750998 0.511884
v 0.187926 2.750998 0.598265
v 0.000000 2.750998 0.628029
v -0.187926 2.750998 0.598265
v -0.357457 2.750998 0.511884
v -0.491997 2.750998 0.377344
v -0.578377 2.750998 0.207813
v -0.608142 2.750998 0.019887
v -0.578377 2.750998 -0.168039
v -0.491997 2.750998 -0.337570
v -0.357457 2.750998 -0.472110
v -0.187926 2.750998 -0.558490
v 0.095134 2.750998 -0.580768
v 0.276091 2.750998 -0.521971
v 0.430021 2.750998 -0.410134
v 0.541859 2.750998 -0.256204
v 0.600655 2.750998 -0.075247
v 0.600655 2.750998 0.115022
v 0.541859 2.750998 0.295978
v 0.430021 2.750998 0.449909
v 0.276091 2.750998 0.561746
v 0.095134 2.750998 0.620542
v -0.095134 2.750998 0.620542
v -0.276091 2.750998 0.561746
v -0.430021 2.750998 0.449909
v -0.541859 2.750998 0.295978
v -0.600655 2.750998 0.115022
v -0.600655 2.750998 -0.075247
v -0.541859 2.750998 -0.256204
v -0.430021 2.750998 -0.410134
v -0.276091 2.750998 -0.521971
v -0.095134 2.750998 -0.580768
v 0.608120 2.221343 0.019887
v 0.578357 2.221343 -0.168032
v -0.000000 2.221343 0.628007
v 0.187919 2.221343 0.598244
v -0.608120 2.221343 0.019887
v -0.578357 2.221343 0.207807
v -0.000000 2.221343 -0.588233
v -0.187919 2.221343 -0.558469
v 0.491980 2.221343 -0.337557
v 0.357444 2.221343 -0.472092
v 0.357444 2.221343 0.511867
v 0.491980 2.221343 0.377331
v 0.187919 2.221343 -0.558469
v -0.491980 2.221343 0.377331
v -0.357444 2.221343 0.511867
v -0.357444 2.221343 -0.472092
v -0.491980 2.221343 -0.337557
v 0.578357 2.221343 0.207807
v -0.187919 2.221343 0.598244
v -0.578357 2.221343 -0.168032
v 0.600633 2.221343 -0.075244
v 0.095131 2.221343 0.620520
v -0.600633 2.221343 0.115018
v -0.095131 2.221343 -0.580746
v 0.430006 2.221343 -0.410119
v 0.430006 2.221343 0.449893
v 0.095131 2.221343 -0.580746
v -0.430006 2.221343 0.449893
v -0.430006 2.221343 -0.410119
v 0.600633 2.221343 0.115018
v -0.095131 2.221343 0.620520
v -0.600633 2.221343 -0.075244
v 0.541839 2.221343 -0.256194
v 0.276081 2.221343 0.561726
v -0.541839 2.221343 0.295968
v -0.276081 2.221343 -0.521952
v 0.276081 2.221343 -0.521952
v 0.541839 2.221343 0.295968
v -0.276081 2.221343 0.561726
v -0.541839 2.221343 -0.256194
v 0.608144 1.874300 0.019887
v 0.578379 1.874300 -0.168040
v -0.000000 1.874300 0.628031
v 0.187927 1.874300 0.598266
v -0.608144 1.874300 0.019887
v -0.578379 1.874300 0.207814
v -0.000000 1.874300 -0.588257
v -0.187927 1.874300 -0.558492
v 0.491999 1.874300 -0.337571
v 0.357458 1.874300 -0.472111
v 0.357458 1.874300 0.511886
v 0.491999 1.874300 0.377345
v 0.187927 1.874300 -0.558492
v -0.491999 1.874300 0.377345
v -0.357458 1.874300 0.511886
v -0.357458 1.874300 -0.472111
v -0.491999 1.874300 -0.337571
v 0.578379 1.874300 0.207814
v -0.187927 1.874300 0.598266
v -0.578379 1.874300 -0.168040
v 0.600657 1.874300 -0.075247
v 0.095135 1.874300 0.620544
v -0.600657 1.874300 0.115022
v -0.095135 1.874300 -0.580769
v 0.430023 1.874300 -0.410135
v 0.430023 1.874300 0.449910
v 0.095135 1.874300 -0.580769
v -0.430023 1.874300 0.449910
v -0.430023 1.874300 -0.410135
v 0.600657 1.874300 0.115022
v -0.095135 1.874300 0.620544
v -0.600657 1.874300 -0.075247
v 0.541860 1.874300 -0.256204
v 0.276091 1.874300 0.561747
v -0.541860 1.874300 0.295979
v -0.276092 1.874300 -0.521973
v 0.276092 1.874300 -0.521973
v 0.541860 1.874300 0.295979
v -0.276092 1.874300 0.561747
v -0.541860 1.874300 -0.256204
v 0.357457 1.433963 -0.472111
v 0.187926 1.433963 -0.558491
v -0.491998 1.433963 -0.337570
v -0.578378 1.433963 -0.168039
v -0.000000 1.433963 0.628030
v 0.187926 1.433963 0.598265
v 0.491998 1.433963 -0.337570
v -0.357457 1.433963 -0.472110
v -0.187926 1.433963 0.598265
v 0.578378 1.433963 -0.168039
v -0.187926 1.433963 -0.558491
v -0.357457 1.433963 0.511885
v 0.608143 1.433963 0.019887
v -0.000000 1.433963 -0.588255
v -0.491998 1.433963 0.377344
v 0.578378 1.433963 0.207814
v -0.578378 1.433963 0.207814
v 0.491998 1.433963 0.377344
v -0.608143 1.433963 0.019887
v 0.357457 1.433963 0.511885
v 0.276091 1.433963 -0.521972
v -0.541859 1.433963 -0.256204
v 0.095134 1.433963 0.620543
v 0.430022 1.433963 -0.410135
v -0.430022 1.433963 -0.410135
v -0.095134 1.433963 0.620543
v 0.541859 1.433963 -0.256204
v -0.276091 1.433963 -0.521972
v -0.276091 1.433963 0.561746
v 0.600655 1.433963 -0.075247
v -0.095135 1.433963 -0.580768
v -0.430022 1.433963 0.449909
v 0.600655 1.433963 0.115022
v -0.541859 1.433963 0.295978
v 0.541859 1.433963 0.295978
v -0.600655 1.433963 0.115022
v 0.430022 1.433963 0.449909
v 0.095134 1.433963 -0.580768
v -0.600655 1.433963 -0.075247
v 0.276091 1.433963 0.561746
v 0.357453 0.997281 -0.472105
v 0.187924 0.997281 -0.558485
v -0.491992 0.997281 -0.337566
v -0.578372 0.997281 -0.168037
v -0.000000 0.997281 0.628023
v 0.187924 0.997281 0.598259
v 0.491992 0.997281 -0.337566
v -0.357453 0.997281 -0.472105
v -0.187924 0.997281 0.598259
v 0.578372 0.997281 -0.168037
v -0.187924 0.997281 -0.558485
v -0.357453 0.997281 0.511880
v 0.608136 0.997281 0.019887
v -0.000000 0.997281 -0.588249
v -0.491992 0.997281 0.377341
v 0.578372 0.997281 0.207812
v -0.578372 0.997281 0.207812
v 0.491992 0.997281 0.377341
v -0.608136 0.997281 0.019887
v 0.357453 0.997281 0.511880
v 0.276088 0.997281 -0.521966
v -0.541853 0.997281 -0.256201
v 0.095133 0.997281 0.620536
v 0.430017 0.997281 -0.410130
v -0.430017 0.997281 -0.410130
v -0.095133 0.997281 0.620536
v 0.541853 0.997281 -0.256201
v -0.276088 0.997281 -0.521966
v -0.276088 0.997281 0.561740
v 0.600649 0.997281 -0.075246
v -0.095133 0.997281 -0.580762
v -0.430017 0.997281 0.449904
v 0.600649 0.997281 0.115021
v -0.541853 0.997281 0.295975
v 0.541853 0.997281 0.295975
v -0.600649 0.997281 0.115021
v 0.430017 0.997281 0.449904
v 0.095133 0.997281 -0.580762
v -0.600649 0.997281 -0.075246
v 0.276088 0.997281 0.561740
vn 0.0785 -0.0000 -0.9969
vn 0.0771 0.1833 -0.9800
vn 0.2295 0.1833 -0.9559
vn 0.2334 -0.0000 -0.9724
vn 0.3827 -0.0000 -0.9239
vn 0.3762 0.1833 -0.9082
vn 0.5136 0.1833 -0.8382
vn 0.5225 -0.0000 -0.8526
vn 0.6494 -0.0000 -0.7604
vn 0.6384 0.1833 -0.7475
vn 0.7475 0.1833 -0.6384
vn 0.7604 -0.0000 -0.6494
vn 0.8526 -0.0000 -0.5225
vn 0.8382 0.1833 -0.5136
vn 0.9082 0.1833 -0.3762
vn 0.9239 -0.0000 -0.3827
vn 0.9724 -0.0000 -0.2334
vn 0.9559 0.1833 -0.2295
vn 0.9800 0.1833 -0.0771
vn 0.9969 -0.0000 -0.0785
vn 0.9969 -0.0000 0.0785
vn 0.9800 0.1833 0.0771
vn 0.9559 0.1833 0.2295
vn 0.9724 -0.0000 0.2334
vn 0.9239 -0.0000 0.3827
vn 0.9082 0.1833 0.3762
vn 0.8382 0.1833 0.5136
vn 0.8526 -0.0000 0.5225
vn 0.7604 -0.0000 0.6494
vn 0.7475 0.1833 0.6384
vn 0.6384 0.1833 0.7475
vn 0.6494 -0.0000 0.7604
vn 0.5225 -0.0000 0.8526
vn 0.5136 0.1833 0.8382
vn 0.3762 0.1833 0.9082
vn 0.3827 -0.0000 0.9239
vn 0.2334 -0.0000 0.9724
vn 0.2295 0.1833 0.9559
vn 0.0771 0.1833 0.9800
vn 0.0785 -0.0000 0.9969
vn -0.0785 -0.0000 0.9969
vn -0.0771 0.1833 0.9800
vn -0.2295 0.1833 0.9559
vn -0.2334 -0.0000 0.9724
vn -0.3827 -0.0000 0.9239
vn -0.3762 0.1833 0.9082
vn -0.5136 0.1833 0.8382
vn -0.5225 -0.0000 0.8526
vn -0.6494 -0.0000 0.7604
vn -0.6384 0.1833 0.7475
vn -0.7475 0.1833 0.6384
vn -0.7604 -0.0000 0.6494
vn -0.8526 -0.0000 0.5225
vn -0.8382 0.1833 0.5136
vn -0.9082 0.1833 0.3762
vn -0.9239 -0.0000 0.3827
vn -0.9724 -0.0000 0.2334
vn -0.9559 0.1833 0.2295
vn -0.9800 0.1833 0.0771
vn -0.9969 -0.0000 0.0785
vn -0.9969 -0.0000 -0.0785
vn -0.9800 0.1833 -0.0771
vn -0.9559 0.1833 -0.2295
vn -0.9724 -0.0000 -0.2334
vn -0.9239 -0.0000 -0.3827
vn -0.9082 0.1833 -0.3762
vn -0.8382 0.1833 -0.5136
vn -0.8526 -0.0000 -0.5225
vn -0.7604 -0.0000 -0.6494
vn -0.7475 0.1833 -0.6384
vn -0.6384 0.1833 -0.7475
vn -0.6494 -0.0000 -0.7604
vn 0.8522 -0.0338 0.5222
vn 0.9234 -0.0338 0.3825
vn 0.9229 0.0454 0.3823
vn 0.8518 0.0454 0.5220
vn -0.5225 -0.0000 -0.8526
vn -0.5136 0.1833 -0.8382
vn -0.3762 0.1833 -0.9082
vn -0.3827 -0.0000 -0.9239
vn -0.2334 -0.0000 -0.9724
vn -0.2295 0.1833 -0.9559
vn -0.0771 0.1833 -0.9800
vn -0.0785 -0.0000 -0.9969
vn 0.9969 -0.0001 -0.0785
vn 0.9724 -0.0001 -0.2334
vn -0.7564 0.1029 0.6460
vn -0.6460 0.1029 0.7564
vn -0.6352 0.2080 0.7438
vn -0.7438 0.2080 0.6352
vn -0.5222 -0.0338 0.8522
vn -0.3825 -0.0338 0.9234
vn -0.3823 0.0454 0.9229
vn -0.5220 0.0454 0.8518
vn -0.8522 -0.0338 -0.5222
vn -0.9234 -0.0338 -0.3825
vn -0.9229 0.0454 -0.3823
vn -0.8518 0.0454 -0.5220
vn 0.9963 -0.0338 -0.0784
vn 0.9718 -0.0338 -0.2333
vn 0.9714 0.0454 -0.2332
vn 0.9959 0.0454 -0.0784
vn 0.0784 -0.0338 0.9963
vn 0.2333 -0.0338 0.9718
vn 0.2332 0.0454 0.9714
vn 0.0784 0.0454 0.9959
vn -0.9963 -0.0338 0.0784
vn -0.9718 -0.0338 0.2333
vn -0.9714 0.0454 0.2332
vn -0.9959 0.0454 0.0784
vn -0.0784 -0.0338 -0.9963
vn -0.2333 -0.0338 -0.9718
vn -0.2332 0.0454 -0.9714
vn -0.0784 0.0454 -0.9959
vn 0.7600 -0.0338 -0.6491
vn 0.6491 -0.0338 -0.7600
vn 0.6488 0.0454 -0.7596
vn 0.7596 0.0454 -0.6488
vn 0.6491 -0.0338 0.7600
vn 0.7600 -0.0338 0.6491
vn 0.7596 0.0454 0.6488
vn 0.6488 0.0454 0.7596
vn 0.2333 -0.0338 -0.9718
vn 0.0784 -0.0338 -0.9963
vn 0.0784 0.0454 -0.9959
vn 0.2332 0.0454 -0.9714
vn -0.7600 -0.0338 0.6491
vn -0.6491 -0.0338 0.7600
vn -0.6488 0.0454 0.7596
vn -0.7596 0.0454 0.6488
vn -0.6491 -0.0338 -0.7600
vn -0.7600 -0.0338 -0.6491
vn -0.7596 0.0454 -0.6488
vn -0.6488 0.0454 -0.7596
vn 0.9718 -0.0338 0.2333
vn 0.9963 -0.0338 0.0784
vn 0.9959 0.0454 0.0784
vn 0.9714 0.0454 0.2332
vn -0.2333 -0.0338 0.9718
vn -0.0784 -0.0338 0.9963
vn -0.0784 0.0454 0.9959
vn -0.2332 0.0454 0.9714
vn -0.9718 -0.0338 -0.2333
vn -0.9963 -0.0338 -0.0784
vn -0.9959 0.0454 -0.0784
vn -0.9714 0.0454 -0.2332
vn 0.9234 -0.0338 -0.3825
vn 0.8522 -0.0338 -0.5222
vn 0.8518 0.0454 -0.5220
vn 0.9229 0.0454 -0.3823
vn 0.3825 -0.0338 0.9234
vn 0.5222 -0.0338 0.8522
vn 0.5220 0.0454 0.8518
vn 0.3823 0.0454 0.9229
vn -0.9234 -0.0338 0.3825
vn -0.8522 -0.0338 0.5222
vn -0.8518 0.0454 0.5220
vn -0.9229 0.0454 0.3823
vn -0.3825 -0.0338 -0.9234
vn -0.5222 -0.0338 -0.8522
vn -0.5220 0.0454 -0.8518
vn -0.3823 0.0454 -0.9229
vn 0.5222 -0.0338 -0.8522
vn 0.3825 -0.0338 -0.9234
vn 0.3823 0.0454 -0.9229
vn 0.5220 0.0454 -0.8518
vn 0.0757 0.2609 0.9624
vn 0.2254 0.2609 0.9387
vn 0.2244 0.2756 0.9347
vn 0.0754 0.2756 0.9583
vn 0.9672 0.1029 0.2322
vn 0.9916 0.1029 0.0780
vn 0.9751 0.2080 0.0767
vn 0.9511 0.2080 0.2283
vn -0.9190 0.1029 0.3807
vn -0.8481 0.1029 0.5197
vn -0.8340 0.2080 0.5111
vn -0.9037 0.2080 0.3743
vn 0.8481 0.1029 0.5197
vn 0.9190 0.1029 0.3807
vn 0.9037 0.2080 0.3743
vn 0.8340 0.2080 0.5111
vn -0.9916 0.1029 0.0780
vn -0.9672 0.1029 0.2322
vn -0.9511 0.2080 0.2283
vn -0.9751 0.2080 0.0767
vn 0.6460 0.1029 0.7564
vn 0.7564 0.1029 0.6460
vn 0.7438 0.2080 0.6352
vn 0.6352 0.2080 0.7438
vn 0.2322 0.1029 -0.9672
vn 0.0780 0.1029 -0.9916
vn 0.0767 0.2080 -0.9751
vn 0.2283 0.2080 -0.9511
vn -0.9672 0.1029 -0.2322
vn -0.9916 0.1029 -0.0780
vn -0.9751 0.2080 -0.0767
vn -0.9511 0.2080 -0.2283
vn 0.3807 0.1029 0.9190
vn 0.5197 0.1029 0.8481
vn 0.5111 0.2080 0.8340
vn 0.3743 0.2080 0.9037
vn 0.5197 0.1029 -0.8481
vn 0.3807 0.1029 -0.9190
vn 0.3743 0.2080 -0.9037
vn 0.5111 0.2080 -0.8340
vn -0.8481 0.1029 -0.5197
vn -0.9190 0.1029 -0.3807
vn -0.9037 0.2080 -0.3743
vn -0.8340 0.2080 -0.5111
vn 0.0780 0.1029 0.9916
vn 0.2322 0.1029 0.9672
vn 0.2283 0.2080 0.9511
vn 0.0767 0.2080 0.9751
vn 0.7564 0.1029 -0.6460
vn 0.6460 0.1029 -0.7564
vn 0.6352 0.2080 -0.7438
vn 0.7438 0.2080 -0.6352
vn -0.6460 0.1029 -0.7564
vn -0.7564 0.1029 -0.6460
vn -0.7438 0.2080 -0.6352
vn -0.6352 0.2080 -0.7438
vn -0.2322 0.1029 0.9672
vn -0.0780 0.1029 0.9916
vn -0.0767 0.2080 0.9751
vn -0.2283 0.2080 0.9511
vn 0.9190 0.1029 -0.3807
vn 0.8481 0.1029 -0.5197
vn 0.8340 0.2080 -0.5111
vn 0.9037 0.2080 -0.3743
vn -0.3807 0.1029 -0.9190
vn -0.5197 0.1029 -0.8481
vn -0.5111 0.2080 -0.8340
vn -0.3743 0.2080 -0.9037
vn -0.5197 0.1029 0.8481
vn -0.3807 0.1029 0.9190
vn -0.3743 0.2080 0.9037
vn -0.5111 0.2080 0.8340
vn 0.9916 0.1029 -0.0780
vn 0.9672 0.1029 -0.2322
vn 0.9511 0.2080 -0.2283
vn 0.9751 0.2080 -0.0767
vn -0.0780 0.1029 -0.9916
vn -0.2322 0.1029 -0.9672
vn -0.2283 0.2080 -0.9511
vn -0.0767 0.2080 -0.9751
vn 0.8087 0.3168 0.4956
vn 0.8763 0.3168 0.3630
vn 0.8132 0.4747 0.3368
vn 0.7505 0.4747 0.4599
vn 0.7341 0.2609 -0.6270
vn 0.6270 0.2609 -0.7341
vn 0.6243 0.2756 -0.7310
vn 0.7310 0.2756 -0.6243
vn -0.6270 0.2609 -0.7341
vn -0.7341 0.2609 -0.6270
vn -0.7310 0.2756 -0.6243
vn -0.6243 0.2756 -0.7310
vn -0.2254 0.2609 0.9387
vn -0.0757 0.2609 0.9624
vn -0.0754 0.2756 0.9583
vn -0.2244 0.2756 0.9347
vn 0.8919 0.2609 -0.3694
vn 0.8231 0.2609 -0.5044
vn 0.8196 0.2756 -0.5023
vn 0.8881 0.2756 -0.3679
vn -0.3694 0.2609 -0.8919
vn -0.5044 0.2609 -0.8231
vn -0.5023 0.2756 -0.8196
vn -0.3679 0.2756 -0.8881
vn -0.5044 0.2609 0.8231
vn -0.3694 0.2609 0.8919
vn -0.3679 0.2756 0.8881
vn -0.5023 0.2756 0.8196
vn 0.9624 0.2609 -0.0757
vn 0.9387 0.2609 -0.2254
vn 0.9347 0.2756 -0.2244
vn 0.9583 0.2756 -0.0754
vn -0.0757 0.2609 -0.9624
vn -0.2254 0.2609 -0.9387
vn -0.2244 0.2756 -0.9347
vn -0.0754 0.2756 -0.9583
vn -0.7341 0.2609 0.6270
vn -0.6270 0.2609 0.7341
vn -0.6243 0.2756 0.7310
vn -0.7310 0.2756 0.6243
vn 0.9387 0.2609 0.2254
vn 0.9624 0.2609 0.0757
vn 0.9583 0.2756 0.0754
vn 0.9347 0.2756 0.2244
vn -0.8919 0.2609 0.3694
vn -0.8231 0.2609 0.5044
vn -0.8196 0.2756 0.5023
vn -0.8881 0.2756 0.3679
vn 0.8231 0.2609 0.5044
vn 0.8919 0.2609 0.3694
vn 0.8881 0.2756 0.3679
vn 0.8196 0.2756 0.5023
vn -0.9624 0.2609 0.0757
vn -0.9387 0.2609 0.2254
vn -0.9347 0.2756 0.2244
vn -0.9583 0.2756 0.0754
vn 0.6270 0.2609 0.7341
vn 0.7341 0.2609 0.6270
vn 0.7310 0.2756 0.6243
vn 0.6243 0.2756 0.7310
vn 0.2254 0.2609 -0.9387
vn 0.0757 0.2609 -0.9624
vn 0.0754 0.2756 -0.9583
vn 0.2244 0.2756 -0.9347
vn -0.9387 0.2609 -0.2254
vn -0.9624 0.2609 -0.0757
vn -0.9583 0.2756 -0.0754
vn -0.9347 0.2756 -0.2244
vn 0.3694 0.2609 0.8919
vn 0.5044 0.2609 0.8231
vn 0.5023 0.2756 0.8196
vn 0.3679 0.2756 0.8881
vn 0.5044 0.2609 -0.8231
vn 0.3694 0.2609 -0.8919
vn 0.3679 0.2756 -0.8881
vn 0.5023 0.2756 -0.8196
vn -0.8231 0.2609 -0.5044
vn -0.8919 0.2609 -0.3694
vn -0.8881 0.2756 -0.3679
vn -0.8196 0.2756 -0.5023
vn 0.5562 0.7985 -0.2304
vn 0.5133 0.7985 -0.3145
vn 0.2443 0.9581 -0.1497
vn 0.2647 0.9581 -0.1097
vn -0.9456 0.3168 0.0744
vn -0.9223 0.3168 0.2214
vn -0.8558 0.4747 0.2055
vn -0.8774 0.4747 0.0691
vn 0.6160 0.3168 0.7212
vn 0.7212 0.3168 0.6160
vn 0.6693 0.4747 0.5716
vn 0.5716 0.4747 0.6693
vn 0.2214 0.3168 -0.9223
vn 0.0744 0.3168 -0.9456
vn 0.0691 0.4747 -0.8775
vn 0.2055 0.4747 -0.8558
vn -0.9223 0.3168 -0.2214
vn -0.9456 0.3168 -0.0744
vn -0.8774 0.4747 -0.0691
vn -0.8558 0.4747 -0.2055
vn 0.3630 0.3168 0.8763
vn 0.4956 0.3168 0.8087
vn 0.4599 0.4747 0.7505
vn 0.3368 0.4747 0.8132
vn 0.4956 0.3168 -0.8087
vn 0.3630 0.3168 -0.8763
vn 0.3368 0.4747 -0.8132
vn 0.4599 0.4747 -0.7505
vn -0.8087 0.3168 -0.4956
vn -0.8763 0.3168 -0.3630
vn -0.8132 0.4747 -0.3368
vn -0.7505 0.4747 -0.4599
vn 0.0744 0.3168 0.9456
vn 0.2214 0.3168 0.9223
vn 0.2055 0.4747 0.8558
vn 0.0691 0.4747 0.8774
vn 0.7212 0.3168 -0.6160
vn 0.6160 0.3168 -0.7212
vn 0.5716 0.4747 -0.6693
vn 0.6693 0.4747 -0.5716
vn -0.6160 0.3168 -0.7212
vn -0.7212 0.3168 -0.6160
vn -0.6693 0.4747 -0.5716
vn -0.5716 0.4747 -0.6693
vn -0.2214 0.3168 0.9223
vn -0.0744 0.3168 0.9456
vn -0.0691 0.4747 0.8774
vn -0.2055 0.4747 0.8558
vn 0.8763 0.3168 -0.3630
vn 0.8087 0.3168 -0.4956
vn 0.7505 0.4747 -0.4599
vn 0.8132 0.4747 -0.3368
vn -0.3630 0.3168 -0.8763
vn -0.4956 0.3168 -0.8087
vn -0.4599 0.4747 -0.7505
vn -0.3368 0.4747 -0.8132
vn -0.4956 0.3168 0.8087
vn -0.3630 0.3168 0.8763
vn -0.3368 0.4747 0.8132
vn -0.4599 0.4747 0.7505
vn 0.9456 0.3168 -0.0744
vn 0.9223 0.3168 -0.2214
vn 0.8558 0.4747 -0.2055
vn 0.8774 0.4747 -0.0691
vn -0.0744 0.3168 -0.9456
vn -0.2214 0.3168 -0.9223
vn -0.2055 0.4747 -0.8558
vn -0.0691 0.4747 -0.8774
vn -0.7212 0.3168 0.6160
vn -0.6160 0.3168 0.7212
vn -0.5716 0.4747 0.6693
vn -0.6693 0.4747 0.5716
vn 0.9223 0.3168 0.2214
vn 0.9456 0.3168 0.0744
vn 0.8774 0.4747 0.0691
vn 0.8558 0.4747 0.2055
vn -0.8763 0.3168 0.3630
vn -0.8087 0.3168 0.4956
vn -0.7505 0.4747 0.4599
vn -0.8132 0.4747 0.3368
vn -0.0000 -1.0000 -0.0000
vn -0.2304 0.7985 -0.5562
vn -0.3145 0.7985 -0.5133
vn -0.1497 0.9581 -0.2443
vn -0.1096 0.9581 -0.2647
vn -0.3145 0.7985 0.5133
vn -0.2304 0.7985 0.5562
vn -0.1097 0.9581 0.2647
vn -0.1497 0.9581 0.2443
vn 0.6001 0.7985 -0.0472
vn 0.5854 0.7985 -0.1405
vn 0.2786 0.9581 -0.0669
vn 0.2856 0.9581 -0.0225
vn -0.0472 0.7985 -0.6001
vn -0.1405 0.7985 -0.5854
vn -0.0669 0.9581 -0.2786
vn -0.0225 0.9581 -0.2856
vn -0.4578 0.7985 0.3910
vn -0.3910 0.7985 0.4577
vn -0.1861 0.9581 0.2179
vn -0.2179 0.9581 0.1861
vn 0.5854 0.7985 0.1405
vn 0.6001 0.7985 0.0472
vn 0.2856 0.9581 0.0225
vn 0.2786 0.9581 0.0669
vn -0.5562 0.7985 0.2304
vn -0.5133 0.7985 0.3145
vn -0.2443 0.9581 0.1497
vn -0.2647 0.9581 0.1097
vn 0.5133 0.7985 0.3145
vn 0.5562 0.7985 0.2304
vn 0.2647 0.9581 0.1097
vn 0.2443 0.9581 0.1497
vn -0.6001 0.7985 0.0472
vn -0.5854 0.7985 0.1405
vn -0.2786 0.9581 0.0669
vn -0.2856 0.9581 0.0225
vn 0.3910 0.7985 0.4578
vn 0.4578 0.7985 0.3910
vn 0.2179 0.9581 0.1861
vn 0.1861 0.9581 0.2179
vn 0.1405 0.7985 -0.5853
vn 0.0472 0.7985 -0.6001
vn 0.0225 0.9581 -0.2856
vn 0.0669 0.9581 -0.2786
vn -0.5854 0.7985 -0.1405
vn -0.6001 0.7985 -0.0472
vn -0.2856 0.9581 -0.0225
vn -0.2786 0.9581 -0.0669
vn 0.2304 0.7985 0.5562
vn 0.3145 0.7985 0.5133
vn 0.1497 0.9581 0.2443
vn 0.1097 0.9581 0.2647
vn 0.3145 0.7985 -0.5133
vn 0.2304 0.7985 -0.5562
vn 0.1096 0.9581 -0.2647
vn 0.1497 0.9581 -0.2443
vn -0.5133 0.7985 -0.3145
vn -0.5562 0.7985 -0.2304
vn -0.2647 0.9581 -0.1097
vn -0.2443 0.9581 -0.1497
vn 0.0472 0.7985 0.6001
vn 0.1405 0.7985 0.5854
vn 0.0669 0.9581 0.2786
vn 0.0225 0.9581 0.2856
vn 0.4578 0.7985 -0.3910
vn 0.3910 0.7985 -0.4577
vn 0.1861 0.9581 -0.2179
vn 0.2179 0.9581 -0.1861
vn -0.3910 0.7985 -0.4577
vn -0.4578 0.7985 -0.3910
vn -0.2179 0.9581 -0.1861
vn -0.1861 0.9581 -0.2179
vn -0.1405 0.7985 0.5854
vn -0.0472 0.7985 0.6001
vn -0.0225 0.9581 0.2856
vn -0.0669 0.9581 0.2786
vn -0.0786 -0.0000 -0.9969
vn -0.2333 -0.0000 -0.9724
vn -0.0000 1.0000 -0.0000
vn -0.7603 -0.0000 0.6496
vn -0.6496 -0.0000 0.7603
vn 0.9724 -0.0000 0.2333
vn 0.9969 -0.0000 0.0786
vn -0.9238 -0.0000 0.3828
vn -0.8527 -0.0000 0.5224
vn 0.8527 -0.0000 0.5224
vn 0.9238 -0.0000 0.3828
vn -0.9969 -0.0000 0.0786
vn -0.9724 -0.0000 0.2333
vn 0.6496 -0.0000 0.7603
vn 0.7603 -0.0000 0.6496
vn 0.2333 -0.0000 -0.9724
vn 0.0786 -0.0000 -0.9969
vn -0.9724 -0.0000 -0.2333
vn -0.9969 -0.0000 -0.0786
vn 0.3828 -0.0000 0.9238
vn 0.5224 -0.0000 0.8527
vn 0.5223 -0.0000 0.8527
vn 0.5224 -0.0000 -0.8527
vn 0.3828 -0.0000 -0.9238
vn 0.5223 -0.0000 -0.8527
vn -0.8527 -0.0000 -0.5224
vn -0.9238 -0.0000 -0.3828
vn 0.0786 -0.0000 0.9969
vn 0.2333 -0.0000 0.9724
vn 0.7603 -0.0000 -0.6496
vn 0.6496 -0.0000 -0.7603
vn -0.6496 -0.0000 -0.7603
vn -0.7603 -0.0000 -0.6496
vn -0.2333 -0.0000 0.9724
vn -0.0786 -0.0000 0.9969
vn 0.9238 -0.0000 -0.3828
vn 0.8527 -0.0000 -0.5224
vn -0.3828 -0.0000 -0.9238
vn -0.5224 -0.0000 -0.8527
vn -0.5223 -0.0000 -0.8527
vn -0.5224 -0.0000 0.8527
vn -0.3828 -0.0000 0.9238
vn -0.5223 -0.0000 0.8527
vn 0.9969 -0.0000 -0.0786
vn 0.9724 -0.0000 -0.2333
vn -0.9232 -0.0362 0.3826
vn -0.8522 -0.0362 0.5220
vn -0.8266 -0.2458 0.5063
vn -0.8955 -0.2458 0.3711
vn -0.1508 -0.7631 0.6284
vn -0.0508 -0.7631 0.6443
vn -0.0473 -0.7988 0.5998
vn -0.1403 -0.7988 0.5850
vn 0.8522 -0.0362 0.5220
vn 0.9232 -0.0362 0.3826
vn 0.8955 -0.2458 0.3711
vn 0.8266 -0.2458 0.5063
vn -0.9963 -0.0362 0.0786
vn -0.9718 -0.0362 0.2331
vn -0.9426 -0.2458 0.2261
vn -0.9663 -0.2458 0.0762
vn 0.6491 -0.0362 0.7598
vn 0.7598 -0.0362 0.6491
vn 0.7370 -0.2458 0.6296
vn 0.6296 -0.2458 0.7370
vn 0.2331 -0.0362 -0.9718
vn 0.0786 -0.0362 -0.9963
vn 0.0762 -0.2458 -0.9663
vn 0.2261 -0.2458 -0.9426
vn -0.9718 -0.0362 -0.2331
vn -0.9963 -0.0362 -0.0786
vn -0.9663 -0.2458 -0.0762
vn -0.9426 -0.2458 -0.2261
vn 0.3826 -0.0362 0.9232
vn 0.5220 -0.0362 0.8522
vn 0.5063 -0.2458 0.8266
vn 0.3711 -0.2458 0.8955
vn 0.5220 -0.0362 -0.8522
vn 0.3826 -0.0362 -0.9232
vn 0.3711 -0.2458 -0.8955
vn 0.5063 -0.2458 -0.8266
vn -0.8522 -0.0362 -0.5220
vn -0.9232 -0.0362 -0.3826
vn -0.8955 -0.2458 -0.3711
vn -0.8266 -0.2458 -0.5063
vn 0.0786 -0.0362 0.9963
vn 0.2331 -0.0362 0.9718
vn 0.2261 -0.2458 0.9426
vn 0.0762 -0.2458 0.9663
vn 0.7598 -0.0362 -0.6491
vn 0.6491 -0.0362 -0.7598
vn 0.6296 -0.2458 -0.7370
vn 0.7370 -0.2458 -0.6296
vn -0.6492 -0.0362 -0.7598
vn -0.7598 -0.0362 -0.6491
vn -0.7370 -0.2458 -0.6296
vn -0.6296 -0.2458 -0.7370
vn -0.2331 -0.0362 0.9718
vn -0.0786 -0.0362 0.9963
vn -0.0762 -0.2458 0.9663
vn -0.2261 -0.2458 0.9426
vn 0.9232 -0.0362 -0.3826
vn 0.8522 -0.0362 -0.5220
vn 0.8266 -0.2458 -0.5063
vn 0.8955 -0.2458 -0.3711
vn -0.3826 -0.0362 -0.9232
vn -0.5220 -0.0362 -0.8522
vn -0.5063 -0.2458 -0.8266
vn -0.3711 -0.2458 -0.8955
vn -0.5220 -0.0362 0.8522
vn -0.3826 -0.0362 0.9232
vn -0.3711 -0.2458 0.8955
vn -0.5063 -0.2458 0.8266
vn 0.9963 -0.0362 -0.0786
vn 0.9718 -0.0362 -0.2331
vn 0.9426 -0.2458 -0.2261
vn 0.9663 -0.2458 -0.0762
vn -0.0786 -0.0362 -0.9963
vn -0.2331 -0.0362 -0.9718
vn -0.2261 -0.2458 -0.9426
vn -0.0762 -0.2458 -0.9663
vn -0.7598 -0.0362 0.6491
vn -0.6491 -0.0362 0.7598
vn -0.6296 -0.2458 0.7370
vn -0.7370 -0.2458 0.6296
vn 0.9718 -0.0362 0.2331
vn 0.9963 -0.0362 0.0786
vn 0.9663 -0.2458 0.0762
vn 0.9426 -0.2458 0.2261
vn 0.5970 -0.7631 -0.2474
vn 0.5511 -0.7631 -0.3376
vn 0.5130 -0.7988 -0.3143
vn 0.5558 -0.7988 -0.2303
vn -0.2474 -0.7631 -0.5970
vn -0.3376 -0.7631 -0.5511
vn -0.3143 -0.7988 -0.5130
vn -0.2303 -0.7988 -0.5558
vn -0.3376 -0.7631 0.5511
vn -0.2474 -0.7631 0.5970
vn -0.2303 -0.7988 0.5558
vn -0.3143 -0.7988 0.5130
vn 0.6442 -0.7631 -0.0508
vn 0.6285 -0.7631 -0.1508
vn 0.5850 -0.7988 -0.1403
vn 0.5998 -0.7988 -0.0473
vn -0.0508 -0.7631 -0.6443
vn -0.1508 -0.7631 -0.6284
vn -0.1403 -0.7988 -0.5850
vn -0.0473 -0.7988 -0.5998
vn -0.4914 -0.7631 0.4198
vn -0.4198 -0.7631 0.4914
vn -0.3908 -0.7988 0.4574
vn -0.4574 -0.7988 0.3908
vn 0.6285 -0.7631 0.1508
vn 0.6443 -0.7631 0.0508
vn 0.5998 -0.7988 0.0473
vn 0.5850 -0.7988 0.1403
vn -0.5970 -0.7631 0.2474
vn -0.5511 -0.7631 0.3376
vn -0.5130 -0.7988 0.3143
vn -0.5558 -0.7988 0.2303
vn 0.5511 -0.7631 0.3376
vn 0.5970 -0.7631 0.2474
vn 0.5558 -0.7988 0.2303
vn 0.5130 -0.7988 0.3143
vn -0.6443 -0.7631 0.0508
vn -0.6284 -0.7631 0.1508
vn -0.5850 -0.7988 0.1403
vn -0.5998 -0.7988 0.0473
vn 0.4198 -0.7631 0.4914
vn 0.4914 -0.7631 0.4198
vn 0.4574 -0.7988 0.3908
vn 0.3908 -0.7988 0.4574
vn 0.1508 -0.7631 -0.6285
vn 0.0508 -0.7631 -0.6443
vn 0.0473 -0.7988 -0.5998
vn 0.1404 -0.7988 -0.5850
vn -0.6284 -0.7631 -0.1508
vn -0.6443 -0.7631 -0.0508
vn -0.5998 -0.7988 -0.0473
vn -0.5850 -0.7988 -0.1403
vn 0.2474 -0.7631 0.5970
vn 0.3376 -0.7631 0.5511
vn 0.3143 -0.7988 0.5130
vn 0.2303 -0.7988 0.5558
vn 0.3376 -0.7631 -0.5511
vn 0.2474 -0.7631 -0.5970
vn 0.2303 -0.7988 -0.5558
vn 0.3143 -0.7988 -0.5130
vn -0.5511 -0.7631 -0.3376
vn -0.5970 -0.7631 -0.2474
vn -0.5558 -0.7988 -0.2303
vn -0.5130 -0.7988 -0.3143
vn 0.0508 -0.7631 0.6443
vn 0.1508 -0.7631 0.6284
vn 0.1403 -0.7988 0.5850
vn 0.0473 -0.7988 0.5998
vn 0.4914 -0.7631 -0.4198
vn 0.4198 -0.7631 -0.4914
vn 0.3908 -0.7988 -0.4574
vn 0.4574 -0.7988 -0.3908
vn -0.4198 -0.7631 -0.4914
vn -0.4914 -0.7631 -0.4198
vn -0.4574 -0.7988 -0.3908
vn -0.3908 -0.7988 -0.4574
vn 0.5225 -0.0001 -0.8526
vn 0.3827 -0.0001 -0.9239
vn 0.0785 -0.0001 0.9969
vn 0.2334 -0.0001 0.9724
vn -0.9969 -0.0001 0.0785
vn -0.9724 -0.0001 0.2334
vn -0.0785 -0.0001 -0.9969
vn -0.2334 -0.0001 -0.9724
vn 0.7604 -0.0001 -0.6494
vn 0.6494 -0.0001 -0.7604
vn 0.6494 -0.0001 0.7604
vn 0.7604 -0.0001 0.6494
vn 0.2334 -0.0001 -0.9724
vn 0.0785 -0.0001 -0.9969
vn -0.7604 -0.0001 0.6494
vn -0.6494 -0.0001 0.7604
vn -0.6494 -0.0001 -0.7604
vn -0.7604 -0.0001 -0.6494
vn 0.9724 -0.0001 0.2334
vn 0.9969 -0.0001 0.0785
vn -0.2334 -0.0001 0.9724
vn -0.0785 -0.0001 0.9969
vn -0.9724 -0.0001 -0.2334
vn -0.9969 -0.0001 -0.0785
vn 0.9239 -0.0001 -0.3827
vn 0.8526 -0.0001 -0.5225
vn 0.3827 -0.0001 0.9239
vn 0.5225 -0.0001 0.8526
vn -0.9239 -0.0001 0.3827
vn -0.8526 -0.0001 0.5225
vn -0.3827 -0.0001 -0.9239
vn -0.5225 -0.0001 -0.8526
vn 0.8526 -0.0001 0.5225
vn 0.9239 -0.0001 0.3827
vn -0.5225 -0.0001 0.8526
vn -0.3827 -0.0001 0.9239
vn -0.8526 -0.0001 -0.5225
vn -0.9239 -0.0001 -0.3827
vn -0.8524 0.0244 0.5223
vn -0.9236 0.0244 0.3826
vn -0.0765 -0.2286 0.9705
vn -0.2272 -0.2284 0.9467
vn -0.2297 -0.1748 0.9574
vn -0.0774 -0.1749 0.9815
vn 0.9236 0.0244 0.3826
vn 0.8524 0.0244 0.5224
vn 0.8526 -0.0001 0.5226
vn 0.9238 -0.0001 0.3828
vn -0.9721 0.0244 0.2334
vn -0.9966 0.0244 0.0784
vn -0.9724 -0.0001 0.2335
vn 0.7602 0.0244 0.6493
vn 0.6492 0.0244 0.7602
vn 0.6494 -0.0001 0.7605
vn 0.7604 -0.0001 0.6495
vn 0.0784 0.0244 -0.9966
vn 0.2334 0.0244 -0.9721
vn 0.0784 -0.0001 -0.9969
vn -0.9966 0.0244 -0.0784
vn -0.9721 0.0244 -0.2334
vn -0.9969 -0.0001 -0.0784
vn 0.5223 0.0244 0.8524
vn 0.3826 0.0244 0.9236
vn 0.3826 -0.0001 0.9239
vn 0.5224 -0.0001 0.8527
vn 0.3826 0.0244 -0.9236
vn 0.5223 0.0244 -0.8524
vn -0.9236 0.0244 -0.3826
vn -0.8524 0.0244 -0.5223
vn -0.8527 -0.0001 -0.5224
vn -0.9239 -0.0001 -0.3826
vn 0.2334 0.0244 0.9721
vn 0.0784 0.0244 0.9966
vn 0.0784 -0.0001 0.9969
vn 0.6493 0.0244 -0.7602
vn 0.7602 0.0244 -0.6493
vn 0.6495 -0.0001 -0.7604
vn -0.7602 0.0244 -0.6492
vn -0.6493 0.0244 -0.7602
vn -0.6495 -0.0001 -0.7604
vn -0.7605 -0.0001 -0.6494
vn -0.0784 0.0244 0.9966
vn -0.2334 0.0244 0.9721
vn -0.2335 -0.0001 0.9724
vn 0.8524 0.0244 -0.5223
vn 0.9236 0.0244 -0.3826
vn 0.9239 -0.0001 -0.3826
vn 0.8527 -0.0001 -0.5225
vn -0.5224 0.0244 -0.8524
vn -0.3826 0.0244 -0.9236
vn -0.5226 -0.0001 -0.8526
vn -0.3826 0.0244 0.9236
vn -0.5223 0.0244 0.8524
vn 0.9721 0.0244 -0.2334
vn 0.9966 0.0244 -0.0784
vn 0.9969 -0.0001 -0.0784
vn -0.2334 0.0244 -0.9721
vn -0.0784 0.0244 -0.9966
vn -0.2335 -0.0001 -0.9724
vn -0.6493 0.0244 0.7602
vn -0.7602 0.0244 0.6493
vn -0.7604 -0.0001 0.6495
vn 0.9966 0.0244 0.0784
vn 0.9721 0.0244 0.2334
vn 0.9724 -0.0001 0.2335
vn 0.8306 -0.2389 -0.5030
vn 0.8987 -0.2696 -0.3459
vn 0.8888 -0.4521 -0.0752
vn 0.8522 -0.2019 -0.4827
vn -0.5082 -0.2321 -0.8294
vn -0.3723 -0.2325 -0.8985
vn -0.3768 -0.1766 -0.9093
vn -0.5142 -0.1764 -0.8394
vn -0.3769 -0.2336 0.8963
vn -0.5247 -0.2649 0.8091
vn -0.6764 -0.4531 0.5807
vn -0.4063 -0.2000 0.8916
vn 0.9275 -0.3125 -0.2050
vn 0.9455 -0.3125 -0.0914
vn 0.6451 -0.7248 -0.2418
vn 0.6895 -0.7235 0.0322
vn -0.2218 -0.2381 -0.9456
vn -0.0514 -0.2692 -0.9617
vn 0.2025 -0.4519 -0.8688
vn -0.1958 -0.2016 -0.9597
vn -0.6307 -0.3085 0.7121
vn -0.7120 -0.3085 0.6307
vn -0.3778 -0.7252 0.5756
vn -0.5755 -0.7253 0.3778
vn 0.9618 -0.2690 0.0511
vn 0.9457 -0.2374 0.2218
vn 0.9598 -0.2016 0.1954
vn 0.8671 -0.4541 -0.2050
vn -0.8090 -0.2651 0.5247
vn -0.8962 -0.2340 0.3769
vn -0.8916 -0.2001 0.4062
vn -0.5807 -0.4530 0.6764
vn 0.8987 -0.2317 0.3724
vn 0.8295 -0.2313 0.5083
vn 0.8394 -0.1760 0.5142
vn 0.9094 -0.1762 0.3768
vn -0.9466 -0.2289 0.2272
vn -0.9704 -0.2292 0.0765
vn -0.9815 -0.1752 0.0774
vn -0.9574 -0.1750 0.2297
vn 0.7355 -0.2361 0.6351
vn 0.6069 -0.2669 0.7486
vn 0.3432 -0.4535 0.8226
vn 0.7223 -0.2010 0.6618
vn 0.0914 -0.3124 -0.9456
vn 0.2052 -0.3125 -0.9275
vn -0.0299 -0.7223 -0.6909
vn 0.2420 -0.7225 -0.6477
vn -0.9686 -0.2349 -0.0814
vn -0.9311 -0.2666 -0.2488
vn -0.7609 -0.4539 -0.4637
vn -0.9734 -0.2006 -0.1108
vn 0.4820 -0.3101 0.8195
vn 0.3796 -0.3098 0.8717
vn 0.4305 -0.7256 0.5368
vn 0.1814 -0.7254 0.6640
vn 0.3459 -0.2698 -0.8986
vn 0.5030 -0.2391 -0.8306
vn 0.4827 -0.2020 -0.8522
vn 0.0759 -0.4518 -0.8889
vn -0.8715 -0.3106 -0.3795
vn -0.8193 -0.3109 -0.4818
vn -0.6639 -0.7256 -0.1813
vn -0.5367 -0.7257 -0.4305
vn 0.2489 -0.2659 0.9313
vn 0.0814 -0.2342 0.9688
vn 0.1108 -0.2003 0.9735
vn 0.4637 -0.4536 0.7611
vn 0.6315 -0.2338 -0.7393
vn 0.7393 -0.2338 -0.6315
vn 0.7483 -0.1771 -0.6393
vn 0.6393 -0.1771 -0.7483
vn -0.7484 -0.2678 -0.6067
vn -0.6349 -0.2370 -0.7353
vn -0.6617 -0.2014 -0.7222
vn -0.8224 -0.4537 -0.3431
vn 0.0537 0.7306 -0.6807
vn 0.1593 0.7306 -0.6640
vn 0.2332 0.0218 -0.9722
vn 0.0786 0.0218 -0.9967
vn 0.2614 0.7306 -0.6308
vn 0.3567 0.7306 -0.5823
vn 0.5222 0.0218 -0.8525
vn 0.3827 0.0218 -0.9236
vn 0.4436 0.7306 -0.5192
vn 0.5192 0.7306 -0.4435
vn 0.7601 0.0218 -0.6494
vn 0.6494 0.0218 -0.7601
vn 0.5823 0.7306 -0.3567
vn 0.6308 0.7306 -0.2614
vn 0.9236 0.0218 -0.3827
vn 0.8525 0.0218 -0.5222
vn 0.6640 0.7306 -0.1593
vn 0.6807 0.7306 -0.0537
vn 0.9967 0.0218 -0.0786
vn 0.9722 0.0218 -0.2332
vn 0.6807 0.7306 0.0537
vn 0.6640 0.7306 0.1593
vn 0.9722 0.0218 0.2332
vn 0.9967 0.0218 0.0786
vn 0.6308 0.7306 0.2614
vn 0.5823 0.7306 0.3567
vn 0.8525 0.0218 0.5222
vn 0.9236 0.0218 0.3827
vn 0.5192 0.7306 0.4435
vn 0.4436 0.7306 0.5191
vn 0.6494 0.0218 0.7601
vn 0.7601 0.0218 0.6494
vn 0.3567 0.7306 0.5823
vn 0.2614 0.7306 0.6308
vn 0.3827 0.0218 0.9236
vn 0.5222 0.0218 0.8525
vn 0.1593 0.7306 0.6640
vn 0.0537 0.7306 0.6807
vn 0.0786 0.0218 0.9967
vn 0.2332 0.0218 0.9722
vn -0.0537 0.7306 0.6807
vn -0.1593 0.7306 0.6640
vn -0.2332 0.0218 0.9722
vn -0.0786 0.0218 0.9967
vn -0.2614 0.7306 0.6308
vn -0.3567 0.7306 0.5823
vn -0.5222 0.0218 0.8525
vn -0.3827 0.0218 0.9236
vn -0.4436 0.7306 0.5192
vn -0.5192 0.7306 0.4435
vn -0.7601 0.0218 0.6494
vn -0.6494 0.0218 0.7601
vn -0.5823 0.7306 0.3567
vn -0.6308 0.7306 0.2614
vn -0.9236 0.0218 0.3827
vn -0.8525 0.0218 0.5222
vn -0.6640 0.7306 0.1593
vn -0.6807 0.7306 0.0537
vn -0.9967 0.0218 0.0786
vn -0.9722 0.0218 0.2332
vn -0.6807 0.7306 -0.0537
vn -0.6640 0.7306 -0.1593
vn -0.9722 0.0218 -0.2332
vn -0.9967 0.0218 -0.0786
vn -0.6308 0.7306 -0.2614
vn -0.5823 0.7306 -0.3567
vn -0.8525 0.0218 -0.5222
vn -0.9236 0.0218 -0.3827
vn -0.5192 0.7306 -0.4435
vn -0.4436 0.7306 -0.5192
vn -0.6494 0.0218 -0.7601
vn -0.7601 0.0218 -0.6494
vn -0.3567 0.7306 -0.5823
vn -0.2614 0.7306 -0.6308
vn -0.3827 0.0218 -0.9236
vn -0.5222 0.0218 -0.8525
vn -0.1593 0.7306 -0.6640
vn -0.0537 0.7306 -0.6807
vn -0.0786 0.0218 -0.9967
vn -0.2332 0.0218 -0.9722
vn -0.9838 -0.1613 0.0776
vn -0.9597 -0.1613 0.2302
vn -0.9724 -0.0063 0.2333
vn -0.9969 -0.0063 0.0786
vn 0.8416 -0.1613 0.5155
vn 0.9117 -0.1613 0.3778
vn 0.9238 -0.0063 0.3828
vn 0.8527 -0.0063 0.5223
vn -0.9117 -0.1613 0.3778
vn -0.8416 -0.1613 0.5155
vn -0.8527 -0.0063 0.5223
vn -0.9238 -0.0063 0.3828
vn 0.9597 -0.1613 0.2302
vn 0.9838 -0.1613 0.0776
vn 0.9969 -0.0063 0.0786
vn 0.9724 -0.0063 0.2333
vn -0.7503 -0.1613 0.6411
vn -0.6411 -0.1613 0.7503
vn -0.6496 -0.0063 0.7603
vn -0.7603 -0.0063 0.6496
vn -0.0776 -0.1613 -0.9838
vn -0.2302 -0.1613 -0.9597
vn -0.2333 -0.0063 -0.9724
vn -0.0786 -0.0063 -0.9969
vn 0.9838 -0.1613 -0.0776
vn 0.9597 -0.1613 -0.2302
vn 0.9724 -0.0063 -0.2333
vn 0.9969 -0.0063 -0.0786
vn -0.5155 -0.1613 0.8416
vn -0.3778 -0.1613 0.9117
vn -0.3828 -0.0063 0.9238
vn -0.5223 -0.0063 0.8527
vn -0.3778 -0.1613 -0.9117
vn -0.5155 -0.1613 -0.8416
vn -0.5223 -0.0063 -0.8527
vn -0.3828 -0.0063 -0.9238
vn 0.9117 -0.1613 -0.3778
vn 0.8416 -0.1613 -0.5155
vn 0.8527 -0.0063 -0.5223
vn 0.9238 -0.0063 -0.3828
vn -0.2302 -0.1613 0.9597
vn -0.0776 -0.1613 0.9838
vn -0.0786 -0.0063 0.9969
vn -0.2333 -0.0063 0.9724
vn -0.6411 -0.1613 -0.7503
vn -0.7503 -0.1613 -0.6411
vn -0.7603 -0.0063 -0.6496
vn -0.6496 -0.0063 -0.7603
vn 0.7503 -0.1613 -0.6411
vn 0.6411 -0.1613 -0.7503
vn 0.6496 -0.0063 -0.7603
vn 0.7603 -0.0063 -0.6496
vn 0.0776 -0.1613 0.9838
vn 0.2302 -0.1613 0.9597
vn 0.2333 -0.0063 0.9724
vn 0.0786 -0.0063 0.9969
vn -0.8416 -0.1613 -0.5155
vn -0.9117 -0.1613 -0.3778
vn -0.9238 -0.0063 -0.3828
vn -0.8527 -0.0063 -0.5223
vn 0.5155 -0.1613 -0.8416
vn 0.3778 -0.1613 -0.9117
vn 0.3828 -0.0063 -0.9238
vn 0.5223 -0.0063 -0.8527
vn 0.3778 -0.1613 0.9117
vn 0.5155 -0.1613 0.8416
vn 0.5223 -0.0063 0.8527
vn 0.3828 -0.0063 0.9238
vn -0.9597 -0.1613 -0.2302
vn -0.9838 -0.1613 -0.0776
vn -0.9969 -0.0063 -0.0786
vn -0.9724 -0.0063 -0.2333
vn 0.2302 -0.1613 -0.9597
vn 0.0776 -0.1613 -0.9838
vn 0.0786 -0.0063 -0.9969
vn 0.2333 -0.0063 -0.9724
vn 0.6411 -0.1613 0.7503
vn 0.7503 -0.1613 0.6411
vn 0.7603 -0.0063 0.6496
vn 0.6496 -0.0063 0.7603
vn 0.0065 0.9966 -0.0821
vn 0.0192 0.9966 -0.0801
vn 0.2265 0.2398 -0.9440
vn 0.0763 0.2398 -0.9678
vn 0.0315 0.9966 -0.0761
vn 0.0430 0.9966 -0.0702
vn 0.5071 0.2398 -0.8278
vn 0.3717 0.2398 -0.8968
vn 0.0535 0.9966 -0.0626
vn 0.0626 0.9966 -0.0535
vn 0.7381 0.2398 -0.6306
vn 0.6306 0.2398 -0.7381
vn 0.0702 0.9966 -0.0430
vn 0.0761 0.9966 -0.0315
vn 0.8969 0.2398 -0.3717
vn 0.8278 0.2398 -0.5071
vn 0.0801 0.9966 -0.0192
vn 0.0821 0.9966 -0.0065
vn 0.9678 0.2399 -0.0763
vn 0.9440 0.2398 -0.2265
vn 0.0821 0.9966 0.0065
vn 0.0801 0.9966 0.0192
vn 0.9440 0.2398 0.2265
vn 0.9678 0.2399 0.0763
vn 0.0761 0.9966 0.0315
vn 0.0702 0.9966 0.0430
vn 0.8278 0.2398 0.5071
vn 0.8969 0.2398 0.3717
vn 0.0626 0.9966 0.0535
vn 0.0535 0.9966 0.0626
vn 0.6306 0.2398 0.7381
vn 0.7381 0.2398 0.6306
vn 0.0430 0.9966 0.0702
vn 0.0315 0.9966 0.0761
vn 0.3717 0.2398 0.8968
vn 0.5071 0.2398 0.8278
vn 0.0192 0.9966 0.0801
vn 0.0065 0.9966 0.0821
vn 0.0763 0.2398 0.9678
vn 0.2265 0.2398 0.9440
vn -0.0065 0.9966 0.0821
vn -0.0192 0.9966 0.0801
vn -0.2265 0.2398 0.9440
vn -0.0763 0.2398 0.9678
vn -0.0315 0.9966 0.0761
vn -0.0430 0.9966 0.0702
vn -0.5071 0.2398 0.8278
vn -0.3717 0.2398 0.8968
vn -0.0535 0.9966 0.0626
vn -0.0626 0.9966 0.0535
vn -0.7381 0.2398 0.6306
vn -0.6306 0.2398 0.7381
vn -0.0702 0.9966 0.0430
vn -0.0761 0.9966 0.0315
vn -0.8969 0.2398 0.3717
vn -0.8278 0.2398 0.5071
vn -0.0801 0.9966 0.0192
vn -0.0821 0.9966 0.0065
vn -0.9678 0.2398 0.0763
vn -0.9440 0.2398 0.2265
vn -0.0821 0.9966 -0.0065
vn -0.0801 0.9966 -0.0192
vn -0.9440 0.2398 -0.2265
vn -0.9678 0.2399 -0.0763
vn -0.0761 0.9966 -0.0315
vn -0.0702 0.9966 -0.0430
vn -0.8278 0.2398 -0.5071
vn -0.8969 0.2398 -0.3717
vn -0.0626 0.9966 -0.0535
vn -0.0535 0.9966 -0.0626
vn -0.6306 0.2398 -0.7381
vn -0.7381 0.2398 -0.6306
vn -0.0430 0.9966 -0.0702
vn -0.0315 0.9966 -0.0761
vn -0.3717 0.2398 -0.8968
vn -0.5071 0.2398 -0.8278
vn -0.0192 0.9966 -0.0801
vn -0.0065 0.9966 -0.0821
vn -0.0763 0.2398 -0.9678
vn -0.2265 0.2398 -0.9440
vn 0.0168 0.9974 -0.0701
vn 0.0057 0.9974 -0.0719
vn 0.0757 0.2717 -0.9594
vn 0.2245 0.2717 -0.9358
vn 0.0377 0.9974 -0.0615
vn 0.0276 0.9974 -0.0666
vn 0.3684 0.2717 -0.8891
vn 0.5027 0.2717 -0.8206
vn 0.0548 0.9974 -0.0468
vn 0.0469 0.9974 -0.0548
vn 0.6251 0.2717 -0.7317
vn 0.7317 0.2717 -0.6251
vn 0.0666 0.9974 -0.0276
vn 0.0615 0.9974 -0.0377
vn 0.8206 0.2717 -0.5027
vn 0.8890 0.2718 -0.3685
vn 0.0719 0.9974 -0.0057
vn 0.0701 0.9974 -0.0168
vn 0.9358 0.2717 -0.2245
vn 0.9594 0.2717 -0.0757
vn 0.0701 0.9974 0.0168
vn 0.0719 0.9974 0.0057
vn 0.9594 0.2717 0.0757
vn 0.9358 0.2717 0.2245
vn 0.0615 0.9974 0.0377
vn 0.0666 0.9974 0.0276
vn 0.8890 0.2717 0.3684
vn 0.8206 0.2717 0.5027
vn 0.0468 0.9974 0.0548
vn 0.0548 0.9974 0.0468
vn 0.7317 0.2717 0.6251
vn 0.6251 0.2717 0.7317
vn 0.0276 0.9974 0.0666
vn 0.0377 0.9974 0.0615
vn 0.5027 0.2717 0.8206
vn 0.3684 0.2717 0.8891
vn 0.0057 0.9974 0.0719
vn 0.0168 0.9974 0.0701
vn 0.2245 0.2717 0.9358
vn 0.0757 0.2717 0.9594
vn -0.0168 0.9974 0.0701
vn -0.0057 0.9974 0.0719
vn -0.0757 0.2717 0.9594
vn -0.2245 0.2717 0.9358
vn -0.0377 0.9974 0.0615
vn -0.0276 0.9974 0.0666
vn -0.3684 0.2717 0.8891
vn -0.5027 0.2717 0.8206
vn -0.0548 0.9974 0.0468
vn -0.0469 0.9974 0.0548
vn -0.6251 0.2717 0.7317
vn -0.7317 0.2717 0.6251
vn -0.0666 0.9974 0.0276
vn -0.0615 0.9974 0.0377
vn -0.8206 0.2717 0.5027
vn -0.8890 0.2718 0.3685
vn -0.0719 0.9974 0.0057
vn -0.0701 0.9974 0.0168
vn -0.9358 0.2717 0.2245
vn -0.9594 0.2717 0.0757
vn -0.0701 0.9974 -0.0168
vn -0.0719 0.9974 -0.0057
vn -0.9594 0.2717 -0.0757
vn -0.9358 0.2717 -0.2245
vn -0.0615 0.9974 -0.0377
vn -0.0666 0.9974 -0.0276
vn -0.8890 0.2717 -0.3684
vn -0.8206 0.2717 -0.5027
vn -0.0468 0.9974 -0.0548
vn -0.0548 0.9974 -0.0468
vn -0.7317 0.2717 -0.6251
vn -0.6251 0.2717 -0.7317
vn -0.0276 0.9974 -0.0666
vn -0.0377 0.9974 -0.0615
vn -0.5027 0.2717 -0.8206
vn -0.3684 0.2717 -0.8891
vn -0.0057 0.9974 -0.0719
vn -0.0168 0.9974 -0.0701
vn -0.2245 0.2717 -0.9358
vn -0.0757 0.2717 -0.9594
vn 0.0342 -0.9001 -0.4343
vn 0.1016 -0.9001 -0.4237
vn 0.1991 -0.5215 -0.8297
vn 0.0670 -0.5215 -0.8506
vn 0.1668 -0.9001 -0.4025
vn 0.2276 -0.9001 -0.3715
vn 0.4458 -0.5215 -0.7276
vn 0.3266 -0.5215 -0.7883
vn 0.2830 -0.9001 -0.3312
vn 0.3313 -0.9001 -0.2830
vn 0.6488 -0.5215 -0.5542
vn 0.5542 -0.5215 -0.6488
vn 0.3715 -0.9001 -0.2276
vn 0.4025 -0.9001 -0.1668
vn 0.7883 -0.5215 -0.3266
vn 0.7276 -0.5215 -0.4458
vn 0.4236 -0.9001 -0.1016
vn 0.4343 -0.9001 -0.0343
vn 0.8506 -0.5215 -0.0670
vn 0.8297 -0.5215 -0.1991
vn 0.4343 -0.9001 0.0343
vn 0.4237 -0.9001 0.1016
vn 0.8297 -0.5215 0.1991
vn 0.8506 -0.5215 0.0670
vn 0.4025 -0.9001 0.1668
vn 0.3715 -0.9001 0.2276
vn 0.7276 -0.5215 0.4458
vn 0.7883 -0.5215 0.3266
vn 0.3313 -0.9001 0.2830
vn 0.2830 -0.9001 0.3312
vn 0.5542 -0.5215 0.6488
vn 0.6488 -0.5215 0.5542
vn 0.2276 -0.9001 0.3715
vn 0.1668 -0.9001 0.4025
vn 0.3266 -0.5215 0.7883
vn 0.4458 -0.5215 0.7276
vn 0.1016 -0.9001 0.4237
vn 0.0343 -0.9001 0.4343
vn 0.0670 -0.5215 0.8506
vn 0.1991 -0.5215 0.8297
vn -0.0343 -0.9001 0.4343
vn -0.1016 -0.9001 0.4237
vn -0.1991 -0.5215 0.8297
vn -0.0670 -0.5215 0.8506
vn -0.1668 -0.9001 0.4025
vn -0.2276 -0.9001 0.3715
vn -0.4458 -0.5215 0.7276
vn -0.3266 -0.5215 0.7883
vn -0.2830 -0.9001 0.3312
vn -0.3313 -0.9001 0.2830
vn -0.6488 -0.5215 0.5542
vn -0.5542 -0.5215 0.6488
vn -0.3715 -0.9001 0.2276
vn -0.4025 -0.9001 0.1668
vn -0.7883 -0.5215 0.3266
vn -0.7276 -0.5215 0.4458
vn -0.4237 -0.9001 0.1016
vn -0.4343 -0.9001 0.0343
vn -0.8506 -0.5215 0.0670
vn -0.8297 -0.5215 0.1991
vn -0.4343 -0.9001 -0.0343
vn -0.4237 -0.9001 -0.1016
vn -0.8297 -0.5215 -0.1991
vn -0.8506 -0.5215 -0.0670
vn -0.4025 -0.9001 -0.1668
vn -0.3715 -0.9001 -0.2276
vn -0.7276 -0.5215 -0.4458
vn -0.7883 -0.5215 -0.3266
vn -0.3313 -0.9001 -0.2830
vn -0.2830 -0.9001 -0.3312
vn -0.5542 -0.5215 -0.6488
vn -0.6488 -0.5215 -0.5542
vn -0.2276 -0.9001 -0.3715
vn -0.1668 -0.9001 -0.4025
vn -0.3266 -0.5215 -0.7883
vn -0.4458 -0.5215 -0.7276
vn -0.1016 -0.9001 -0.4236
vn -0.0343 -0.9001 -0.4343
vn -0.0670 -0.5215 -0.8506
vn -0.1991 -0.5215 -0.8297
vn 0.0200 -0.9963 -0.0832
vn 0.0067 -0.9963 -0.0853
vn 0.0765 -0.2312 -0.9699
vn 0.2270 -0.2312 -0.9461
vn 0.0447 -0.9963 -0.0730
vn 0.0328 -0.9963 -0.0791
vn 0.3725 -0.2312 -0.8988
vn 0.5082 -0.2312 -0.8296
vn 0.0651 -0.9963 -0.0556
vn 0.0556 -0.9963 -0.0651
vn 0.6320 -0.2312 -0.7397
vn 0.7397 -0.2312 -0.6320
vn 0.0791 -0.9963 -0.0328
vn 0.0730 -0.9963 -0.0447
vn 0.8296 -0.2312 -0.5082
vn 0.8988 -0.2312 -0.3725
vn 0.0853 -0.9963 -0.0067
vn 0.0832 -0.9963 -0.0200
vn 0.9461 -0.2312 -0.2270
vn 0.9699 -0.2312 -0.0765
vn 0.0832 -0.9963 0.0200
vn 0.0853 -0.9963 0.0067
vn 0.9699 -0.2312 0.0765
vn 0.9461 -0.2312 0.2270
vn 0.0730 -0.9963 0.0447
vn 0.0791 -0.9963 0.0328
vn 0.8988 -0.2312 0.3725
vn 0.8296 -0.2312 0.5082
vn 0.0556 -0.9963 0.0651
vn 0.0651 -0.9963 0.0556
vn 0.7397 -0.2312 0.6320
vn 0.6320 -0.2312 0.7397
vn 0.0328 -0.9963 0.0791
vn 0.0447 -0.9963 0.0730
vn 0.5082 -0.2312 0.8296
vn 0.3725 -0.2312 0.8988
vn 0.0067 -0.9963 0.0853
vn 0.0199 -0.9963 0.0832
vn 0.2270 -0.2312 0.9461
vn 0.0765 -0.2312 0.9699
vn -0.0200 -0.9963 0.0832
vn -0.0067 -0.9963 0.0853
vn -0.0765 -0.2312 0.9699
vn -0.2270 -0.2312 0.9461
vn -0.0447 -0.9963 0.0730
vn -0.0328 -0.9963 0.0791
vn -0.3725 -0.2312 0.8988
vn -0.5082 -0.2312 0.8296
vn -0.0651 -0.9963 0.0556
vn -0.0556 -0.9963 0.0651
vn -0.6320 -0.2312 0.7397
vn -0.7397 -0.2312 0.6320
vn -0.0791 -0.9963 0.0328
vn -0.0730 -0.9963 0.0447
vn -0.8296 -0.2312 0.5082
vn -0.8988 -0.2312 0.3725
vn -0.0853 -0.9963 0.0067
vn -0.0832 -0.9963 0.0200
vn -0.9461 -0.2312 0.2270
vn -0.9699 -0.2312 0.0765
vn -0.0832 -0.9963 -0.0200
vn -0.0853 -0.9963 -0.0067
vn -0.9699 -0.2312 -0.0765
vn -0.9461 -0.2312 -0.2270
vn -0.0730 -0.9963 -0.0447
vn -0.0791 -0.9963 -0.0328
vn -0.8988 -0.2312 -0.3725
vn -0.8296 -0.2312 -0.5082
vn -0.0556 -0.9963 -0.0651
vn -0.0651 -0.9963 -0.0556
vn -0.7397 -0.2312 -0.6320
vn -0.6320 -0.2312 -0.7397
vn -0.0328 -0.9963 -0.0791
vn -0.0447 -0.9963 -0.0730
vn -0.5082 -0.2312 -0.8296
vn -0.3725 -0.2312 -0.8988
vn -0.0067 -0.9963 -0.0853
vn -0.0200 -0.9963 -0.0832
vn -0.2270 -0.2312 -0.9461
vn -0.0765 -0.2311 -0.9699
vn 0.9717 -0.0986 0.2146
vn 0.6591 -0.1061 0.7445
vn 0.5237 -0.5624 0.6399
vn 0.9539 -0.2328 0.1897
vn 0.8556 -0.2734 -0.4396
vn 0.9086 -0.3360 0.2482
vn 0.7910 -0.5061 0.3437
vn 0.6670 -0.6744 -0.3166
vn -0.5038 -0.2641 -0.8225
vn -0.3693 -0.2639 -0.8911
vn -0.2818 -0.6768 -0.6801
vn -0.3845 -0.6769 -0.6276
vn -0.0890 -0.7341 -0.6732
vn 0.1222 -0.7329 0.6692
vn 0.2268 -0.8852 0.4061
vn 0.0908 -0.8865 -0.4537
vn -0.8478 -0.1078 -0.5193
vn -0.9184 -0.1078 -0.3806
vn -0.7360 -0.6044 -0.3050
vn -0.6793 -0.6044 -0.4161
vn 0.1729 -0.0969 -0.9802
vn -0.0177 -0.1016 -0.9947
vn 0.0310 -0.5991 -0.8001
vn 0.1680 -0.5951 -0.7859
vn 0.6266 -0.2635 -0.7334
vn 0.7334 -0.2635 -0.6266
vn 0.5599 -0.6765 -0.4784
vn 0.4784 -0.6765 -0.5599
vn 0.6152 -0.7316 -0.2938
vn -0.5995 -0.7320 0.3237
vn -0.3162 -0.8857 0.3399
vn 0.4612 -0.8856 -0.0556
vn 0.6130 -0.1485 0.7760
vn 0.4552 -0.2502 0.8545
vn 0.4331 -0.2163 0.8750
vn 0.5730 -0.1537 0.8050
vn 0.4697 -0.7321 0.4934
vn -0.4922 -0.7332 -0.4691
vn -0.4212 -0.8857 -0.1955
vn 0.1955 -0.8857 0.4211
vn -0.7823 -0.1138 -0.6124
vn -0.2181 -0.1020 -0.9706
vn -0.1914 -0.2373 -0.9524
vn -0.6492 -0.5712 -0.5024
vn -0.9409 -0.3363 -0.0397
vn -0.6783 -0.2741 -0.6818
vn -0.5366 -0.6749 -0.5065
vn -0.8590 -0.5046 0.0864
vn 0.3023 -0.1142 -0.9463
vn 0.8553 -0.1018 -0.5081
vn 0.8463 -0.2373 -0.4769
vn 0.2634 -0.5724 -0.7765
vn -0.3237 -0.7320 0.5995
vn 0.2938 -0.7316 -0.6152
vn 0.0555 -0.8855 -0.4612
vn -0.3399 -0.8857 0.3162
vn -0.2474 -0.3363 -0.9087
vn 0.4396 -0.2733 -0.8556
vn 0.3167 -0.6743 -0.6671
vn -0.3437 -0.5059 -0.7912
vn -0.8546 -0.2499 -0.4552
vn -0.7755 -0.1484 -0.6137
vn -0.8047 -0.1530 -0.5737
vn -0.8751 -0.2159 -0.4331
vn -0.6650 -0.7369 -0.1216
vn 0.6707 -0.7363 0.0897
vn 0.4541 -0.8863 -0.0914
vn -0.4034 -0.8864 -0.2273
vn -0.9501 -0.2746 -0.1480
vn -0.5855 -0.3356 -0.7380
vn -0.4356 -0.5035 -0.7462
vn -0.7248 -0.6753 -0.1364
vn 0.0945 -0.0996 0.9905
vn -0.5090 -0.1069 0.8541
vn -0.4480 -0.5630 0.6945
vn 0.1131 -0.2347 0.9655
vn 0.4165 -0.1062 0.9029
vn 0.5238 -0.1076 0.8450
vn 0.4177 -0.6043 0.6785
vn 0.3172 -0.6031 0.7318
vn -0.2263 -0.9685 0.1043
vn -0.7228 -0.6589 -0.2086
vn -0.4852 -0.7773 -0.4006
vn 0.0390 -0.9761 -0.2138
vn -0.1595 -0.9777 0.1369
vn -0.1369 -0.9777 0.1595
vn 0.1316 -0.9793 -0.1540
vn 0.1540 -0.9793 -0.1316
vn 0.2085 -0.6591 0.7225
vn -0.1043 -0.9685 0.2263
vn 0.2138 -0.9761 -0.0390
vn 0.4005 -0.7774 0.4850
vn -0.1691 -0.9687 -0.1817
vn -0.0247 -0.6586 -0.7521
vn 0.2310 -0.7757 -0.5873
vn 0.2154 -0.9761 -0.0293
vn -0.1791 -0.9777 -0.1097
vn -0.1940 -0.9777 -0.0804
vn 0.1870 -0.9793 0.0775
vn 0.1726 -0.9793 0.1057
vn -0.6228 -0.6592 0.4215
vn -0.2463 -0.9687 -0.0300
vn 0.1028 -0.9761 0.1914
vn -0.3392 -0.7764 0.5312
vn -0.5927 -0.6593 -0.4626
vn -0.0465 -0.9686 -0.2442
vn -0.1503 -0.9761 0.1569
vn -0.6103 -0.7762 -0.1584
vn 0.2436 -0.9687 0.0476
vn 0.4621 -0.6589 0.5936
vn 0.1584 -0.7763 0.6102
vn -0.1568 -0.9761 0.1502
vn 0.2094 -0.9777 -0.0165
vn 0.2042 -0.9777 -0.0490
vn -0.1968 -0.9793 0.0472
vn -0.2017 -0.9793 0.0159
vn 0.2559 -0.6585 -0.7077
vn 0.2169 -0.9687 -0.1205
vn -0.1957 -0.9761 -0.0944
vn -0.0382 -0.7758 -0.6298
vn 0.0300 -0.9687 0.2463
vn -0.4215 -0.6592 0.6228
vn -0.5312 -0.7764 0.3392
vn -0.1914 -0.9761 -0.1028
vn 0.0810 -0.9777 0.1940
vn 0.1098 -0.9777 0.1791
vn -0.1058 -0.9793 -0.1727
vn -0.0776 -0.9793 -0.1871
vn 0.1198 -0.9688 -0.2171
vn 0.7076 -0.6587 -0.2559
vn 0.6297 -0.7759 0.0381
vn 0.0945 -0.9761 0.1957
vn 0.0484 -0.9775 -0.2054
vn 0.0152 -0.9776 -0.2100
vn -0.0158 -0.9793 0.2018
vn -0.0472 -0.9793 0.1969
vn 0.7527 -0.6579 0.0248
vn 0.1832 -0.9684 0.1691
vn 0.0290 -0.9761 -0.2154
vn 0.5857 -0.7768 -0.2313
vn 0.7380 -0.3359 0.5853
vn 0.1480 -0.2748 0.9500
vn 0.1364 -0.6755 0.7246
vn 0.7460 -0.5038 0.4354
vn -0.9137 -0.1021 0.3933
vn -0.9549 -0.1140 -0.2743
vn -0.7879 -0.5712 -0.2301
vn -0.8832 -0.2378 0.4043
vn -0.0758 -0.2652 0.9612
vn -0.2249 -0.2652 0.9376
vn -0.1715 -0.6780 0.7148
vn -0.0578 -0.6779 0.7329
vn 0.1682 -0.2490 -0.9538
vn 0.3423 -0.1477 -0.9279
vn 0.2956 -0.1528 -0.9430
vn 0.1409 -0.2148 -0.9664
vn 0.7854 -0.3356 -0.5202
vn 0.9495 -0.2738 0.1530
vn 0.7321 -0.6746 0.0944
vn 0.6452 -0.5030 -0.5750
vn -0.9519 -0.1501 -0.2673
vn -0.8690 -0.2524 -0.4256
vn -0.8636 -0.2183 -0.4544
vn -0.9366 -0.1545 -0.3145
vn -0.1537 -0.2736 -0.9495
vn 0.5162 -0.3359 -0.7878
vn 0.5716 -0.5053 -0.6465
vn -0.0950 -0.6745 -0.7321
vn -0.6467 -0.1023 -0.7558
vn 0.0152 -0.1064 -0.9942
vn -0.0065 -0.5652 -0.8249
vn -0.6525 -0.2368 -0.7199
vn -0.5481 -0.1489 0.8230
vn -0.6717 -0.2507 0.6971
vn -0.6981 -0.2169 0.6824
vn -0.5882 -0.1542 0.7939
vn 0.8910 -0.2642 0.3692
vn 0.8224 -0.2643 0.5038
vn 0.6275 -0.6772 0.3844
vn 0.6799 -0.6771 0.2817
vn 0.6817 -0.2743 0.6782
vn 0.0396 -0.3366 0.9408
vn -0.0865 -0.5048 0.8589
vn 0.5064 -0.6751 0.5365
vn 0.4251 -0.2512 0.8696
vn 0.2673 -0.1487 0.9521
vn 0.3145 -0.1547 0.9366
vn 0.4543 -0.2185 0.8636
vn 0.9929 -0.1140 0.0345
vn 0.7471 -0.1019 0.6568
vn 0.7148 -0.2375 0.6577
vn 0.8204 -0.5712 0.0248
vn -0.0389 -0.1491 -0.9880
vn 0.1354 -0.2504 -0.9586
vn 0.1647 -0.2151 -0.9626
vn 0.0102 -0.1531 -0.9882
vn 0.9911 -0.1078 -0.0782
vn 0.9667 -0.1078 -0.2319
vn 0.7747 -0.6044 -0.1858
vn 0.7942 -0.6044 -0.0626
vn 0.9583 -0.2511 -0.1362
vn 0.9881 -0.1486 0.0396
vn 0.9882 -0.1528 -0.0099
vn 0.9621 -0.2166 -0.1654
vn -0.4343 -0.2751 0.8577
vn -0.8825 -0.3366 0.3284
vn -0.8436 -0.5047 0.1832
vn -0.3535 -0.6758 0.6468
vn 0.5070 -0.1017 -0.8559
vn 0.9336 -0.1140 -0.3397
vn 0.7726 -0.5712 -0.2772
vn 0.4762 -0.2371 -0.8468
vn -0.8549 -0.1066 0.5078
vn -0.9905 -0.0999 -0.0943
vn -0.9655 -0.2344 -0.1133
vn -0.6947 -0.5629 0.4478
vn -0.3284 -0.3367 0.8825
vn -0.8578 -0.2750 0.4343
vn -0.6469 -0.6757 0.3535
vn -0.1831 -0.5049 0.8435
vn -0.6971 -0.2507 0.6717
vn -0.8230 -0.1489 0.5482
vn -0.7938 -0.1542 0.5882
vn -0.6824 -0.2169 0.6981
vn 0.2743 -0.1140 0.9549
vn -0.3932 -0.1021 0.9137
vn -0.4043 -0.2379 0.8832
vn 0.2301 -0.5712 0.7879
vn -0.7344 -0.1062 0.6704
vn -0.6704 -0.1062 0.7344
vn -0.5263 -0.6031 0.5994
vn -0.5994 -0.6031 0.5263
vn -0.9376 -0.2651 0.2249
vn -0.9613 -0.2650 0.0758
vn -0.7330 -0.6777 0.0578
vn -0.7149 -0.6778 0.1715
vn 0.9279 -0.1478 -0.3424
vn 0.9537 -0.2492 -0.1683
vn 0.9664 -0.2150 -0.1410
vn 0.9430 -0.1529 -0.2957
vn -0.0920 -0.9610 0.2607
vn -0.2372 -0.9663 0.1002
vn -0.9353 -0.3444 0.0814
vn -0.7394 -0.1400 0.6586
vn -0.1485 -0.9494 0.2767
vn -0.2768 -0.9494 0.1485
vn -0.6911 -0.0779 0.7186
vn -0.7186 -0.0779 0.6911
vn -0.1018 -0.9666 0.2352
vn -0.2612 -0.9610 0.0910
vn -0.6606 -0.1402 0.7375
vn -0.0825 -0.3448 0.9350
vn -0.0909 -0.9944 -0.0536
vn -0.0696 -0.9951 0.0703
vn -0.0547 -0.7434 0.6666
vn -0.2588 -0.7322 -0.6300
vn -0.2899 -0.9570 0.0100
vn -0.1778 -0.9651 -0.1925
vn -0.3746 -0.3429 -0.8615
vn -0.8920 -0.1333 -0.4318
vn -0.3088 -0.9492 -0.0609
vn -0.2307 -0.9492 -0.2140
vn -0.9117 -0.0747 -0.4040
vn -0.8627 -0.0747 -0.5001
vn -0.2585 -0.9654 -0.0334
vn -0.1614 -0.9569 -0.2415
vn -0.8721 -0.1335 -0.4707
vn -0.9172 -0.3442 0.2005
vn 0.0176 -0.9945 -0.1029
vn -0.0936 -0.9945 -0.0463
vn -0.6593 -0.7353 0.1571
vn 0.5154 -0.7353 -0.4401
vn -0.0364 -0.9700 -0.2404
vn 0.1813 -0.9612 -0.2081
vn 0.2370 -0.1590 -0.9584
vn -0.4480 -0.3709 -0.8135
vn 0.1034 -0.9945 -0.0149
vn 0.0171 -0.9948 -0.1006
vn -0.3464 -0.7422 -0.5737
vn 0.5780 -0.7356 0.3533
vn 0.2282 -0.9569 -0.1798
vn 0.2561 -0.9655 0.0481
vn 0.8100 -0.3442 0.4747
vn 0.9749 -0.1336 -0.1780
vn 0.2856 -0.9492 -0.1322
vn 0.3124 -0.9492 0.0375
vn 0.9751 -0.0747 -0.2090
vn 0.9919 -0.0747 -0.1025
vn 0.2287 -0.9654 -0.1250
vn 0.2726 -0.9569 0.1005
vn 0.9822 -0.1336 -0.1320
vn 0.6232 -0.3443 -0.7022
vn 0.0463 -0.9945 0.0936
vn 0.1029 -0.9945 -0.0176
vn 0.4401 -0.7353 -0.5154
vn -0.1570 -0.7353 0.6593
vn 0.2416 -0.9569 0.1614
vn 0.0334 -0.9654 0.2585
vn -0.2004 -0.3442 0.9173
vn 0.4708 -0.1335 0.8721
vn 0.2192 -0.9492 0.2259
vn 0.0622 -0.9494 0.3078
vn 0.5051 -0.0750 0.8598
vn 0.4416 -0.0777 0.8938
vn -0.0742 -0.9950 0.0670
vn 0.0499 -0.9950 0.0864
vn 0.6189 -0.7426 0.2561
vn -0.6674 -0.7427 0.0539
vn -0.1073 -0.9570 -0.2695
vn 0.1235 -0.9658 -0.2282
vn 0.7003 -0.3463 -0.6242
vn 0.0870 -0.1392 -0.9864
vn -0.0501 -0.9539 -0.2961
vn 0.1069 -0.9551 -0.2763
vn -0.0008 -0.0871 -0.9962
vn 0.1437 -0.0975 -0.9848
vn 0.1952 -0.9663 0.1676
vn 0.0071 -0.9611 0.2762
vn 0.5030 -0.1403 0.8528
vn 0.8658 -0.3439 0.3636
vn 0.2334 0.0001 -0.9724
vn 0.0785 0.0001 -0.9969
vn 0.2288 -0.1989 -0.9529
vn 0.0769 -0.1989 -0.9770
vn 0.5225 0.0001 -0.8526
vn 0.3827 0.0001 -0.9239
vn 0.5121 -0.1989 -0.8356
vn 0.3750 -0.1989 -0.9054
vn 0.7604 0.0001 -0.6494
vn 0.6494 0.0001 -0.7604
vn 0.7452 -0.1989 -0.6365
vn 0.6365 -0.1989 -0.7452
vn 0.9239 0.0001 -0.3827
vn 0.8526 0.0001 -0.5225
vn 0.9054 -0.1989 -0.3750
vn 0.8356 -0.1989 -0.5121
vn 0.9969 0.0001 -0.0785
vn 0.9724 0.0001 -0.2334
vn 0.9770 -0.1989 -0.0769
vn 0.9529 -0.1989 -0.2288
vn 0.9724 0.0001 0.2334
vn 0.9969 0.0001 0.0785
vn 0.9529 -0.1989 0.2288
vn 0.9770 -0.1989 0.0769
vn 0.8526 0.0001 0.5225
vn 0.9239 0.0001 0.3827
vn 0.8356 -0.1989 0.5121
vn 0.9054 -0.1989 0.3750
vn 0.6494 0.0001 0.7604
vn 0.7604 0.0001 0.6494
vn 0.6365 -0.1989 0.7452
vn 0.7452 -0.1989 0.6365
vn 0.3827 0.0001 0.9239
vn 0.5225 0.0001 0.8526
vn 0.3750 -0.1989 0.9054
vn 0.5121 -0.1989 0.8356
vn 0.0785 0.0001 0.9969
vn 0.2334 0.0001 0.9724
vn 0.0769 -0.1989 0.9770
vn 0.2288 -0.1989 0.9529
vn -0.2334 0.0001 0.9724
vn -0.0785 0.0001 0.9969
vn -0.2288 -0.1989 0.9529
vn -0.0769 -0.1989 0.9770
vn -0.5225 0.0001 0.8526
vn -0.3827 0.0001 0.9239
vn -0.5121 -0.1989 0.8356
vn -0.3750 -0.1989 0.9054
vn -0.7604 0.0001 0.6494
vn -0.6494 0.0001 0.7604
vn -0.7452 -0.1989 0.6365
vn -0.6365 -0.1989 0.7452
vn -0.9239 0.0001 0.3827
vn -0.8526 0.0001 0.5225
vn -0.9054 -0.1989 0.3750
vn -0.8356 -0.1989 0.5121
vn -0.9969 0.0001 0.0785
vn -0.9724 0.0001 0.2334
vn -0.9770 -0.1989 0.0769
vn -0.9529 -0.1989 0.2288
vn -0.9724 0.0001 -0.2334
vn -0.9969 0.0001 -0.0785
vn -0.9529 -0.1989 -0.2288
vn -0.9770 -0.1989 -0.0769
vn -0.8526 0.0001 -0.5225
vn -0.9239 0.0001 -0.3827
vn -0.8356 -0.1989 -0.5121
vn -0.9054 -0.1989 -0.3750
vn -0.6494 0.0001 -0.7604
vn -0.7604 0.0001 -0.6494
vn -0.6365 -0.1989 -0.7452
vn -0.7452 -0.1989 -0.6365
vn -0.3827 0.0001 -0.9239
vn -0.5225 0.0001 -0.8526
vn -0.3750 -0.1989 -0.9054
vn -0.5121 -0.1989 -0.8356
vn -0.0785 0.0001 -0.9969
vn -0.2334 0.0001 -0.9724
vn -0.0769 -0.1989 -0.9770
vn -0.2288 -0.1989 -0.9529
vt 1.000000 0.625000
vt 1.000000 0.750000
vt 0.975000 0.750000
vt 0.975000 0.663195
vt 1.000000 0.875000
vt 1.000000 1.000000
vt 0.975000 0.923611
vt 0.975000 0.836806
vt 0.950000 0.916667
vt 0.950000 0.833333
vt 0.950000 0.750000
vt 0.950000 0.666667
vt 0.925000 0.750000
vt 0.925000 0.666667
vt 0.925000 0.916667
vt 0.925000 0.833333
vt 0.900000 0.916667
vt 0.900000 0.833333
vt 0.900000 0.750000
vt 0.900000 0.666667
vt 0.875000 0.750000
vt 0.875000 0.666667
vt 0.875000 0.916667
vt 0.875000 0.833333
vt 0.850000 0.916667
vt 0.850000 0.833333
vt 0.850000 0.750000
vt 0.850000 0.666667
vt 0.825000 0.750000
vt 0.825000 0.666667
vt 0.825000 0.916667
vt 0.825000 0.833333
vt 0.800000 0.916667
vt 0.800000 0.833333
vt 0.800000 0.750000
vt 0.800000 0.666667
vt 0.775000 0.750000
vt 0.775000 0.666667
vt 0.775000 0.916667
vt 0.775000 0.833333
vt 0.750000 0.916667
vt 0.750000 0.833333
vt 0.750000 0.750000
vt 0.750000 0.666667
vt 0.725000 0.750000
vt 0.725000 0.666667
vt 0.725000 0.916667
vt 0.725000 0.833333
vt 0.700000 0.916667
vt 0.700000 0.833333
vt 0.700000 0.750000
vt 0.700000 0.666667
vt 0.675000 0.750000
vt 0.675000 0.666667
vt 0.675000 0.916667
vt 0.675000 0.833333
vt 0.650000 0.916667
vt 0.650000 0.833333
vt 0.650000 0.750000
vt 0.650000 0.666667
vt 0.625000 0.750000
vt 0.625000 0.666667
vt 0.625000 0.916667
vt 0.625000 0.833333
vt 0.600000 0.916667
vt 0.600000 0.833333
vt 0.600000 0.750000
vt 0.600000 0.666667
vt 0.575000 0.750000
vt 0.575000 0.666667
vt 0.575000 0.916667
vt 0.575000 0.833333
vt 0.550000 0.916667
vt 0.550000 0.833333
vt 0.550000 0.750000
vt 0.550000 0.666667
vt 0.525000 0.750000
vt 0.525000 0.666667
vt 0.525000 0.916667
vt 0.525000 0.833333
vt 0.500000 0.916667
vt 0.500000 0.833333
vt 0.500000 0.750000
vt 0.500000 0.666667
vt 0.475000 0.750000
vt 0.475000 0.666667
vt 0.475000 0.916667
vt 0.475000 0.833333
vt 0.450000 0.916667
vt 0.450000 0.833333
vt 0.450000 0.750000
vt 0.450000 0.666667
vt 0.425000 0.750000
vt 0.425000 0.666667
vt 0.425000 0.916667
vt 0.425000 0.833333
vt 0.400000 0.916667
vt 0.400000 0.833333
vt 0.400000 0.750000
vt 0.400000 0.666667
vt 0.375000 0.750000
vt 0.375000 0.666667
vt 0.375000 0.916667
vt 0.375000 0.833333
vt 0.350000 0.916667
vt 0.350000 0.833333
vt 0.350000 0.750000
vt 0.350000 0.666667
vt 0.325000 0.750000
vt 0.325000 0.666667
vt 0.325000 0.916667
vt 0.325000 0.833333
vt 0.300000 0.916667
vt 0.300000 0.833333
vt 0.300000 0.750000
vt 0.300000 0.666667
vt 0.275000 0.750000
vt 0.275000 0.666667
vt 0.275000 0.916667
vt 0.275000 0.833333
vt 0.250000 0.916667
vt 0.250000 0.833333
vt 0.250000 0.750000
vt 0.250000 0.666667
vt 0.225000 0.750000
vt 0.225000 0.666667
vt 0.225000 0.916667
vt 0.225000 0.833333
vt 0.200000 0.916667
vt 0.200000 0.833333
vt 0.200000 0.750000
vt 0.200000 0.666667
vt 0.175000 0.750000
vt 0.175000 0.666667
vt 0.175000 0.916667
vt 0.175000 0.833333
vt 0.150000 0.916667
vt 0.150000 0.833333
vt 0.150000 0.750000
vt 0.150000 0.666667
vt 0.125000 0.750000
vt 0.125000 0.666667
vt 0.125000 0.916667
vt 0.125000 0.833333
vt 0.100000 0.916667
vt 0.100000 0.833333
vt 0.100000 0.750000
vt 0.100000 0.666667
vt 0.650000 1.000000
vt 0.675000 1.000000
vt 0.675000 1.000000
vt 0.650000 1.000000
vt 0.700000 1.000000
vt 0.700000 1.000000
vt 0.075000 0.750000
vt 0.075000 0.666667
vt 0.075000 0.916667
vt 0.075000 0.833333
vt 0.050000 0.916667
vt 0.050000 0.833333
vt 0.050000 0.750000
vt 0.050000 0.666667
vt 0.025000 0.750000
vt 0.025000 0.663195
vt 0.025000 0.923611
vt 0.025000 0.836806
vt -0.000000 1.000000
vt -0.000000 0.875000
vt -0.000000 0.750000
vt -0.000000 0.625000
vt 0.800000 0.500000
vt 0.775000 0.500000
vt 0.775000 0.500000
vt 0.800000 0.500000
vt 0.750000 0.500000
vt 0.750000 0.500000
vt 0.750000 0.500000
vt 0.775000 0.500000
vt 0.800000 0.500000
vt 0.800000 0.500000
vt 0.350000 1.000000
vt 0.375000 1.000000
vt 0.375000 1.000000
vt 0.350000 1.000000
vt 0.400000 1.000000
vt 0.400000 1.000000
vt 0.425000 1.000000
vt 0.425000 1.000000
vt 0.450000 1.000000
vt 0.450000 1.000000
vt 0.150000 1.000000
vt 0.175000 1.000000
vt 0.175000 1.000000
vt 0.150000 1.000000
vt 0.200000 1.000000
vt 0.200000 1.000000
vt 0.750000 1.000000
vt 0.775000 1.000000
vt 0.775000 1.000000
vt 0.750000 1.000000
vt 0.800000 1.000000
vt 0.800000 1.000000
vt 0.500000 1.000000
vt 0.525000 1.000000
vt 0.525000 1.000000
vt 0.500000 1.000000
vt 0.550000 1.000000
vt 0.550000 1.000000
vt 0.250000 1.000000
vt 0.275000 1.000000
vt 0.250000 1.000000
vt 0.300000 1.000000
vt 0.300000 1.000000
vt 0.025000 1.000000
vt -0.000000 1.000000
vt 0.050000 1.000000
vt 0.850000 1.000000
vt 0.875000 1.000000
vt 0.875000 1.000000
vt 0.850000 1.000000
vt 0.900000 1.000000
vt 0.900000 1.000000
vt 0.600000 1.000000
vt 0.625000 1.000000
vt 0.625000 1.000000
vt 0.600000 1.000000
vt 0.950000 1.000000
vt 0.975000 1.000000
vt 0.950000 1.000000
vt 1.000000 1.000000
vt 0.100000 1.000000
vt 0.125000 1.000000
vt 0.100000 1.000000
vt 0.725000 1.000000
vt 0.725000 1.000000
vt 0.475000 1.000000
vt 0.475000 1.000000
vt 0.225000 1.000000
vt 0.825000 1.000000
vt 0.825000 1.000000
vt 0.575000 1.000000
vt 0.325000 1.000000
vt 0.325000 1.000000
vt 0.075000 1.000000
vt 0.925000 1.000000
vt 0.050000 1.000000
vt 0.600000 1.000000
vt 0.625000 1.000000
vt 0.625000 1.000000
vt 0.600000 1.000000
vt 0.650000 1.000000
vt 0.650000 1.000000
vt 0.625000 1.000000
vt 0.050000 1.000000
vt 0.025000 1.000000
vt 0.225000 1.000000
vt 0.200000 1.000000
vt 0.304346 0.417258
vt 0.274228 0.402968
vt 0.250000 0.250000
vt 0.320312 0.387994
vt 0.250000 0.425866
vt 0.225772 0.402968
vt 0.195655 0.417258
vt 0.179688 0.387994
vt 0.146629 0.392278
vt 0.140487 0.359513
vt 0.107722 0.353371
vt 0.112006 0.320312
vt 0.082742 0.304346
vt 0.097032 0.274228
vt 0.074134 0.250000
vt 0.097032 0.225772
vt 0.082742 0.195655
vt 0.112006 0.179688
vt 0.107722 0.146629
vt 0.140487 0.140487
vt 0.146629 0.107722
vt 0.179688 0.112006
vt 0.195655 0.082742
vt 0.225772 0.097032
vt 0.250000 0.074134
vt 0.274228 0.097032
vt 0.304346 0.082742
vt 0.320312 0.112006
vt 0.353371 0.107722
vt 0.359513 0.140487
vt 0.392278 0.146629
vt 0.387994 0.179688
vt 0.417258 0.195655
vt 0.402968 0.225772
vt 0.425866 0.250000
vt 0.402968 0.274228
vt 0.417258 0.304345
vt 0.387994 0.320312
vt 0.392278 0.353371
vt 0.359513 0.359513
vt 0.353371 0.392278
vt 0.975000 1.000000
vt 0.950000 1.000000
vt 0.975000 1.000000
vt 0.950000 1.000000
vt 0.225000 1.000000
vt 0.250000 1.000000
vt 0.250000 1.000000
vt 0.250000 1.000000
vt 0.225000 1.000000
vt 0.550000 1.000000
vt 0.575000 1.000000
vt 0.575000 1.000000
vt 0.550000 1.000000
vt 0.575000 1.000000
vt 0.900000 1.000000
vt 0.925000 1.000000
vt 0.925000 1.000000
vt 0.900000 1.000000
vt 0.925000 1.000000
vt 0.900000 1.000000
vt 0.150000 1.000000
vt 0.175000 1.000000
vt 0.175000 1.000000
vt 0.175000 1.000000
vt 0.500000 1.000000
vt 0.525000 1.000000
vt 0.525000 1.000000
vt 0.850000 1.000000
vt 0.875000 1.000000
vt 0.875000 1.000000
vt 0.850000 1.000000
vt 0.100000 1.000000
vt 0.125000 1.000000
vt 0.125000 1.000000
vt 0.475000 1.000000
vt 0.475000 1.000000
vt 0.450000 1.000000
vt 0.450000 1.000000
vt 0.800000 1.000000
vt 0.825000 1.000000
vt 0.825000 1.000000
vt 0.800000 1.000000
vt 0.075000 1.000000
vt 0.075000 1.000000
vt 0.050000 1.000000
vt 0.400000 1.000000
vt 0.425000 1.000000
vt 0.425000 1.000000
vt 0.400000 1.000000
vt 0.775000 1.000000
vt 0.750000 1.000000
vt 0.025000 1.000000
vt 0.025000 1.000000
vt 0.350000 1.000000
vt 0.375000 1.000000
vt 0.375000 1.000000
vt 0.350000 1.000000
vt 0.375000 1.000000
vt 0.700000 1.000000
vt 0.725000 1.000000
vt 0.700000 1.000000
vt 0.700000 1.000000
vt 0.300000 1.000000
vt 0.325000 1.000000
vt 0.325000 1.000000
vt 0.300000 1.000000
vt 0.675000 1.000000
vt 0.675000 1.000000
vt 0.275000 1.000000
vt 0.275000 1.000000
vt 0.950000 0.500000
vt 0.925000 0.500000
vt 0.925000 0.500000
vt 0.950000 0.500000
vt 0.900000 0.500000
vt 0.900000 0.500000
vt 0.925000 0.500000
vt 0.925000 0.500000
vt 0.950000 0.500000
vt 0.950000 0.500000
vt 0.550000 0.500000
vt 0.525000 0.500000
vt 0.550000 0.500000
vt 0.500000 0.500000
vt 0.500000 0.500000
vt 0.500000 0.500000
vt 0.300000 0.500000
vt 0.275000 0.500000
vt 0.275000 0.500000
vt 0.300000 0.500000
vt 0.250000 0.500000
vt 0.250000 0.500000
vt 0.275000 0.500000
vt 0.250000 0.500000
vt 0.275000 0.500000
vt 0.300000 0.500000
vt 0.300000 0.500000
vt 0.050000 0.500000
vt 0.025000 0.500000
vt 0.025000 0.500000
vt 0.050000 0.500000
vt -0.000000 0.500000
vt -0.000000 0.500000
vt 0.025000 0.500000
vt 0.025000 0.500000
vt 0.050000 0.500000
vt 0.900000 0.500000
vt 0.875000 0.500000
vt 0.850000 0.500000
vt 0.850000 0.500000
vt 0.875000 0.500000
vt 0.875000 0.500000
vt 0.650000 0.500000
vt 0.625000 0.500000
vt 0.625000 0.500000
vt 0.650000 0.500000
vt 0.600000 0.500000
vt 0.600000 0.500000
vt 0.625000 0.500000
vt 0.600000 0.500000
vt 0.625000 0.500000
vt 1.000000 0.500000
vt 0.975000 0.500000
vt 0.975000 0.500000
vt 1.000000 0.500000
vt 0.975000 0.500000
vt 0.400000 0.500000
vt 0.375000 0.500000
vt 0.400000 0.500000
vt 0.350000 0.500000
vt 0.350000 0.500000
vt 0.350000 0.500000
vt 0.350000 0.500000
vt 0.375000 0.500000
vt 0.150000 0.500000
vt 0.125000 0.500000
vt 0.125000 0.500000
vt 0.150000 0.500000
vt 0.100000 0.500000
vt 0.100000 0.500000
vt 0.125000 0.500000
vt 0.100000 0.500000
vt 0.100000 0.500000
vt 0.725000 0.500000
vt 0.725000 0.500000
vt 0.700000 0.500000
vt 0.725000 0.500000
vt 0.700000 0.500000
vt 0.700000 0.500000
vt 0.475000 0.500000
vt 0.475000 0.500000
vt 0.450000 0.500000
vt 0.450000 0.500000
vt 0.450000 0.500000
vt 0.450000 0.500000
vt 0.475000 0.500000
vt 0.225000 0.500000
vt 0.225000 0.500000
vt 0.200000 0.500000
vt 0.200000 0.500000
vt 0.200000 0.500000
vt 0.200000 0.500000
vt 0.825000 0.500000
vt 0.825000 0.500000
vt 0.825000 0.500000
vt 0.575000 0.500000
vt 0.575000 0.500000
vt 0.575000 0.500000
vt 0.575000 0.500000
vt 0.325000 0.500000
vt 0.325000 0.500000
vt 0.075000 0.500000
vt 0.075000 0.500000
vt 0.075000 0.500000
vt 0.675000 0.500000
vt 0.675000 0.500000
vt 0.675000 0.500000
vt 0.425000 0.500000
vt 0.425000 0.500000
vt 0.425000 0.500000
vt 0.175000 0.500000
vt 0.175000 0.500000
vt 0.200000 0.500000
vt 0.150000 0.500000
vt 0.150000 0.500000
vt 0.200000 0.500000
vt 0.525000 0.500000
vt 0.500000 0.500000
vt 0.525000 0.500000
vt 0.550000 0.500000
vt 0.850000 0.500000
vt 0.125000 0.500000
vt 0.075000 0.500000
vt 0.050000 0.500000
vt 0.050000 0.500000
vt 0.075000 0.500000
vt 0.050000 0.500000
vt 0.425000 0.500000
vt 0.400000 0.500000
vt 0.425000 0.500000
vt 0.400000 0.500000
vt 0.750000 0.500000
vt 0.775000 0.500000
vt -0.000000 0.500000
vt 0.025000 0.500000
vt 0.350000 0.500000
vt 0.700000 0.500000
vt 0.725000 0.500000
vt 0.700000 0.500000
vt 0.300000 0.500000
vt 0.300000 0.500000
vt 0.675000 0.500000
vt 0.250000 0.500000
vt 0.275000 0.500000
vt 0.625000 0.500000
vt 1.000000 0.500000
vt 0.825000 0.500000
vt 0.800000 0.500000
vt 0.825000 0.500000
vt 0.425000 0.500000
vt 0.775000 0.500000
vt 0.750000 0.500000
vt 0.750000 0.500000
vt 0.375000 0.500000
vt 0.350000 0.500000
vt 0.725000 0.500000
vt 0.325000 0.500000
vt 0.300000 0.500000
vt 0.625000 0.500000
vt 0.600000 0.500000
vt 0.950000 0.500000
vt 0.950000 0.500000
vt 0.975000 0.500000
vt 0.225000 0.500000
vt 0.200000 0.500000
vt 0.200000 0.500000
vt 0.550000 0.500000
vt 0.925000 0.500000
vt 0.525000 0.500000
vt 0.125000 0.500000
vt 0.750000 0.291013
vt 0.756337 0.290009
vt 0.750000 0.250000
vt 0.743663 0.290009
vt 0.762674 0.289006
vt 0.768390 0.286093
vt 0.774107 0.283180
vt 0.778643 0.278644
vt 0.783180 0.274107
vt 0.786093 0.268390
vt 0.789006 0.262674
vt 0.790009 0.256337
vt 0.791013 0.250000
vt 0.790009 0.243663
vt 0.789006 0.237326
vt 0.786093 0.231610
vt 0.783180 0.225893
vt 0.778644 0.221357
vt 0.774107 0.216820
vt 0.768390 0.213907
vt 0.762674 0.210994
vt 0.756337 0.209991
vt 0.750000 0.208987
vt 0.743663 0.209991
vt 0.737326 0.210994
vt 0.731610 0.213907
vt 0.725893 0.216820
vt 0.721357 0.221357
vt 0.716820 0.225893
vt 0.713907 0.231610
vt 0.710994 0.237326
vt 0.709991 0.243663
vt 0.708987 0.250000
vt 0.709991 0.256337
vt 0.710994 0.262674
vt 0.713907 0.268390
vt 0.716820 0.274107
vt 0.721357 0.278644
vt 0.725893 0.283180
vt 0.731610 0.286093
vt 0.737326 0.289006
vt 0.250000 0.480280
vt 0.286023 0.477439
vt 0.286843 0.482614
vt 0.250000 0.485685
vt 0.321161 0.469010
vt 0.322831 0.474150
vt 0.324164 0.478254
vt 0.287082 0.484127
vt 0.250000 0.490000
vt 0.354542 0.455176
vt 0.356921 0.459845
vt 0.385355 0.436301
vt 0.388532 0.440673
vt 0.391068 0.444164
vt 0.357616 0.461209
vt 0.412829 0.412829
vt 0.416534 0.416534
vt 0.436301 0.385355
vt 0.440673 0.388532
vt 0.444164 0.391068
vt 0.417616 0.417616
vt 0.455176 0.354542
vt 0.459845 0.356921
vt 0.469010 0.321161
vt 0.474150 0.322831
vt 0.478254 0.324164
vt 0.461209 0.357616
vt 0.477439 0.286023
vt 0.482614 0.286843
vt 0.480280 0.250000
vt 0.485685 0.250000
vt 0.490000 0.250000
vt 0.484127 0.287082
vt 0.477439 0.213977
vt 0.482614 0.213158
vt 0.469010 0.178840
vt 0.474150 0.177169
vt 0.478254 0.175836
vt 0.484127 0.212918
vt 0.455176 0.145458
vt 0.459845 0.143079
vt 0.436301 0.114645
vt 0.440673 0.111468
vt 0.444164 0.108932
vt 0.461209 0.142384
vt 0.412829 0.087172
vt 0.416534 0.083466
vt 0.385355 0.063699
vt 0.388532 0.059327
vt 0.391068 0.055836
vt 0.417616 0.082384
vt 0.354542 0.044824
vt 0.356921 0.040155
vt 0.321161 0.030991
vt 0.322831 0.025850
vt 0.324164 0.021746
vt 0.357616 0.038791
vt 0.286023 0.022561
vt 0.286843 0.017386
vt 0.250000 0.019720
vt 0.250000 0.014315
vt 0.250000 0.010000
vt 0.287082 0.015873
vt 0.213977 0.022561
vt 0.213158 0.017386
vt 0.178840 0.030991
vt 0.177169 0.025850
vt 0.175836 0.021746
vt 0.212918 0.015873
vt 0.145458 0.044824
vt 0.143079 0.040155
vt 0.114645 0.063699
vt 0.111468 0.059327
vt 0.108932 0.055836
vt 0.142384 0.038791
vt 0.087172 0.087172
vt 0.083466 0.083466
vt 0.063699 0.114645
vt 0.059327 0.111468
vt 0.055836 0.108932
vt 0.082384 0.082384
vt 0.044824 0.145458
vt 0.040155 0.143079
vt 0.030991 0.178840
vt 0.025850 0.177169
vt 0.021746 0.175836
vt 0.038791 0.142384
vt 0.022561 0.213977
vt 0.017386 0.213158
vt 0.019720 0.250000
vt 0.014315 0.250000
vt 0.010000 0.250000
vt 0.015873 0.212918
vt 0.022561 0.286023
vt 0.017386 0.286843
vt 0.030991 0.321161
vt 0.025850 0.322831
vt 0.021746 0.324164
vt 0.015873 0.287082
vt 0.044824 0.354542
vt 0.040155 0.356921
vt 0.063699 0.385355
vt 0.059327 0.388532
vt 0.055836 0.391068
vt 0.038791 0.357616
vt 0.087172 0.412829
vt 0.083466 0.416534
vt 0.114645 0.436301
vt 0.111468 0.440673
vt 0.108932 0.444164
vt 0.082384 0.417616
vt 0.145458 0.455176
vt 0.143079 0.459845
vt 0.178840 0.469010
vt 0.177169 0.474150
vt 0.175836 0.478254
vt 0.142384 0.461209
vt 0.213977 0.477439
vt 0.213158 0.482614
vt 0.212918 0.484127
vt 0.300000 1.000000
vt 0.675000 1.000000
vt 0.950000 1.000000
vt 0.600000 1.000000
vt 0.975000 1.000000
vt 0.750000 1.000000
vt 0.700000 1.000000
vt 0.650000 1.000000
vt 0.575000 1.000000
vt 0.550000 1.000000
vt 0.525000 1.000000
vt 0.450000 1.000000
vt 0.425000 1.000000
vt 0.400000 1.000000
vt 0.350000 1.000000
vt 0.300000 1.000000
vt 0.275000 1.000000
vt 0.250000 1.000000
vt 0.200000 1.000000
vt 0.075000 1.000000
vt 0.050000 1.000000
vt 0.750000 0.291013
vt 0.743645 0.290600
vt 0.743509 0.292679
vt 0.748240 0.318371
vt 0.737533 0.288369
vt 0.737516 0.288422
vt 0.737326 0.289006
vt 0.850000 0.500000
vt 0.800000 0.500000
vt 0.075000 0.500000
vt 0.100000 0.500000
vt 0.790009 0.256337
vt 0.887068 0.271709
vt 0.890507 0.250000
vt 0.883630 0.293419
vt 0.978254 0.324164
vt 0.984127 0.287082
vt 0.990000 0.250000
vt 0.782639 0.226286
vt 0.785946 0.231685
vt 0.785970 0.231672
vt 0.782684 0.226254
vt 0.788369 0.237533
vt 0.788422 0.237516
vt 0.789006 0.237326
vt 0.786093 0.231610
vt 0.783180 0.225893
vt 0.737533 0.211631
vt 0.743689 0.210154
vt 0.743685 0.210127
vt 0.737516 0.211578
vt 0.750000 0.209656
vt 0.750000 0.209600
vt 0.750000 0.208987
vt 0.743663 0.209991
vt 0.737326 0.210994
vt 0.900000 0.500000
vt 0.768390 0.213907
vt 0.813003 0.126349
vt 0.793419 0.116370
vt 0.832588 0.136328
vt 0.891069 0.055836
vt 0.857616 0.038791
vt 0.824164 0.021746
vt 0.716820 0.225893
vt 0.636328 0.167412
vt 0.634011 0.165947
vt 0.693652 0.211236
vt 0.555836 0.108932
vt 0.721357 0.221357
vt 0.651870 0.151870
vt 0.667412 0.136328
vt 0.608932 0.055836
vt 0.582384 0.082384
vt 0.790600 0.243645
vt 0.792679 0.243509
vt 0.818371 0.248240
vt 0.791013 0.250000
vt 0.756502 0.209423
vt 0.757015 0.207404
vt 0.769454 0.184431
vt 0.762674 0.210994
vt 0.756337 0.209991
vt 0.713907 0.268390
vt 0.626349 0.313003
vt 0.636328 0.332588
vt 0.616370 0.293419
vt 0.521747 0.324164
vt 0.538791 0.357616
vt 0.555836 0.391069
vt 0.925000 0.500000
vt 0.665947 0.134011
vt 0.711236 0.193652
vt 0.725893 0.216820
vt 0.667412 0.136328
vt 0.756337 0.290009
vt 0.771710 0.387068
vt 0.793419 0.383630
vt 0.750000 0.390507
vt 0.750000 0.490000
vt 0.787082 0.484127
vt 0.824164 0.478254
vt 0.225000 0.500000
vt 0.200000 0.500000
vt 0.225000 0.500000
vt 0.786649 0.268590
vt 0.788584 0.269362
vt 0.814481 0.272802
vt 0.782639 0.273714
vt 0.782684 0.273746
vt 0.783180 0.274107
vt 0.786093 0.268390
vt 0.789006 0.262674
vt 0.731685 0.285946
vt 0.731672 0.285970
vt 0.726286 0.282639
vt 0.726254 0.282684
vt 0.725893 0.283180
vt 0.731610 0.286093
vt 0.774107 0.283180
vt 0.768390 0.286093
vt 0.812891 0.373496
vt 0.831465 0.362127
vt 0.857616 0.461209
vt 0.891068 0.444164
vt 0.847863 0.347863
vt 0.862127 0.331465
vt 0.917616 0.417616
vt 0.944164 0.391068
vt 0.873496 0.312891
vt 0.961209 0.357616
vt 0.886886 0.228350
vt 0.881813 0.207171
vt 0.984127 0.212918
vt 0.978254 0.175836
vt 0.873315 0.187168
vt 0.862127 0.168535
vt 0.961209 0.142384
vt 0.944164 0.108932
vt 0.847975 0.151982
vt 0.917616 0.082384
vt 0.731610 0.213907
vt 0.687056 0.126531
vt 0.707171 0.118187
vt 0.675836 0.021746
vt 0.642384 0.038791
vt 0.710994 0.237326
vt 0.713907 0.231610
vt 0.626531 0.187056
vt 0.618187 0.207171
vt 0.538791 0.142384
vt 0.521746 0.175836
vt 0.708987 0.250000
vt 0.709991 0.243663
vt 0.613305 0.228350
vt 0.611404 0.250000
vt 0.515873 0.212918
vt 0.510000 0.250000
vt 0.709991 0.256337
vt 0.613123 0.271709
vt 0.515873 0.287082
vt 0.721357 0.278644
vt 0.651982 0.347975
vt 0.668535 0.362127
vt 0.582384 0.417616
vt 0.608932 0.444164
vt 0.687168 0.373315
vt 0.707171 0.381813
vt 0.642384 0.461209
vt 0.675836 0.478254
vt 0.771709 0.113123
vt 0.750000 0.111404
vt 0.787082 0.015873
vt 0.750000 0.010000
vt 0.728350 0.113305
vt 0.712918 0.015873
vt 0.728350 0.386886
vt 0.712918 0.484127
vt 0.550000 0.500000
vt 0.500000 0.500000
vt 0.525000 0.500000
vt 0.779005 0.220889
vt 0.780338 0.219288
vt 0.791612 0.195721
vt 0.475000 0.500000
vt 0.450000 0.500000
vt 0.475000 0.500000
vt 0.613714 0.294097
vt 0.684431 0.269454
vt 0.750000 0.500000
vt 0.794432 0.386177
vt 0.772802 0.314481
vt 0.824164 0.478254
vt 0.025000 0.500000
vt 0.025000 0.500000
vt 0.731277 0.213419
vt 0.730166 0.211657
vt 0.634218 0.334338
vt 0.695721 0.291612
vt 0.650000 0.500000
vt 0.625000 0.500000
vt 0.886177 0.294432
vt 0.978254 0.324164
vt 0.711631 0.237533
vt 0.713419 0.231277
vt 0.711657 0.230166
vt 0.711578 0.237516
vt 0.893242 0.249824
vt 0.709656 0.250000
vt 0.710154 0.243689
vt 0.710127 0.243685
vt 0.709600 0.250000
vt 0.749824 0.393242
vt 0.750000 0.490000
vt 0.400000 0.500000
vt 0.709424 0.256502
vt 0.707404 0.257015
vt 0.773714 0.282639
vt 0.768590 0.286649
vt 0.769362 0.288584
vt 0.773746 0.282684
vt 0.325000 0.500000
vt 0.350000 0.500000
vt 0.834338 0.134218
vt 0.891069 0.055836
vt 0.720889 0.279005
vt 0.719288 0.280338
vt 0.778527 0.278527
vt 0.778546 0.278546
vt 0.275000 0.500000
vt 0.794097 0.113714
vt 0.824164 0.021746
vt 0.768332 0.285984
vt 0.773746 0.282684
vt 0.762502 0.288475
vt 0.778546 0.278546
vt 0.782684 0.273746
vt 0.785983 0.268332
vt 0.788475 0.262501
vt 0.789901 0.256320
vt 0.790455 0.250000
vt 0.789887 0.243685
vt 0.788422 0.237516
vt 0.785970 0.231672
vt 0.782684 0.226254
vt 0.778554 0.221443
vt 0.773779 0.217271
vt 0.768340 0.214005
vt 0.762501 0.211525
vt 0.731664 0.214018
vt 0.726221 0.217271
vt 0.737516 0.211578
vt 0.721434 0.221434
vt 0.717271 0.226221
vt 0.714018 0.231664
vt 0.711578 0.237516
vt 0.710127 0.243685
vt 0.709600 0.250000
vt 0.710113 0.256320
vt 0.711525 0.262501
vt 0.714005 0.268340
vt 0.717271 0.273779
vt 0.721443 0.278554
vt 0.726254 0.282684
vt 0.731672 0.285970
vt 0.737516 0.288422
vt 0.756320 0.289901
vt 0.750000 0.290455
vt 0.756320 0.210113
vt 0.750000 0.209600
vt 0.743685 0.210127
vt 0.743685 0.289887
vt 0.975000 0.576389
vt 0.975000 0.508681
vt 0.950000 0.583333
vt 0.950000 0.510417
vt 0.975000 0.991320
vt 0.950000 0.989583
vt 0.925000 0.583333
vt 0.925000 0.510417
vt 0.900000 0.583333
vt 0.900000 0.510417
vt 0.925000 0.989583
vt 0.900000 0.989583
vt 0.875000 0.583333
vt 0.875000 0.510417
vt 0.850000 0.583333
vt 0.850000 0.510417
vt 0.875000 0.989583
vt 0.850000 0.989583
vt 0.825000 0.583333
vt 0.825000 0.510417
vt 0.800000 0.583333
vt 0.800000 0.510417
vt 0.825000 0.989583
vt 0.800000 0.989583
vt 0.775000 0.583333
vt 0.775000 0.510417
vt 0.750000 0.583333
vt 0.750000 0.510417
vt 0.775000 0.989583
vt 0.750000 0.989583
vt 0.725000 0.583333
vt 0.725000 0.510417
vt 0.700000 0.583333
vt 0.700000 0.510417
vt 0.725000 0.989583
vt 0.700000 0.989583
vt 0.675000 0.583333
vt 0.675000 0.510417
vt 0.650000 0.583333
vt 0.650000 0.510417
vt 0.675000 0.989583
vt 0.650000 0.989583
vt 0.625000 0.583333
vt 0.625000 0.510417
vt 0.600000 0.583333
vt 0.600000 0.510417
vt 0.625000 0.989583
vt 0.600000 0.989583
vt 0.575000 0.583333
vt 0.575000 0.510417
vt 0.550000 0.583333
vt 0.550000 0.510417
vt 0.575000 0.989583
vt 0.550000 0.989583
vt 0.525000 0.583333
vt 0.525000 0.510417
vt 0.500000 0.583333
vt 0.500000 0.510417
vt 0.525000 0.989583
vt 0.500000 0.989583
vt 0.475000 0.583333
vt 0.475000 0.510417
vt 0.450000 0.583333
vt 0.450000 0.510417
vt 0.475000 0.989583
vt 0.450000 0.989583
vt 0.425000 0.583333
vt 0.425000 0.510417
vt 0.400000 0.583333
vt 0.400000 0.510417
vt 0.425000 0.989583
vt 0.400000 0.989583
vt 0.375000 0.583333
vt 0.375000 0.510417
vt 0.350000 0.583333
vt 0.350000 0.510417
vt 0.375000 0.989583
vt 0.350000 0.989583
vt 0.325000 0.583333
vt 0.325000 0.510417
vt 0.300000 0.583333
vt 0.300000 0.510417
vt 0.325000 0.989583
vt 0.300000 0.989583
vt 0.275000 0.583333
vt 0.275000 0.510417
vt 0.250000 0.583333
vt 0.250000 0.510417
vt 0.275000 0.989583
vt 0.250000 0.989583
vt 0.225000 0.583333
vt 0.225000 0.510417
vt 0.200000 0.583333
vt 0.200000 0.510417
vt 0.225000 0.989583
vt 0.200000 0.989583
vt 0.175000 0.583333
vt 0.175000 0.510417
vt 0.150000 0.583333
vt 0.150000 0.510417
vt 0.175000 0.989583
vt 0.150000 0.989583
vt 0.125000 0.583333
vt 0.125000 0.510417
vt 0.100000 0.583333
vt 0.100000 0.510417
vt 0.125000 0.989583
vt 0.100000 0.989583
vt 0.075000 0.583333
vt 0.075000 0.510417
vt 0.050000 0.583333
vt 0.050000 0.510417
vt 0.075000 0.989583
vt 0.050000 0.989583
vt 0.025000 0.576389
vt 0.025000 0.508681
vt 0.025000 0.991320
vt 0.283156 0.459337
vt 0.250000 0.463659
vt 0.316024 0.453202
vt 0.346222 0.438845
vt 0.375585 0.422854
vt 0.399869 0.399869
vt 0.422854 0.375585
vt 0.438845 0.346222
vt 0.453202 0.316024
vt 0.459337 0.283156
vt 0.463659 0.250000
vt 0.459337 0.216844
vt 0.453202 0.183976
vt 0.438845 0.153779
vt 0.422854 0.124415
vt 0.399869 0.100132
vt 0.375585 0.077147
vt 0.346222 0.061155
vt 0.316024 0.046799
vt 0.283156 0.040663
vt 0.250000 0.036341
vt 0.216844 0.040663
vt 0.183976 0.046799
vt 0.153779 0.061155
vt 0.124415 0.077147
vt 0.100132 0.100132
vt 0.077147 0.124415
vt 0.061155 0.153779
vt 0.046799 0.183976
vt 0.040663 0.216844
vt 0.036341 0.250000
vt 0.040663 0.283156
vt 0.046799 0.316024
vt 0.061155 0.346222
vt 0.077147 0.375585
vt 0.100132 0.399869
vt 0.124415 0.422854
vt 0.153779 0.438845
vt 0.183976 0.453202
vt 0.216844 0.459337
s 0
usemtl Material.007
f 2403/1/1 603/2/1 1781/3/1 2423/4/1
f 2363/5/2 2/6/2 1662/7/2 2383/8/2
f 2383/8/3 1662/7/3 4/9/3 2364/10/3
f 2423/4/4 1781/3/4 604/11/4 2404/12/4
f 2404/12/5 604/11/5 1782/13/5 2424/14/5
f 2364/10/6 4/9/6 1664/15/6 2384/16/6
f 2384/16/7 1664/15/7 6/17/7 2365/18/7
f 2424/14/8 1782/13/8 607/19/8 2405/20/8
f 2405/20/9 607/19/9 1783/21/9 2425/22/9
f 2365/18/10 6/17/10 1666/23/10 2385/24/10
f 2385/24/11 1666/23/11 8/25/11 2366/26/11
f 2425/22/12 1783/21/12 610/27/12 2406/28/12
f 2406/28/13 610/27/13 1784/29/13 2426/30/13
f 2366/26/14 8/25/14 1668/31/14 2386/32/14
f 2386/32/15 1668/31/15 10/33/15 2367/34/15
f 2426/30/16 1784/29/16 613/35/16 2407/36/16
f 2407/36/17 613/35/17 1785/37/17 2427/38/17
f 2367/34/18 10/33/18 1670/39/18 2387/40/18
f 2387/40/19 1670/39/19 12/41/19 2368/42/19
f 2427/38/20 1785/37/20 616/43/20 2408/44/20
f 2408/44/21 616/43/21 1786/45/21 2428/46/21
f 2368/42/22 12/41/22 1672/47/22 2388/48/22
f 2388/48/23 1672/47/23 14/49/23 2369/50/23
f 2428/46/24 1786/45/24 619/51/24 2409/52/24
f 2409/52/25 619/51/25 1787/53/25 2429/54/25
f 2369/50/26 14/49/26 1674/55/26 2389/56/26
f 2389/56/27 1674/55/27 16/57/27 2370/58/27
f 2429/54/28 1787/53/28 622/59/28 2410/60/28
f 2410/60/29 622/59/29 1788/61/29 2430/62/29
f 2370/58/30 16/57/30 1676/63/30 2390/64/30
f 2390/64/31 1676/63/31 18/65/31 2371/66/31
f 2430/62/32 1788/61/32 625/67/32 2411/68/32
f 2411/68/33 625/67/33 1789/69/33 2431/70/33
f 2371/66/34 18/65/34 1678/71/34 2391/72/34
f 2391/72/35 1678/71/35 20/73/35 2372/74/35
f 2431/70/36 1789/69/36 628/75/36 2412/76/36
f 2412/76/37 628/75/37 1790/77/37 2432/78/37
f 2372/74/38 20/73/38 1680/79/38 2392/80/38
f 2392/80/39 1680/79/39 22/81/39 2373/82/39
f 2432/78/40 1790/77/40 631/83/40 2413/84/40
f 2413/84/41 631/83/41 1791/85/41 2433/86/41
f 2373/82/42 22/81/42 1682/87/42 2393/88/42
f 2393/88/43 1682/87/43 24/89/43 2374/90/43
f 2433/86/44 1791/85/44 634/91/44 2414/92/44
f 2414/92/45 634/91/45 1792/93/45 2434/94/45
f 2374/90/46 24/89/46 1684/95/46 2394/96/46
f 2394/96/47 1684/95/47 26/97/47 2375/98/47
f 2434/94/48 1792/93/48 637/99/48 2415/100/48
f 2415/100/49 637/99/49 1793/101/49 2435/102/49
f 2375/98/50 26/97/50 1686/103/50 2395/104/50
f 2395/104/51 1686/103/51 28/105/51 2376/106/51
f 2435/102/52 1793/101/52 640/107/52 2416/108/52
f 2416/108/53 640/107/53 1794/109/53 2436/110/53
f 2376/106/54 28/105/54 1688/111/54 2396/112/54
f 2396/112/55 1688/111/55 30/113/55 2377/114/55
f 2436/110/56 1794/109/56 643/115/56 2417/116/56
f 2417/116/57 643/115/57 1795/117/57 2437/118/57
f 2377/114/58 30/113/58 1690/119/58 2397/120/58
f 2397/120/59 1690/119/59 32/121/59 2378/122/59
f 2437/118/60 1795/117/60 646/123/60 2418/124/60
f 2418/124/61 646/123/61 1796/125/61 2438/126/61
f 2378/122/62 32/121/62 1692/127/62 2398/128/62
f 2398/128/63 1692/127/63 34/129/63 2379/130/63
f 2438/126/64 1796/125/64 649/131/64 2419/132/64
f 2419/132/65 649/131/65 1797/133/65 2439/134/65
f 2379/130/66 34/129/66 1694/135/66 2399/136/66
f 2399/136/67 1694/135/67 36/137/67 2380/138/67
f 2439/134/68 1797/133/68 652/139/68 2420/140/68
f 2420/140/69 652/139/69 1798/141/69 2440/142/69
f 2380/138/70 36/137/70 1696/143/70 2400/144/70
f 2400/144/71 1696/143/71 38/145/71 2381/146/71
f 2440/142/72 1798/141/72 655/147/72 2421/148/72
f 556/149/73 621/150/73 1799/151/73 682/152/73
f 621/150/74 554/153/74 681/154/74 1799/151/74
f 1799/151/75 681/154/75 47/153/75 667/150/75
f 682/152/76 1799/151/76 667/150/76 48/149/76
f 2421/148/77 655/147/77 1800/155/77 2441/156/77
f 2381/146/78 38/145/78 1698/157/78 2401/158/78
f 2401/158/79 1698/157/79 40/159/79 2382/160/79
f 2441/156/80 1800/155/80 658/161/80 2422/162/80
f 2422/162/81 658/161/81 1801/163/81 2442/164/81
f 2382/160/82 40/159/82 1700/165/82 2402/166/82
f 2402/166/83 1700/165/83 2/167/83 2363/168/83
f 2442/164/84 1801/163/84 603/169/84 2403/170/84
f 2444/171/17 2463/172/17 1802/173/17 1122/174/17
f 2463/172/20 2443/175/20 1121/176/20 1802/173/20
f 2503/173/85 2483/177/85 266/177/85 1105/178/85
f 2484/179/86 2503/173/86 1105/178/86 265/180/86
f 54/181/87 673/182/87 1803/183/87 722/184/87
f 673/182/88 53/185/88 721/186/88 1803/183/88
f 1803/183/89 721/186/89 73/185/89 713/182/89
f 722/184/90 1803/183/90 713/182/90 74/181/90
f 566/185/91 636/187/91 1804/188/91 684/186/91
f 636/187/92 564/189/92 683/190/92 1804/188/92
f 1804/188/93 683/190/93 52/189/93 672/187/93
f 684/186/94 1804/188/94 672/187/94 53/185/94
f 576/191/95 651/192/95 1805/193/95 686/194/95
f 651/192/96 574/195/96 685/196/96 1805/193/96
f 1805/193/97 685/196/97 57/195/97 677/192/97
f 686/194/98 1805/193/98 677/192/98 58/191/98
f 552/197/99 615/198/99 1806/199/99 688/200/99
f 615/198/100 550/201/100 687/202/100 1806/199/100
f 1806/199/101 687/202/101 45/201/101 665/198/101
f 688/200/102 1806/199/102 665/198/102 46/197/102
f 562/203/103 630/204/103 1807/205/103 690/206/103
f 630/204/104 560/207/104 689/208/104 1807/205/104
f 1807/205/105 689/208/105 50/207/105 670/204/105
f 690/206/106 1807/205/106 670/204/106 51/203/106
f 572/209/107 645/210/107 1808/210/107 692/211/107
f 645/210/108 570/212/108 691/213/108 1808/210/108
f 1808/210/109 691/213/109 55/212/109 675/210/109
f 692/211/110 1808/210/110 675/210/110 56/209/110
f 544/167/111 660/214/111 1809/214/111 694/215/111
f 660/214/112 580/216/112 693/216/112 1809/214/112
f 1809/214/113 693/216/113 60/216/113 680/214/113
f 694/215/114 1809/214/114 680/214/114 41/167/114
f 548/217/115 609/218/115 1810/219/115 696/220/115
f 609/218/116 546/221/116 695/222/116 1810/219/116
f 1810/219/117 695/222/117 43/221/117 663/218/117
f 696/220/118 1810/219/118 663/218/118 44/217/118
f 558/223/119 624/224/119 1811/225/119 697/226/119
f 624/224/120 556/149/120 682/152/120 1811/225/120
f 1811/225/121 682/152/121 48/149/121 668/224/121
f 697/226/122 1811/225/122 668/224/122 49/223/122
f 543/227/123 602/228/123 1812/228/123 698/229/123
f 602/228/124 544/6/124 694/230/124 1812/228/124
f 1812/228/125 694/230/125 41/6/125 661/228/125
f 698/229/126 1812/228/126 661/228/126 42/227/126
f 568/181/127 639/182/127 1813/183/127 699/184/127
f 639/182/128 566/185/128 684/186/128 1813/183/128
f 1813/183/129 684/186/129 53/185/129 673/182/129
f 699/184/130 1813/183/130 673/182/130 54/181/130
f 578/231/131 654/232/131 1814/232/131 700/233/131
f 654/232/132 576/191/132 686/194/132 1814/232/132
f 1814/232/133 686/194/133 58/191/133 678/232/133
f 700/233/134 1814/232/134 678/232/134 59/231/134
f 554/153/135 618/234/135 1815/235/135 681/154/135
f 618/234/136 552/197/136 688/200/136 1815/235/136
f 1815/235/137 688/200/137 46/197/137 666/234/137
f 681/154/138 1815/235/138 666/234/138 47/153/138
f 564/189/139 633/236/139 1816/237/139 683/190/139
f 633/236/140 562/203/140 690/206/140 1816/237/140
f 1816/237/141 690/206/141 51/203/141 671/236/141
f 683/190/142 1816/237/142 671/236/142 52/189/142
f 574/195/143 648/238/143 1817/238/143 685/196/143
f 648/238/144 572/209/144 692/211/144 1817/238/144
f 1817/238/145 692/211/145 56/209/145 676/238/145
f 685/196/146 1817/238/146 676/238/146 57/195/146
f 550/201/147 612/239/147 1818/240/147 687/202/147
f 612/239/148 548/217/148 696/220/148 1818/240/148
f 1818/240/149 696/220/149 44/217/149 664/239/149
f 687/202/150 1818/240/150 664/239/150 45/201/150
f 560/207/151 627/241/151 1819/241/151 689/208/151
f 627/241/152 558/223/152 697/226/152 1819/241/152
f 1819/241/153 697/226/153 49/223/153 669/241/153
f 689/208/154 1819/241/154 669/241/154 50/207/154
f 570/212/155 642/242/155 1820/243/155 691/213/155
f 642/242/156 568/181/156 699/184/156 1820/243/156
f 1820/243/157 699/184/157 54/181/157 674/242/157
f 691/213/158 1820/243/158 674/242/158 55/212/158
f 580/216/159 657/244/159 1821/244/159 693/216/159
f 657/244/160 578/231/160 700/233/160 1821/244/160
f 1821/244/161 700/233/161 59/231/161 679/244/161
f 693/216/162 1821/244/162 679/244/162 60/216/162
f 546/221/163 606/245/163 1822/245/163 695/222/163
f 606/245/164 543/227/164 698/229/164 1822/245/164
f 1822/245/165 698/229/165 42/227/165 662/245/165
f 695/222/166 1822/245/166 662/245/166 43/221/166
f 71/203/167 710/204/167 1823/205/167 762/206/167
f 710/204/168 70/207/168 761/208/168 1823/205/168
f 1823/205/169 761/208/169 90/207/169 750/204/169
f 762/206/170 1823/205/170 750/204/170 91/203/170
f 47/153/171 666/234/171 1824/235/171 724/154/171
f 666/234/172 46/197/172 723/200/172 1824/235/172
f 1824/235/173 723/200/173 66/197/173 706/234/173
f 724/154/174 1824/235/174 706/234/174 67/153/174
f 55/212/175 674/242/175 1825/243/175 725/213/175
f 674/242/176 54/181/176 722/184/176 1825/243/176
f 1825/243/177 722/184/177 74/181/177 714/242/177
f 725/213/178 1825/243/178 714/242/178 75/212/178
f 48/149/179 667/150/179 1826/151/179 726/152/179
f 667/150/180 47/153/180 724/154/180 1826/151/180
f 1826/151/181 724/154/181 67/153/181 707/150/181
f 726/152/182 1826/151/182 707/150/182 68/149/182
f 56/209/183 675/210/183 1827/210/183 727/211/183
f 675/210/184 55/212/184 725/213/184 1827/210/184
f 1827/210/185 725/213/185 75/212/185 715/210/185
f 727/211/186 1827/210/186 715/210/186 76/209/186
f 49/223/187 668/224/187 1828/225/187 728/226/187
f 668/224/188 48/149/188 726/152/188 1828/225/188
f 1828/225/189 726/152/189 68/149/189 708/224/189
f 728/226/190 1828/225/190 708/224/190 69/223/190
f 42/227/191 661/228/191 1829/228/191 730/229/191
f 661/228/192 41/6/192 729/230/192 1829/228/192
f 1829/228/193 729/230/193 61/6/193 701/228/193
f 730/229/194 1829/228/194 701/228/194 62/227/194
f 57/195/195 676/238/195 1830/238/195 731/196/195
f 676/238/196 56/209/196 727/211/196 1830/238/196
f 1830/238/197 727/211/197 76/209/197 716/238/197
f 731/196/198 1830/238/198 716/238/198 77/195/198
f 50/207/199 669/241/199 1831/241/199 732/208/199
f 669/241/200 49/223/200 728/226/200 1831/241/200
f 1831/241/201 728/226/201 69/223/201 709/241/201
f 732/208/202 1831/241/202 709/241/202 70/207/202
f 43/221/203 662/245/203 1832/245/203 733/222/203
f 662/245/204 42/227/204 730/229/204 1832/245/204
f 1832/245/205 730/229/205 62/227/205 702/245/205
f 733/222/206 1832/245/206 702/245/206 63/221/206
f 58/191/207 677/192/207 1833/193/207 734/194/207
f 677/192/208 57/195/208 731/196/208 1833/193/208
f 1833/193/209 731/196/209 77/195/209 717/192/209
f 734/194/210 1833/193/210 717/192/210 78/191/210
f 51/203/211 670/204/211 1834/205/211 735/206/211
f 670/204/212 50/207/212 732/208/212 1834/205/212
f 1834/205/213 732/208/213 70/207/213 710/204/213
f 735/206/214 1834/205/214 710/204/214 71/203/214
f 44/217/215 663/218/215 1835/219/215 736/220/215
f 663/218/216 43/221/216 733/222/216 1835/219/216
f 1835/219/217 733/222/217 63/221/217 703/218/217
f 736/220/218 1835/219/218 703/218/218 64/217/218
f 59/231/219 678/232/219 1836/232/219 737/233/219
f 678/232/220 58/191/220 734/194/220 1836/232/220
f 1836/232/221 734/194/221 78/191/221 718/232/221
f 737/233/222 1836/232/222 718/232/222 79/231/222
f 52/189/223 671/236/223 1837/237/223 738/190/223
f 671/236/224 51/203/224 735/206/224 1837/237/224
f 1837/237/225 735/206/225 71/203/225 711/236/225
f 738/190/226 1837/237/226 711/236/226 72/189/226
f 45/201/227 664/239/227 1838/240/227 739/202/227
f 664/239/228 44/217/228 736/220/228 1838/240/228
f 1838/240/229 736/220/229 64/217/229 704/239/229
f 739/202/230 1838/240/230 704/239/230 65/201/230
f 60/216/231 679/244/231 1839/244/231 740/246/231
f 679/244/232 59/231/232 737/233/232 1839/244/232
f 1839/244/233 737/233/233 79/231/233 719/244/233
f 740/246/234 1839/244/234 719/244/234 80/216/234
f 53/185/235 672/187/235 1840/188/235 721/186/235
f 672/187/236 52/189/236 738/190/236 1840/188/236
f 1840/188/237 738/190/237 72/189/237 712/187/237
f 721/186/238 1840/188/238 712/187/238 73/185/238
f 46/197/239 665/198/239 1841/199/239 723/200/239
f 665/198/240 45/201/240 739/202/240 1841/199/240
f 1841/199/241 739/202/241 65/201/241 705/198/241
f 723/200/242 1841/199/242 705/198/242 66/197/242
f 41/167/243 680/214/243 1842/214/243 729/215/243
f 680/214/244 60/216/244 740/246/244 1842/214/244
f 1842/214/245 740/246/245 80/216/245 720/214/245
f 729/215/246 1842/214/246 720/214/246 61/167/246
f 88/149/247 747/150/247 1843/151/247 802/152/247
f 747/150/248 87/153/248 801/154/248 1843/151/248
f 1843/151/249 801/154/249 107/153/249 787/150/249
f 802/152/250 1843/151/250 787/150/250 108/149/250
f 64/217/251 703/218/251 1844/219/251 764/220/251
f 703/218/252 63/221/252 763/222/252 1844/219/252
f 1844/219/253 763/222/253 83/221/253 743/218/253
f 764/220/254 1844/219/254 743/218/254 84/217/254
f 79/231/255 718/232/255 1845/232/255 766/233/255
f 718/232/256 78/191/256 765/194/256 1845/232/256
f 1845/232/257 765/194/257 98/191/257 758/232/257
f 766/233/258 1845/232/258 758/232/258 99/231/258
f 72/189/259 711/236/259 1846/237/259 767/190/259
f 711/236/260 71/203/260 762/206/260 1846/237/260
f 1846/237/261 762/206/261 91/203/261 751/236/261
f 767/190/262 1846/237/262 751/236/262 92/189/262
f 65/201/263 704/239/263 1847/240/263 768/202/263
f 704/239/264 64/217/264 764/220/264 1847/240/264
f 1847/240/265 764/220/265 84/217/265 744/239/265
f 768/202/266 1847/240/266 744/239/266 85/201/266
f 80/216/267 719/244/267 1848/244/267 769/246/267
f 719/244/268 79/231/268 766/233/268 1848/244/268
f 1848/244/269 766/233/269 99/231/269 759/244/269
f 769/246/270 1848/244/270 759/244/270 100/216/270
f 73/185/271 712/187/271 1849/188/271 770/186/271
f 712/187/272 72/189/272 767/190/272 1849/188/272
f 1849/188/273 767/190/273 92/189/273 752/187/273
f 770/186/274 1849/188/274 752/187/274 93/185/274
f 66/197/275 705/198/275 1850/199/275 771/200/275
f 705/198/276 65/201/276 768/202/276 1850/199/276
f 1850/199/277 768/202/277 85/201/277 745/198/277
f 771/200/278 1850/199/278 745/198/278 86/197/278
f 61/167/279 720/214/279 1851/214/279 772/215/279
f 720/214/280 80/216/280 769/246/280 1851/214/280
f 1851/214/281 769/246/281 100/216/281 760/214/281
f 772/215/282 1851/214/282 760/214/282 81/167/282
f 74/181/283 713/182/283 1852/183/283 773/184/283
f 713/182/284 73/185/284 770/186/284 1852/183/284
f 1852/183/285 770/186/285 93/185/285 753/182/285
f 773/184/286 1852/183/286 753/182/286 94/181/286
f 67/153/287 706/234/287 1853/235/287 774/154/287
f 706/234/288 66/197/288 771/200/288 1853/235/288
f 1853/235/289 771/200/289 86/197/289 746/234/289
f 774/154/290 1853/235/290 746/234/290 87/153/290
f 75/212/291 714/242/291 1854/243/291 775/213/291
f 714/242/292 74/181/292 773/184/292 1854/243/292
f 1854/243/293 773/184/293 94/181/293 754/242/293
f 775/213/294 1854/243/294 754/242/294 95/212/294
f 68/149/295 707/150/295 1855/151/295 776/152/295
f 707/150/296 67/153/296 774/154/296 1855/151/296
f 1855/151/297 774/154/297 87/153/297 747/150/297
f 776/152/298 1855/151/298 747/150/298 88/149/298
f 76/209/299 715/210/299 1856/210/299 777/211/299
f 715/210/300 75/212/300 775/213/300 1856/210/300
f 1856/210/301 775/213/301 95/212/301 755/210/301
f 777/211/302 1856/210/302 755/210/302 96/209/302
f 69/223/303 708/224/303 1857/225/303 778/226/303
f 708/224/304 68/149/304 776/152/304 1857/225/304
f 1857/225/305 776/152/305 88/149/305 748/224/305
f 778/226/306 1857/225/306 748/224/306 89/223/306
f 62/227/307 701/228/307 1858/228/307 779/229/307
f 701/228/308 61/6/308 772/230/308 1858/228/308
f 1858/228/309 772/230/309 81/6/309 741/228/309
f 779/229/310 1858/228/310 741/228/310 82/227/310
f 77/195/311 716/238/311 1859/238/311 780/196/311
f 716/238/312 76/209/312 777/211/312 1859/238/312
f 1859/238/313 777/211/313 96/209/313 756/238/313
f 780/196/314 1859/238/314 756/238/314 97/195/314
f 70/207/315 709/241/315 1860/241/315 761/208/315
f 709/241/316 69/223/316 778/226/316 1860/241/316
f 1860/241/317 778/226/317 89/223/317 749/241/317
f 761/208/318 1860/241/318 749/241/318 90/207/318
f 63/221/319 702/245/319 1861/245/319 763/222/319
f 702/245/320 62/227/320 779/229/320 1861/245/320
f 1861/245/321 779/229/321 82/227/321 742/245/321
f 763/222/322 1861/245/322 742/245/322 83/221/322
f 78/191/323 717/192/323 1862/193/323 765/194/323
f 717/192/324 77/195/324 780/196/324 1862/193/324
f 1862/193/325 780/196/325 97/195/325 757/192/325
f 765/194/326 1862/193/326 757/192/326 98/191/326
f 105/201/327 784/239/327 1863/240/327 842/202/327
f 784/239/328 104/217/328 841/220/328 1863/240/328
f 1863/240/329 841/220/329 424/217/329 824/239/329
f 842/202/330 1863/240/330 824/239/330 425/201/330
f 96/209/331 755/210/331 1864/210/331 804/211/331
f 755/210/332 95/212/332 803/213/332 1864/210/332
f 1864/210/333 803/213/333 115/212/333 795/210/333
f 804/211/334 1864/210/334 795/210/334 116/209/334
f 89/223/335 748/224/335 1865/225/335 805/226/335
f 748/224/336 88/149/336 802/152/336 1865/225/336
f 1865/225/337 802/152/337 108/149/337 788/224/337
f 805/226/338 1865/225/338 788/224/338 109/223/338
f 82/227/339 741/228/339 1866/228/339 807/229/339
f 741/228/340 81/6/340 806/230/340 1866/228/340
f 1866/228/341 806/230/341 101/6/341 781/228/341
f 807/229/342 1866/228/342 781/228/342 102/227/342
f 97/195/343 756/238/343 1867/238/343 808/196/343
f 756/238/344 96/209/344 804/211/344 1867/238/344
f 1867/238/345 804/211/345 116/209/345 796/238/345
f 808/196/346 1867/238/346 796/238/346 117/195/346
f 90/207/347 749/241/347 1868/241/347 809/208/347
f 749/241/348 89/223/348 805/226/348 1868/241/348
f 1868/241/349 805/226/349 109/223/349 789/241/349
f 809/208/350 1868/241/350 789/241/350 110/207/350
f 83/221/351 742/245/351 1869/245/351 810/222/351
f 742/245/352 82/227/352 807/229/352 1869/245/352
f 1869/245/353 807/229/353 102/227/353 782/245/353
f 810/222/354 1869/245/354 782/245/354 103/221/354
f 98/191/355 757/192/355 1870/193/355 811/194/355
f 757/192/356 97/195/356 808/196/356 1870/193/356
f 1870/193/357 808/196/357 117/195/357 797/192/357
f 811/194/358 1870/193/358 797/192/358 118/191/358
f 91/203/359 750/204/359 1871/205/359 812/206/359
f 750/204/360 90/207/360 809/208/360 1871/205/360
f 1871/205/361 809/208/361 110/207/361 790/204/361
f 812/206/362 1871/205/362 790/204/362 111/203/362
f 84/217/363 743/218/363 1872/219/363 813/220/363
f 743/218/364 83/221/364 810/222/364 1872/219/364
f 1872/219/365 810/222/365 103/221/365 783/218/365
f 813/220/366 1872/219/366 783/218/366 104/217/366
f 99/231/367 758/232/367 1873/232/367 814/233/367
f 758/232/368 98/191/368 811/194/368 1873/232/368
f 1873/232/369 811/194/369 118/191/369 798/232/369
f 814/233/370 1873/232/370 798/232/370 119/231/370
f 92/189/371 751/236/371 1874/237/371 815/190/371
f 751/236/372 91/203/372 812/206/372 1874/237/372
f 1874/237/373 812/206/373 111/203/373 791/236/373
f 815/190/374 1874/237/374 791/236/374 112/189/374
f 85/201/375 744/239/375 1875/240/375 816/202/375
f 744/239/376 84/217/376 813/220/376 1875/240/376
f 1875/240/377 813/220/377 104/217/377 784/239/377
f 816/202/378 1875/240/378 784/239/378 105/201/378
f 100/216/379 759/244/379 1876/244/379 817/246/379
f 759/244/380 99/231/380 814/233/380 1876/244/380
f 1876/244/381 814/233/381 119/231/381 799/244/381
f 817/246/382 1876/244/382 799/244/382 120/216/382
f 93/185/383 752/187/383 1877/188/383 818/186/383
f 752/187/384 92/189/384 815/190/384 1877/188/384
f 1877/188/385 815/190/385 112/189/385 792/187/385
f 818/186/386 1877/188/386 792/187/386 113/185/386
f 86/197/387 745/198/387 1878/199/387 819/200/387
f 745/198/388 85/201/388 816/202/388 1878/199/388
f 1878/199/389 816/202/389 105/201/389 785/198/389
f 819/200/390 1878/199/390 785/198/390 106/197/390
f 81/167/391 760/214/391 1879/214/391 806/215/391
f 760/214/392 100/216/392 817/246/392 1879/214/392
f 1879/214/393 817/246/393 120/216/393 800/214/393
f 806/215/394 1879/214/394 800/214/394 101/167/394
f 94/181/395 753/182/395 1880/183/395 820/184/395
f 753/182/396 93/185/396 818/186/396 1880/183/396
f 1880/183/397 818/186/397 113/185/397 793/182/397
f 820/184/398 1880/183/398 793/182/398 114/181/398
f 87/153/399 746/234/399 1881/235/399 801/154/399
f 746/234/400 86/197/400 819/200/400 1881/235/400
f 1881/235/401 819/200/401 106/197/401 786/234/401
f 801/154/402 1881/235/402 786/234/402 107/153/402
f 95/212/403 754/242/403 1882/243/403 803/213/403
f 754/242/404 94/181/404 820/184/404 1882/243/404
f 1882/243/405 820/184/405 114/181/405 794/242/405
f 803/213/406 1882/243/406 794/242/406 115/212/406
f 122/227/407 1399/228/407 1883/228/407 882/229/407
f 1399/228/407 121/6/407 881/230/407 1883/228/407
f 1883/228/407 881/230/407 141/6/407 1419/228/407
f 882/229/407 1883/228/407 1419/228/407 142/227/407
f 120/216/408 799/244/408 1884/244/408 844/246/408
f 799/244/409 119/231/409 843/233/409 1884/244/409
f 1884/244/410 843/233/410 439/231/410 839/244/410
f 844/246/411 1884/244/411 839/244/411 440/216/411
f 113/185/412 792/187/412 1885/188/412 846/186/412
f 792/187/413 112/189/413 845/190/413 1885/188/413
f 1885/188/414 845/190/414 432/189/414 832/187/414
f 846/186/415 1885/188/415 832/187/415 433/185/415
f 106/197/416 785/198/416 1886/199/416 847/200/416
f 785/198/417 105/201/417 842/202/417 1886/199/417
f 1886/199/418 842/202/418 425/201/418 825/198/418
f 847/200/419 1886/199/419 825/198/419 426/197/419
f 101/167/420 800/214/420 1887/214/420 848/215/420
f 800/214/421 120/216/421 844/246/421 1887/214/421
f 1887/214/422 844/246/422 440/216/422 840/214/422
f 848/215/423 1887/214/423 840/214/423 422/167/423
f 114/181/424 793/182/424 1888/183/424 849/184/424
f 793/182/425 113/185/425 846/186/425 1888/183/425
f 1888/183/426 846/186/426 433/185/426 833/182/426
f 849/184/427 1888/183/427 833/182/427 434/181/427
f 107/153/428 786/234/428 1889/235/428 850/154/428
f 786/234/429 106/197/429 847/200/429 1889/235/429
f 1889/235/430 847/200/430 426/197/430 826/234/430
f 850/154/431 1889/235/431 826/234/431 427/153/431
f 115/212/432 794/242/432 1890/243/432 851/213/432
f 794/242/433 114/181/433 849/184/433 1890/243/433
f 1890/243/434 849/184/434 434/181/434 834/242/434
f 851/213/435 1890/243/435 834/242/435 435/212/435
f 108/149/436 787/150/436 1891/151/436 852/152/436
f 787/150/437 107/153/437 850/154/437 1891/151/437
f 1891/151/438 850/154/438 427/153/438 827/150/438
f 852/152/439 1891/151/439 827/150/439 428/149/439
f 116/209/440 795/210/440 1892/210/440 853/211/440
f 795/210/441 115/212/441 851/213/441 1892/210/441
f 1892/210/442 851/213/442 435/212/442 835/210/442
f 853/211/443 1892/210/443 835/210/443 436/209/443
f 109/223/444 788/224/444 1893/225/444 854/226/444
f 788/224/445 108/149/445 852/152/445 1893/225/445
f 1893/225/446 852/152/446 428/149/446 828/224/446
f 854/226/447 1893/225/447 828/224/447 429/223/447
f 102/227/448 781/228/448 1894/228/448 855/229/448
f 781/228/449 101/6/449 848/230/449 1894/228/449
f 1894/228/450 848/230/450 422/6/450 821/228/450
f 855/229/451 1894/228/451 821/228/451 421/227/451
f 117/195/452 796/238/452 1895/238/452 856/196/452
f 796/238/453 116/209/453 853/211/453 1895/238/453
f 1895/238/454 853/211/454 436/209/454 836/238/454
f 856/196/455 1895/238/455 836/238/455 437/195/455
f 110/207/456 789/241/456 1896/241/456 857/208/456
f 789/241/457 109/223/457 854/226/457 1896/241/457
f 1896/241/458 854/226/458 429/223/458 829/241/458
f 857/208/459 1896/241/459 829/241/459 430/207/459
f 103/221/460 782/245/460 1897/245/460 858/222/460
f 782/245/461 102/227/461 855/229/461 1897/245/461
f 1897/245/462 855/229/462 421/227/462 822/245/462
f 858/222/463 1897/245/463 822/245/463 423/221/463
f 118/191/464 797/192/464 1898/193/464 859/194/464
f 797/192/465 117/195/465 856/196/465 1898/193/465
f 1898/193/466 856/196/466 437/195/466 837/192/466
f 859/194/467 1898/193/467 837/192/467 438/191/467
f 111/203/468 790/204/468 1899/205/468 860/206/468
f 790/204/469 110/207/469 857/208/469 1899/205/469
f 1899/205/470 857/208/470 430/207/470 830/204/470
f 860/206/471 1899/205/471 830/204/471 431/203/471
f 104/217/472 783/218/472 1900/219/472 841/220/472
f 783/218/473 103/221/473 858/222/473 1900/219/473
f 1900/219/474 858/222/474 423/221/474 823/218/474
f 841/220/475 1900/219/475 823/218/475 424/217/475
f 119/231/476 798/232/476 1901/232/476 843/233/476
f 798/232/477 118/191/477 859/194/477 1901/232/477
f 1901/232/478 859/194/478 438/191/478 838/232/478
f 843/233/479 1901/232/479 838/232/479 439/231/479
f 112/189/480 791/236/480 1902/237/480 845/190/480
f 791/236/481 111/203/481 860/206/481 1902/237/481
f 1902/237/482 860/206/482 431/203/482 831/236/482
f 845/190/483 1902/237/483 831/236/483 432/189/483
f 442/167/484 880/214/484 1903/214/484 922/215/484
f 880/214/485 460/216/485 921/216/485 1903/214/485
f 1903/214/485 921/216/485 400/216/485 920/214/485
f 922/215/484 1903/214/484 920/214/484 382/167/484
f 137/195/407 1414/238/407 1904/238/407 884/196/407
f 1414/238/407 136/209/407 883/211/407 1904/238/407
f 1904/238/407 883/211/407 156/209/407 1434/238/407
f 884/196/407 1904/238/407 1434/238/407 157/195/407
f 130/207/407 1407/241/407 1905/241/407 886/208/407
f 1407/241/407 129/223/407 885/226/407 1905/241/407
f 1905/241/407 885/226/407 149/223/407 1427/241/407
f 886/208/407 1905/241/407 1427/241/407 150/207/407
f 123/221/407 1400/245/407 1906/245/407 887/222/407
f 1400/245/407 122/227/407 882/229/407 1906/245/407
f 1906/245/407 882/229/407 142/227/407 1420/245/407
f 887/222/407 1906/245/407 1420/245/407 143/221/407
f 138/191/407 1415/192/407 1907/193/407 888/194/407
f 1415/192/407 137/195/407 884/196/407 1907/193/407
f 1907/193/407 884/196/407 157/195/407 1435/192/407
f 888/194/407 1907/193/407 1435/192/407 158/191/407
f 131/203/407 1408/204/407 1908/205/407 889/206/407
f 1408/204/407 130/207/407 886/208/407 1908/205/407
f 1908/205/407 886/208/407 150/207/407 1428/204/407
f 889/206/407 1908/205/407 1428/204/407 151/203/407
f 124/217/407 1401/218/407 1909/219/407 890/220/407
f 1401/218/407 123/221/407 887/222/407 1909/219/407
f 1909/219/407 887/222/407 143/221/407 1421/218/407
f 890/220/407 1909/219/407 1421/218/407 144/217/407
f 139/231/407 1416/232/407 1910/232/407 891/233/407
f 1416/232/407 138/191/407 888/194/407 1910/232/407
f 1910/232/407 888/194/407 158/191/407 1436/232/407
f 891/233/407 1910/232/407 1436/232/407 159/231/407
f 132/189/407 1409/236/407 1911/237/407 892/190/407
f 1409/236/407 131/203/407 889/206/407 1911/237/407
f 1911/237/407 889/206/407 151/203/407 1429/236/407
f 892/190/407 1911/237/407 1429/236/407 152/189/407
f 125/201/407 1402/239/407 1912/240/407 893/202/407
f 1402/239/407 124/217/407 890/220/407 1912/240/407
f 1912/240/407 890/220/407 144/217/407 1422/239/407
f 893/202/407 1912/240/407 1422/239/407 145/201/407
f 140/216/407 1417/244/407 1913/244/407 894/246/407
f 1417/244/407 139/231/407 891/233/407 1913/244/407
f 1913/244/407 891/233/407 159/231/407 1437/244/407
f 894/246/407 1913/244/407 1437/244/407 160/216/407
f 133/185/407 1410/187/407 1914/188/407 895/186/407
f 1410/187/407 132/189/407 892/190/407 1914/188/407
f 1914/188/407 892/190/407 152/189/407 1430/187/407
f 895/186/407 1914/188/407 1430/187/407 153/185/407
f 126/197/407 1403/198/407 1915/199/407 896/200/407
f 1403/198/407 125/201/407 893/202/407 1915/199/407
f 1915/199/407 893/202/407 145/201/407 1423/198/407
f 896/200/407 1915/199/407 1423/198/407 146/197/407
f 121/167/407 1418/214/407 1916/214/407 881/215/407
f 1418/214/407 140/216/407 894/246/407 1916/214/407
f 1916/214/407 894/246/407 160/216/407 1438/214/407
f 881/215/407 1916/214/407 1438/214/407 141/167/407
f 134/181/407 1411/182/407 1917/183/407 897/184/407
f 1411/182/407 133/185/407 895/186/407 1917/183/407
f 1917/183/407 895/186/407 153/185/407 1431/182/407
f 897/184/407 1917/183/407 1431/182/407 154/181/407
f 127/153/407 1404/234/407 1918/235/407 898/154/407
f 1404/234/407 126/197/407 896/200/407 1918/235/407
f 1918/235/407 896/200/407 146/197/407 1424/234/407
f 898/154/407 1918/235/407 1424/234/407 147/153/407
f 135/212/407 1412/242/407 1919/243/407 899/213/407
f 1412/242/407 134/181/407 897/184/407 1919/243/407
f 1919/243/407 897/184/407 154/181/407 1432/242/407
f 899/213/407 1919/243/407 1432/242/407 155/212/407
f 128/149/407 1405/150/407 1920/151/407 900/152/407
f 1405/150/407 127/153/407 898/154/407 1920/151/407
f 1920/151/407 898/154/407 147/153/407 1425/150/407
f 900/152/407 1920/151/407 1425/150/407 148/149/407
f 136/209/407 1413/210/407 1921/210/407 883/211/407
f 1413/210/407 135/212/407 899/213/407 1921/210/407
f 1921/210/407 899/213/407 155/212/407 1433/210/407
f 883/211/407 1921/210/407 1433/210/407 156/209/407
f 129/223/407 1406/224/407 1922/225/407 885/226/407
f 1406/224/407 128/149/407 900/152/407 1922/225/407
f 1922/225/407 900/152/407 148/149/407 1426/224/407
f 885/226/407 1922/225/407 1426/224/407 149/223/407
f 178/191/486 1335/192/486 1923/193/486 962/194/486
f 1335/192/486 177/195/486 961/196/486 1923/193/486
f 1923/193/486 961/196/486 197/195/486 1355/192/486
f 962/194/486 1923/193/486 1355/192/486 198/191/486
f 454/181/487 873/182/487 1924/183/487 924/184/487
f 873/182/488 453/185/488 923/186/488 1924/183/488
f 1924/183/488 923/186/488 393/185/488 913/182/488
f 924/184/487 1924/183/487 913/182/487 394/181/487
f 447/153/489 866/234/489 1925/235/489 926/154/489
f 866/234/490 446/197/490 925/200/490 1925/235/490
f 1925/235/490 925/200/490 386/197/490 906/234/490
f 926/154/489 1925/235/489 906/234/489 387/153/489
f 455/212/491 874/242/491 1926/243/491 927/213/491
f 874/242/492 454/181/492 924/184/492 1926/243/492
f 1926/243/492 924/184/492 394/181/492 914/242/492
f 927/213/491 1926/243/491 914/242/491 395/212/491
f 448/149/493 867/150/493 1927/151/493 928/152/493
f 867/150/494 447/153/494 926/154/494 1927/151/494
f 1927/151/494 926/154/494 387/153/494 907/150/494
f 928/152/493 1927/151/493 907/150/493 388/149/493
f 456/209/495 875/210/495 1928/210/495 929/211/495
f 875/210/496 455/212/496 927/213/496 1928/210/496
f 1928/210/496 927/213/496 395/212/496 915/210/496
f 929/211/495 1928/210/495 915/210/495 396/209/495
f 449/223/497 868/224/497 1929/225/497 930/226/497
f 868/224/498 448/149/498 928/152/498 1929/225/498
f 1929/225/498 928/152/498 388/149/498 908/224/498
f 930/226/497 1929/225/497 908/224/497 389/223/497
f 441/227/499 861/228/499 1930/228/499 931/229/499
f 861/228/500 442/6/500 922/230/500 1930/228/500
f 1930/228/500 922/230/500 382/6/500 901/228/500
f 931/229/499 1930/228/499 901/228/499 381/227/499
f 457/195/501 876/238/501 1931/238/501 932/196/501
f 876/238/502 456/209/502 929/211/502 1931/238/502
f 1931/238/502 929/211/502 396/209/502 916/238/502
f 932/196/501 1931/238/501 916/238/501 397/195/501
f 450/207/503 869/241/503 1932/241/503 933/208/503
f 869/241/504 449/223/504 930/226/504 1932/241/504
f 1932/241/505 930/226/505 389/223/505 909/241/505
f 933/208/503 1932/241/503 909/241/503 390/207/503
f 443/221/506 862/245/506 1933/245/506 934/222/506
f 862/245/507 441/227/507 931/229/507 1933/245/507
f 1933/245/507 931/229/507 381/227/507 902/245/507
f 934/222/508 1933/245/508 902/245/508 383/221/508
f 458/191/509 877/192/509 1934/193/509 935/194/509
f 877/192/510 457/195/510 932/196/510 1934/193/510
f 1934/193/510 932/196/510 397/195/510 917/192/510
f 935/194/509 1934/193/509 917/192/509 398/191/509
f 451/203/511 870/204/511 1935/205/511 936/206/511
f 870/204/512 450/207/512 933/208/512 1935/205/512
f 1935/205/512 933/208/512 390/207/512 910/204/512
f 936/206/511 1935/205/511 910/204/511 391/203/511
f 444/217/513 863/218/513 1936/219/513 937/220/513
f 863/218/514 443/221/514 934/222/514 1936/219/514
f 1936/219/514 934/222/514 383/221/514 903/218/514
f 937/220/513 1936/219/513 903/218/513 384/217/513
f 459/231/515 878/232/515 1937/232/515 938/233/515
f 878/232/516 458/191/516 935/194/516 1937/232/516
f 1937/232/516 935/194/516 398/191/516 918/232/516
f 938/233/515 1937/232/515 918/232/515 399/231/515
f 452/189/517 871/236/517 1938/237/517 939/190/517
f 871/236/518 451/203/518 936/206/518 1938/237/518
f 1938/237/518 936/206/518 391/203/518 911/236/518
f 939/190/517 1938/237/517 911/236/517 392/189/517
f 445/201/519 864/239/519 1939/240/519 940/202/519
f 864/239/520 444/217/520 937/220/520 1939/240/520
f 1939/240/520 937/220/520 384/217/520 904/239/520
f 940/202/519 1939/240/519 904/239/519 385/201/519
f 460/216/521 879/244/521 1940/244/521 921/216/521
f 879/244/522 459/231/522 938/233/522 1940/244/522
f 1940/244/523 938/233/523 399/231/523 919/244/523
f 921/216/521 1940/244/521 919/244/521 400/216/521
f 453/185/524 872/187/524 1941/188/524 923/186/524
f 872/187/525 452/189/525 939/190/525 1941/188/525
f 1941/188/525 939/190/525 392/189/525 912/187/525
f 923/186/526 1941/188/526 912/187/526 393/185/526
f 446/197/527 865/198/527 1942/199/527 925/200/527
f 865/198/528 445/201/528 940/202/528 1942/199/528
f 1942/199/528 940/202/528 385/201/528 905/198/528
f 925/200/527 1942/199/527 905/198/527 386/197/527
f 415/212/529 954/242/529 1943/243/529 1002/213/529
f 954/242/530 414/181/530 1001/184/530 1943/243/530
f 1943/243/531 1001/184/531 214/181/531 994/242/531
f 1002/213/532 1943/243/532 994/242/532 215/212/532
f 171/203/486 1328/204/486 1944/205/486 964/206/486
f 1328/204/486 170/207/486 963/208/486 1944/205/486
f 1944/205/486 963/208/486 190/207/486 1348/204/486
f 964/206/486 1944/205/486 1348/204/486 191/203/486
f 164/217/486 1321/218/486 1945/219/486 966/220/486
f 1321/218/486 163/221/486 965/222/486 1945/219/486
f 1945/219/486 965/222/486 183/221/486 1341/218/486
f 966/220/486 1945/219/486 1341/218/486 184/217/486
f 179/231/486 1336/232/486 1946/232/486 967/233/486
f 1336/232/486 178/191/486 962/194/486 1946/232/486
f 1946/232/486 962/194/486 198/191/486 1356/232/486
f 967/233/486 1946/232/486 1356/232/486 199/231/486
f 172/189/486 1329/236/486 1947/237/486 968/190/486
f 1329/236/486 171/203/486 964/206/486 1947/237/486
f 1947/237/486 964/206/486 191/203/486 1349/236/486
f 968/190/486 1947/237/486 1349/236/486 192/189/486
f 165/201/486 1322/239/486 1948/240/486 969/202/486
f 1322/239/486 164/217/486 966/220/486 1948/240/486
f 1948/240/486 966/220/486 184/217/486 1342/239/486
f 969/202/486 1948/240/486 1342/239/486 185/201/486
f 180/216/486 1337/244/486 1949/244/486 970/246/486
f 1337/244/486 179/231/486 967/233/486 1949/244/486
f 1949/244/486 967/233/486 199/231/486 1357/244/486
f 970/246/486 1949/244/486 1357/244/486 200/216/486
f 173/185/486 1330/187/486 1950/188/486 971/186/486
f 1330/187/486 172/189/486 968/190/486 1950/188/486
f 1950/188/486 968/190/486 192/189/486 1350/187/486
f 971/186/486 1950/188/486 1350/187/486 193/185/486
f 166/197/486 1323/198/486 1951/199/486 972/200/486
f 1323/198/486 165/201/486 969/202/486 1951/199/486
f 1951/199/486 969/202/486 185/201/486 1343/198/486
f 972/200/486 1951/199/486 1343/198/486 186/197/486
f 161/167/486 1338/214/486 1952/214/486 973/215/486
f 1338/214/486 180/216/486 970/246/486 1952/214/486
f 1952/214/486 970/246/486 200/216/486 1358/214/486
f 973/215/486 1952/214/486 1358/214/486 181/167/486
f 174/181/486 1331/182/486 1953/183/486 974/184/486
f 1331/182/486 173/185/486 971/186/486 1953/183/486
f 1953/183/486 971/186/486 193/185/486 1351/182/486
f 974/184/486 1953/183/486 1351/182/486 194/181/486
f 167/153/486 1324/234/486 1954/235/486 975/154/486
f 1324/234/486 166/197/486 972/200/486 1954/235/486
f 1954/235/486 972/200/486 186/197/486 1344/234/486
f 975/154/486 1954/235/486 1344/234/486 187/153/486
f 175/212/486 1332/242/486 1955/243/486 976/213/486
f 1332/242/486 174/181/486 974/184/486 1955/243/486
f 1955/243/486 974/184/486 194/181/486 1352/242/486
f 976/213/486 1955/243/486 1352/242/486 195/212/486
f 168/149/486 1325/150/486 1956/151/486 977/152/486
f 1325/150/486 167/153/486 975/154/486 1956/151/486
f 1956/151/486 975/154/486 187/153/486 1345/150/486
f 977/152/486 1956/151/486 1345/150/486 188/149/486
f 176/209/486 1333/210/486 1957/210/486 978/211/486
f 1333/210/486 175/212/486 976/213/486 1957/210/486
f 1957/210/486 976/213/486 195/212/486 1353/210/486
f 978/211/486 1957/210/486 1353/210/486 196/209/486
f 169/223/486 1326/224/486 1958/225/486 979/226/486
f 1326/224/486 168/149/486 977/152/486 1958/225/486
f 1958/225/486 977/152/486 188/149/486 1346/224/486
f 979/226/486 1958/225/486 1346/224/486 189/223/486
f 162/227/486 1319/228/486 1959/228/486 980/229/486
f 1319/228/486 161/6/486 973/230/486 1959/228/486
f 1959/228/486 973/230/486 181/6/486 1339/228/486
f 980/229/486 1959/228/486 1339/228/486 182/227/486
f 177/195/486 1334/238/486 1960/238/486 961/196/486
f 1334/238/486 176/209/486 978/211/486 1960/238/486
f 1960/238/486 978/211/486 196/209/486 1354/238/486
f 961/196/486 1960/238/486 1354/238/486 197/195/486
f 170/207/486 1327/241/486 1961/241/486 963/208/486
f 1327/241/486 169/223/486 979/226/486 1961/241/486
f 1961/241/486 979/226/486 189/223/486 1347/241/486
f 963/208/486 1961/241/486 1347/241/486 190/207/486
f 163/221/486 1320/245/486 1962/245/486 965/222/486
f 1320/245/486 162/227/486 980/229/486 1962/245/486
f 1962/245/486 980/229/486 182/227/486 1340/245/486
f 965/222/486 1962/245/486 1340/245/486 183/221/486
f 408/149/537 947/150/537 1964/151/537 1004/152/537
f 947/150/538 407/153/538 1003/154/538 1964/151/538
f 1964/151/539 1003/154/539 207/153/539 987/150/539
f 1004/152/540 1964/151/540 987/150/540 208/149/540
f 416/209/541 955/210/541 1965/210/541 1005/211/541
f 955/210/542 415/212/542 1002/213/542 1965/210/542
f 1965/210/543 1002/213/543 215/212/543 995/210/543
f 1005/211/544 1965/210/544 995/210/544 216/209/544
f 409/223/545 948/224/545 1966/225/545 1006/226/545
f 948/224/546 408/149/546 1004/152/546 1966/225/546
f 1966/225/547 1004/152/547 208/149/547 988/224/547
f 1006/226/548 1966/225/548 988/224/548 209/223/548
f 401/227/549 941/228/549 1967/228/549 1008/229/549
f 941/228/550 402/6/550 1007/230/550 1967/228/550
f 1967/228/551 1007/230/551 201/6/551 981/228/551
f 1008/229/552 1967/228/552 981/228/552 202/227/552
f 417/195/553 956/238/553 1968/238/553 1009/196/553
f 956/238/554 416/209/554 1005/211/554 1968/238/554
f 1968/238/555 1005/211/555 216/209/555 996/238/555
f 1009/196/556 1968/238/556 996/238/556 217/195/556
f 410/207/557 949/241/557 1969/241/557 1010/208/557
f 949/241/558 409/223/558 1006/226/558 1969/241/558
f 1969/241/559 1006/226/559 209/223/559 989/241/559
f 1010/208/560 1969/241/560 989/241/560 210/207/560
f 403/221/561 942/245/561 1970/245/561 1011/222/561
f 942/245/562 401/227/562 1008/229/562 1970/245/562
f 1970/245/563 1008/229/563 202/227/563 982/245/563
f 1011/222/564 1970/245/564 982/245/564 203/221/564
f 418/191/565 957/192/565 1971/193/565 1012/194/565
f 957/192/566 417/195/566 1009/196/566 1971/193/566
f 1971/193/567 1009/196/567 217/195/567 997/192/567
f 1012/194/568 1971/193/568 997/192/568 218/191/568
f 411/203/569 950/204/569 1972/205/569 1013/206/569
f 950/204/570 410/207/570 1010/208/570 1972/205/570
f 1972/205/571 1010/208/571 210/207/571 990/204/571
f 1013/206/572 1972/205/572 990/204/572 211/203/572
f 404/217/573 943/218/573 1973/219/573 1014/220/573
f 943/218/574 403/221/574 1011/222/574 1973/219/574
f 1973/219/575 1011/222/575 203/221/575 983/218/575
f 1014/220/576 1973/219/576 983/218/576 204/217/576
f 419/231/577 958/232/577 1974/232/577 1015/233/577
f 958/232/578 418/191/578 1012/194/578 1974/232/578
f 1974/232/579 1012/194/579 218/191/579 998/232/579
f 1015/233/580 1974/232/580 998/232/580 219/231/580
f 412/189/581 951/236/581 1975/237/581 1016/190/581
f 951/236/582 411/203/582 1013/206/582 1975/237/582
f 1975/237/583 1013/206/583 211/203/583 991/236/583
f 1016/190/584 1975/237/584 991/236/584 212/189/584
f 405/201/585 944/239/585 1976/240/585 1017/202/585
f 944/239/586 404/217/586 1014/220/586 1976/240/586
f 1976/240/587 1014/220/587 204/217/587 984/239/587
f 1017/202/588 1976/240/588 984/239/588 205/201/588
f 420/216/589 959/244/589 1977/244/589 1018/246/589
f 959/244/590 419/231/590 1015/233/590 1977/244/590
f 1977/244/591 1015/233/591 219/231/591 999/244/591
f 1018/246/592 1977/244/592 999/244/592 220/216/592
f 413/185/593 952/187/593 1978/188/593 1019/186/593
f 952/187/594 412/189/594 1016/190/594 1978/188/594
f 1978/188/595 1016/190/595 212/189/595 992/187/595
f 1019/186/596 1978/188/596 992/187/596 213/185/596
f 406/197/597 945/198/597 1979/199/597 1020/200/597
f 945/198/598 405/201/598 1017/202/598 1979/199/598
f 1979/199/599 1017/202/599 205/201/599 985/198/599
f 1020/200/600 1979/199/600 985/198/600 206/197/600
f 402/167/601 960/214/601 1980/214/601 1007/215/601
f 960/214/602 420/216/602 1018/246/602 1980/214/602
f 1980/214/603 1018/246/603 220/216/603 1000/214/603
f 1007/215/604 1980/214/604 1000/214/604 201/167/604
f 414/181/605 953/182/605 1981/183/605 1001/184/605
f 953/182/606 413/185/606 1019/186/606 1981/183/606
f 1981/183/607 1019/186/607 213/185/607 993/182/607
f 1001/184/608 1981/183/608 993/182/608 214/181/608
f 407/153/609 946/234/609 1982/235/609 1003/154/609
f 946/234/610 406/197/610 1020/200/610 1982/235/610
f 1982/235/611 1020/200/611 206/197/611 986/234/611
f 1003/154/612 1982/235/612 986/234/612 207/153/612
f 2524/369/5 2543/370/5 2023/371/5 1162/372/5
f 2543/370/8 2523/373/8 1161/374/8 2023/371/8
f 2583/375/689 2563/373/689 283/373/689 1142/376/689
f 2564/377/690 2583/375/690 1142/376/690 282/378/690
f 2446/379/37 2464/380/37 2024/380/37 1124/381/37
f 2464/380/40 2445/382/40 1123/383/40 2024/380/40
f 2504/380/691 2485/382/691 271/384/691 1110/380/691
f 2486/379/692 2504/380/692 1110/380/692 270/379/692
f 2448/385/57 2465/386/57 2025/387/57 1126/388/57
f 2465/386/60 2447/389/60 1125/390/60 2025/387/60
f 2505/391/693 2487/392/693 276/389/693 1115/393/693
f 2488/394/694 2505/391/694 1115/393/694 275/395/694
f 2450/396/81 2466/397/81 2026/398/81 1128/399/81
f 2466/397/84 2449/400/84 1127/401/84 2026/398/84
f 2506/402/695 2489/400/695 261/400/695 1120/403/695
f 2490/404/696 2506/402/696 1120/403/696 280/399/696
f 2452/405/9 2467/406/9 2027/406/9 1130/374/9
f 2467/406/12 2451/407/12 1129/408/12 2027/406/12
f 2507/409/697 2491/407/697 264/407/697 1103/410/697
f 2492/405/698 2507/409/698 1103/410/698 263/373/698
f 2454/411/29 2468/412/29 2028/413/29 1132/414/29
f 2468/412/32 2453/415/32 1131/416/32 2028/413/32
f 2508/417/699 2493/418/699 269/418/699 1108/419/699
f 2494/411/700 2508/417/700 1108/419/700 268/411/700
f 2449/420/1 2469/421/1 2029/422/1 1127/423/1
f 2469/421/4 2455/369/4 1133/378/4 2029/422/4
f 2509/422/701 2495/378/701 262/378/701 1101/424/701
f 2489/420/702 2509/422/702 1101/424/702 261/420/702
f 2457/425/49 2470/426/49 2030/426/49 1135/427/49
f 2470/426/52 2456/428/52 1134/429/52 2030/426/52
f 2510/426/703 2496/430/703 274/431/703 1113/432/703
f 2497/425/704 2510/426/704 1113/432/704 273/425/704
f 2459/433/69 2471/434/69 2031/435/69 1137/436/69
f 2471/434/72 2458/437/72 1136/438/72 2031/435/72
f 2511/439/705 2498/440/705 279/441/705 1118/434/705
f 2499/433/706 2511/439/706 1118/434/706 278/433/706
f 2443/175/21 2472/442/21 2032/443/21 1121/176/21
f 2472/442/24 2460/444/24 1138/444/24 2032/443/24
f 2512/445/707 2500/446/707 267/447/707 1106/443/707
f 2483/177/708 2512/445/708 1106/443/708 266/177/708
f 2445/382/41 2473/448/41 2033/449/41 1123/383/41
f 2473/448/44 2461/450/44 1139/451/44 2033/449/44
f 2513/449/709 2501/452/709 272/453/709 1111/454/709
f 2485/382/710 2513/449/710 1111/454/710 271/384/710
f 2447/389/61 2474/455/61 2034/456/61 1125/390/61
f 2474/455/64 2462/457/64 1140/458/64 2034/456/64
f 2514/455/711 2502/459/711 277/460/711 1116/455/711
f 2487/392/712 2514/455/712 1116/455/712 276/389/712
f 2451/407/13 2475/461/13 2035/461/13 1129/408/13
f 2475/461/16 2444/171/16 1122/174/16 2035/461/16
f 2515/462/713 2484/179/713 265/180/713 1104/463/713
f 2491/407/714 2515/462/714 1104/463/714 264/407/714
f 2453/415/33 2476/464/33 2036/465/33 1131/416/33
f 2476/464/36 2446/379/36 1124/381/36 2036/465/36
f 2516/466/715 2486/379/715 270/379/715 1109/467/715
f 2493/418/716 2516/466/716 1109/467/716 269/418/716
f 2456/428/53 2477/468/53 2037/469/53 1134/429/53
f 2477/468/56 2448/385/56 1126/388/56 2037/469/56
f 2517/468/717 2488/394/717 275/395/717 1114/468/717
f 2496/430/718 2517/468/718 1114/468/718 274/431/718
f 2458/437/77 2478/470/77 2038/471/77 1136/438/77
f 2478/470/80 2450/396/80 1128/399/80 2038/471/80
f 2518/470/719 2490/404/719 280/399/719 1119/472/719
f 2498/440/720 2518/470/720 1119/472/720 279/441/720
f 2455/369/5 2479/375/5 2039/371/5 1133/378/5
f 2479/375/8 2452/405/8 1130/374/8 2039/371/8
f 2519/376/689 2492/405/689 263/373/689 1102/376/689
f 2495/378/690 2519/376/690 1102/376/690 262/378/690
f 2460/444/25 2480/473/25 2040/474/25 1138/444/25
f 2480/473/28 2454/411/28 1132/414/28 2040/474/28
f 2520/475/721 2494/411/721 268/411/721 1107/475/721
f 2500/446/722 2520/475/722 1107/475/722 267/447/722
f 2461/450/45 2481/476/45 2041/477/45 1139/451/45
f 2481/476/48 2457/425/48 1135/427/48 2041/477/48
f 2521/476/723 2497/425/723 273/425/723 1112/478/723
f 2501/452/724 2521/476/724 1112/478/724 272/453/724
f 2462/457/65 2482/479/65 2042/479/65 1140/458/65
f 2482/479/68 2459/433/68 1137/436/68 2042/479/68
f 2522/480/725 2499/433/725 278/433/725 1117/479/725
f 2502/459/726 2522/480/726 1117/479/726 277/460/726
f 294/431/727 1154/468/727 2043/469/727 1202/429/727
f 1154/468/728 295/395/728 1201/388/728 2043/469/728
f 2043/469/717 1201/388/717 315/395/717 1194/468/717
f 1202/429/718 2043/469/718 1194/468/718 314/431/718
f 2526/481/65 2544/479/65 2044/479/65 1164/458/65
f 2544/479/68 2525/482/68 1163/436/68 2044/479/68
f 2584/480/725 2565/483/725 298/433/725 1157/479/725
f 2566/484/726 2584/480/726 1157/479/726 297/460/726
f 2528/379/37 2545/485/37 2045/380/37 1166/381/37
f 2545/485/40 2527/486/40 1165/383/40 2045/380/40
f 2585/487/691 2567/382/691 291/384/691 1150/380/691
f 2568/488/692 2585/487/692 1150/380/692 290/379/692
f 2523/373/9 2546/410/9 2046/406/9 1161/374/9
f 2546/410/12 2529/489/12 1167/408/12 2046/406/12
f 2586/406/697 2569/489/697 284/407/697 1143/410/697
f 2563/373/698 2586/406/698 1143/410/698 283/373/698
f 2525/482/69 2547/490/69 2047/435/69 1163/436/69
f 2547/490/72 2530/441/72 1168/438/72 2047/435/72
f 2587/434/705 2570/441/705 299/441/705 1158/434/705
f 2565/483/706 2587/434/706 1158/434/706 298/433/706
f 2527/486/41 2548/449/41 2048/449/41 1165/383/41
f 2548/449/44 2531/452/44 1169/451/44 2048/449/44
f 2588/454/709 2571/452/709 292/453/709 1151/454/709
f 2567/382/710 2588/454/710 1151/454/710 291/384/710
f 2529/489/13 2549/461/13 2049/461/13 1167/408/13
f 2549/461/16 2532/171/16 1170/174/16 2049/461/16
f 2589/461/713 2572/171/713 285/180/713 1144/463/713
f 2569/489/714 2589/461/714 1144/463/714 284/407/714
f 2530/441/77 2550/491/77 2050/471/77 1168/438/77
f 2550/491/80 2533/492/80 1171/493/80 2050/471/80
f 2590/494/719 2573/495/719 300/404/719 1159/472/719
f 2570/441/720 2590/494/720 1159/472/720 299/441/720
f 2531/452/45 2551/496/45 2051/477/45 1169/451/45
f 2551/496/48 2534/497/48 1172/427/48 2051/477/48
f 2591/498/723 2574/499/723 293/425/723 1152/478/723
f 2571/452/724 2591/498/724 1152/478/724 292/453/724
f 2532/171/17 2552/173/17 2052/173/17 1170/174/17
f 2552/173/20 2535/500/20 1173/176/20 2052/173/20
f 2592/501/85 2575/175/85 286/177/85 1145/178/85
f 2572/171/86 2592/501/86 1145/178/86 285/180/86
f 2533/492/81 2553/403/81 2053/398/81 1171/493/81
f 2553/403/84 2536/502/84 1174/401/84 2053/398/84
f 2593/503/695 2576/400/695 281/400/695 1160/403/695
f 2573/495/696 2593/503/696 1160/403/696 300/404/696
f 2534/497/49 2554/426/49 2054/426/49 1172/427/49
f 2554/426/52 2537/504/52 1175/429/52 2054/426/52
f 2594/426/703 2577/430/703 294/431/703 1153/432/703
f 2574/499/704 2594/426/704 1153/432/704 293/425/704
f 2535/500/21 2555/443/21 2055/443/21 1173/176/21
f 2555/443/24 2538/505/24 1176/444/24 2055/443/24
f 2595/506/707 2578/507/707 287/447/707 1146/443/707
f 2575/175/708 2595/506/708 1146/443/708 286/177/708
f 2537/504/53 2556/468/53 2056/469/53 1175/429/53
f 2556/468/56 2539/508/56 1177/388/56 2056/469/56
f 2596/468/717 2579/509/717 295/395/717 1154/468/717
f 2577/430/718 2596/468/718 1154/468/718 294/431/718
f 2538/505/25 2557/475/25 2057/474/25 1176/444/25
f 2557/475/28 2540/411/28 1178/414/28 2057/474/28
f 2597/510/721 2580/411/721 288/411/721 1147/475/721
f 2578/507/722 2597/510/722 1147/475/722 287/447/722
f 2539/508/57 2558/393/57 2058/387/57 1177/388/57
f 2558/393/60 2541/511/60 1179/390/60 2058/387/60
f 2598/512/693 2581/389/693 296/389/693 1155/393/693
f 2579/509/694 2598/512/694 1155/393/694 295/395/694
f 2540/411/29 2559/417/29 2059/413/29 1178/414/29
f 2559/417/32 2542/418/32 1180/416/32 2059/413/32
f 2599/513/699 2582/418/699 289/418/699 1148/419/699
f 2580/411/700 2599/513/700 1148/419/700 288/411/700
f 2536/514/1 2560/422/1 2060/422/1 1174/423/1
f 2560/422/4 2524/369/4 1162/372/4 2060/422/4
f 2600/422/701 2564/377/701 282/378/701 1141/424/701
f 2576/420/702 2600/422/702 1141/424/702 281/420/702
f 2541/511/61 2561/455/61 2061/456/61 1179/390/61
f 2561/455/64 2526/481/64 1164/458/64 2061/456/64
f 2601/455/711 2566/484/711 297/460/711 1156/455/711
f 2581/389/712 2601/455/712 1156/455/712 296/389/712
f 2542/418/33 2562/465/33 2062/465/33 1180/416/33
f 2562/465/36 2528/379/36 1166/381/36 2062/465/36
f 2602/464/715 2568/488/715 290/379/715 1149/467/715
f 2582/418/716 2602/464/716 1149/467/716 289/418/716
f 311/384/729 1191/454/729 2063/449/729 1221/383/729
f 1191/454/730 312/453/730 1483/451/730 2063/449/730
f 2063/449/731 1483/451/731 470/453/731 1481/454/731
f 1221/383/732 2063/449/732 1481/454/732 480/384/732
f 287/447/733 1147/475/733 2064/474/733 1204/444/733
f 1147/475/734 288/411/734 1203/414/734 2064/474/734
f 2064/474/735 1203/414/735 308/411/735 1187/475/735
f 1204/444/736 2064/474/736 1187/475/736 307/447/736
f 295/395/737 1155/393/737 2065/387/737 1201/388/737
f 1155/393/738 296/389/738 1205/390/738 2065/387/738
f 2065/387/693 1205/390/693 316/389/693 1195/393/693
f 1201/388/739 2065/387/739 1195/393/739 315/395/739
f 288/411/740 1148/419/740 2066/413/740 1203/414/740
f 1148/419/741 289/418/741 1206/416/741 2066/413/741
f 2066/413/742 1206/416/742 309/418/742 1188/419/742
f 1203/414/743 2066/413/743 1188/419/743 308/411/743
f 281/420/744 1141/424/744 2067/422/744 1208/423/744
f 1141/424/745 282/378/745 1207/378/745 2067/422/745
f 2067/422/701 1207/378/701 302/378/701 1181/424/701
f 1208/423/746 2067/422/746 1181/424/746 301/420/746
f 296/389/747 1156/455/747 2068/456/747 1205/390/747
f 1156/455/748 297/460/748 1209/458/748 2068/456/748
f 2068/456/711 1209/458/711 317/460/711 1196/455/711
f 1205/390/749 2068/456/749 1196/455/749 316/389/749
f 289/418/750 1149/467/750 2069/465/750 1206/416/750
f 1149/467/751 290/379/751 1210/381/751 2069/465/751
f 2069/465/752 1210/381/752 310/379/752 1189/467/752
f 1206/416/753 2069/465/753 1189/467/753 309/418/753
f 282/378/754 1142/376/754 2070/371/754 1207/378/754
f 1142/376/755 283/373/755 1211/374/755 2070/371/755
f 2070/371/689 1211/374/689 303/373/689 1182/376/689
f 1207/378/690 2070/371/690 1182/376/690 302/378/690
f 297/460/756 1157/479/756 2071/479/756 1209/458/756
f 1157/479/757 298/433/757 1212/436/757 2071/479/757
f 2071/479/758 1212/436/758 318/433/758 1197/479/758
f 1209/458/759 2071/479/759 1197/479/759 317/460/759
f 290/379/760 1150/380/760 2072/380/760 1210/381/760
f 1150/380/761 291/384/761 1213/383/761 2072/380/761
f 2072/380/762 1213/383/762 311/384/762 1190/380/762
f 1210/381/692 2072/380/692 1190/380/692 310/379/692
f 283/373/763 1143/410/763 2073/406/763 1211/374/763
f 1143/410/764 284/407/764 1214/408/764 2073/406/764
f 2073/406/697 1214/408/697 304/407/697 1183/410/697
f 1211/374/765 2073/406/765 1183/410/765 303/373/765
f 298/433/766 1158/434/766 2074/435/766 1212/436/766
f 1158/434/767 299/441/767 1215/438/767 2074/435/767
f 2074/435/768 1215/438/768 319/441/768 1198/434/768
f 1212/436/769 2074/435/769 1198/434/769 318/433/769
f 291/384/770 1151/454/770 2075/449/770 1213/383/770
f 1151/454/771 292/453/771 1216/451/771 2075/449/771
f 2075/449/772 1216/451/772 312/453/772 1191/454/772
f 1213/383/710 2075/449/710 1191/454/710 311/384/710
f 284/407/773 1144/463/773 2076/461/773 1214/408/773
f 1144/463/774 285/180/774 1217/174/774 2076/461/774
f 2076/461/775 1217/174/775 305/180/775 1184/463/775
f 1214/408/776 2076/461/776 1184/463/776 304/407/776
f 299/441/777 1159/472/777 2077/471/777 1215/438/777
f 1159/472/778 300/404/778 1218/493/778 2077/471/778
f 2077/471/719 1218/493/719 320/404/719 1199/472/719
f 1215/438/779 2077/471/779 1199/472/779 319/441/779
f 292/453/780 1152/478/780 2078/477/780 1216/451/780
f 1152/478/781 293/425/781 1219/427/781 2078/477/781
f 2078/477/723 1219/427/723 313/425/723 1192/478/723
f 1216/451/724 2078/477/724 1192/478/724 312/453/724
f 285/180/782 1145/178/782 2079/173/782 1217/174/782
f 1145/178/783 286/177/783 1220/176/783 2079/173/783
f 2079/173/784 1220/176/784 306/177/784 1185/178/784
f 1217/174/86 2079/173/86 1185/178/86 305/180/86
f 300/404/785 1160/403/785 2080/398/785 1218/493/785
f 1160/403/786 281/400/786 1208/401/786 2080/398/786
f 2080/398/695 1208/401/695 301/400/695 1200/403/695
f 1218/493/787 2080/398/787 1200/403/787 320/404/787
f 293/425/788 1153/432/788 2081/426/788 1219/427/788
f 1153/432/789 294/431/789 1202/429/789 2081/426/789
f 2081/426/790 1202/429/790 314/431/790 1193/432/790
f 1219/427/704 2081/426/704 1193/432/704 313/425/704
f 286/177/791 1146/443/791 2082/443/791 1220/176/791
f 1146/443/792 287/447/792 1204/444/792 2082/443/792
f 2082/443/793 1204/444/793 307/447/793 1186/443/793
f 1220/176/708 2082/443/708 1186/443/708 306/177/708
f 304/407/794 1184/463/794 2083/515/794 1485/489/794
f 1184/463/795 305/180/795 1484/516/795 2083/515/795
f 2083/515/796 1484/516/796 464/516/796 1225/517/796
f 1485/489/797 2083/515/797 1225/517/797 463/489/797
f 319/441/798 1199/472/798 2084/471/798 1487/438/798
f 1199/472/799 320/404/799 1486/493/799 2084/471/799
f 2084/471/800 1486/493/800 478/404/800 1238/472/800
f 1487/438/801 2084/471/801 1238/472/801 477/441/801
f 312/453/802 1192/478/802 2085/518/802 1483/451/802
f 1192/478/803 313/425/803 1488/425/803 2085/518/803
f 2085/518/804 1488/425/804 471/499/804 1231/518/804
f 1483/451/805 2085/518/805 1231/518/805 470/453/805
f 305/180/806 1185/178/806 2086/519/806 1484/516/806
f 1185/178/807 306/177/807 1489/520/807 2086/519/807
f 2086/519/808 1489/520/808 465/521/808 1226/173/808
f 1484/516/809 2086/519/809 1226/173/809 464/516/809
f 320/404/810 1200/403/810 2087/398/810 1486/493/810
f 1200/403/811 301/400/811 1222/401/811 2087/398/811
f 2087/398/812 1222/401/812 479/400/812 1482/403/812
f 1486/493/813 2087/398/813 1482/403/813 478/404/813
f 313/425/814 1193/432/814 2088/522/814 1488/425/814
f 1193/432/815 314/431/815 1490/431/815 2088/522/815
f 2088/522/816 1490/431/816 472/523/816 1232/426/816
f 1488/425/817 2088/522/817 1232/426/817 471/499/817
f 306/177/818 1186/443/818 2089/506/818 1489/520/818
f 1186/443/819 307/447/819 1491/446/819 2089/506/819
f 2089/506/820 1491/446/820 466/446/820 1227/524/820
f 1489/520/821 2089/506/821 1227/524/821 465/521/821
f 314/431/822 1194/468/822 2090/525/822 1490/431/822
f 1194/468/823 315/395/823 1492/526/823 2090/525/823
f 2090/525/824 1492/526/824 473/526/824 1233/525/824
f 1490/431/825 2090/525/825 1233/525/825 472/523/825
f 307/447/826 1187/475/826 2091/474/826 1491/446/826
f 1187/475/827 308/411/827 1493/414/827 2091/474/827
f 2091/474/828 1493/414/828 467/411/828 1228/475/828
f 1491/446/829 2091/474/829 1228/475/829 466/446/829
f 315/395/830 1195/393/830 2092/387/830 1492/526/830
f 1195/393/831 316/389/831 1494/390/831 2092/387/831
f 2092/387/832 1494/390/832 474/389/832 1234/393/832
f 1492/526/833 2092/387/833 1234/393/833 473/526/833
f 308/411/834 1188/419/834 2093/527/834 1493/414/834
f 1188/419/835 309/418/835 1495/418/835 2093/527/835
f 2093/527/836 1495/418/836 468/528/836 1229/527/836
f 1493/414/837 2093/527/837 1229/527/837 467/411/837
f 301/420/838 1181/424/838 2094/422/838 1222/423/838
f 1181/424/839 302/378/839 1496/529/839 2094/422/839
f 2094/422/840 1496/529/840 461/530/840 1479/531/840
f 1222/423/841 2094/422/841 1479/531/841 479/423/841
f 316/389/842 1196/455/842 2095/532/842 1494/390/842
f 1196/455/843 317/460/843 1497/533/843 2095/532/843
f 2095/532/844 1497/533/844 475/534/844 1235/532/844
f 1494/390/845 2095/532/845 1235/532/845 474/389/845
f 309/418/846 1189/467/846 2096/466/846 1495/418/846
f 1189/467/847 310/379/847 1498/379/847 2096/466/847
f 2096/466/848 1498/379/848 469/535/848 1230/467/848
f 1495/418/849 2096/466/849 1230/467/849 468/528/849
f 302/378/850 1182/376/850 2097/536/850 1496/529/850
f 1182/376/851 303/373/851 1499/405/851 2097/536/851
f 2097/536/852 1499/405/852 462/405/852 1223/536/852
f 1496/529/853 2097/536/853 1223/536/853 461/530/853
f 317/460/854 1197/479/854 2098/480/854 1497/533/854
f 1197/479/855 318/433/855 1500/433/855 2098/480/855
f 2098/480/856 1500/433/856 476/482/856 1236/479/856
f 1497/533/857 2098/480/857 1236/479/857 475/534/857
f 310/379/858 1190/380/858 2099/537/858 1498/379/858
f 1190/380/859 311/384/859 1221/383/859 2099/537/859
f 2099/537/860 1221/383/860 480/384/860 1480/537/860
f 1498/379/861 2099/537/861 1480/537/861 469/535/861
f 303/373/862 1183/410/862 2100/406/862 1499/405/862
f 1183/410/863 304/407/863 1485/489/863 2100/406/863
f 2100/406/864 1485/489/864 463/489/864 1224/410/864
f 1499/405/865 2100/406/865 1224/410/865 462/405/865
f 318/433/866 1198/434/866 2101/538/866 1500/433/866
f 1198/434/867 319/441/867 1487/438/867 2101/538/867
f 2101/538/868 1487/438/868 477/441/868 1237/538/868
f 1500/433/869 2101/538/869 1237/538/869 476/482/869
f 321/539/407 1637/540/407 2102/541/407 1640/542/407
f 323/543/407 1621/544/407 2102/541/407 1637/540/407
f 324/545/407 1622/546/407 2102/541/407 1621/544/407
f 325/547/407 1623/548/407 2102/541/407 1622/546/407
f 326/549/407 1624/550/407 2102/541/407 1623/548/407
f 327/551/407 1625/552/407 2102/541/407 1624/550/407
f 328/553/407 1626/554/407 2102/541/407 1625/552/407
f 329/555/407 1627/556/407 2102/541/407 1626/554/407
f 330/557/407 1628/558/407 2102/541/407 1627/556/407
f 331/559/407 1638/560/407 2102/541/407 1628/558/407
f 322/561/407 1639/562/407 2102/541/407 1638/560/407
f 332/563/407 1629/564/407 2102/541/407 1639/562/407
f 333/565/407 1630/566/407 2102/541/407 1629/564/407
f 334/567/407 1631/568/407 2102/541/407 1630/566/407
f 335/569/407 1632/570/407 2102/541/407 1631/568/407
f 336/571/407 1633/572/407 2102/541/407 1632/570/407
f 337/573/407 1634/574/407 2102/541/407 1633/572/407
f 338/575/407 1635/576/407 2102/541/407 1634/574/407
f 339/577/407 1636/578/407 2102/541/407 1635/576/407
f 340/579/407 1640/542/407 2102/541/407 1636/578/407
f 161/6/1030 1319/228/1030 2143/704/1030 1359/230/1030
f 1319/228/1031 162/227/1031 1360/227/1031 2143/704/1031
f 2143/704/1032 1360/227/1032 381/227/1032 901/228/1032
f 1359/230/1033 2143/704/1033 901/228/1033 382/6/1033
f 162/227/1034 1320/245/1034 2144/245/1034 1360/227/1034
f 1320/245/1035 163/221/1035 1361/222/1035 2144/245/1035
f 2144/245/1036 1361/222/1036 383/221/1036 902/245/1036
f 1360/227/1037 2144/245/1037 902/245/1037 381/227/1037
f 163/221/1038 1321/218/1038 2145/218/1038 1361/222/1038
f 1321/218/1039 164/217/1039 1362/220/1039 2145/218/1039
f 2145/218/1040 1362/220/1040 384/217/1040 903/218/1040
f 1361/222/1041 2145/218/1041 903/218/1041 383/221/1041
f 164/217/1042 1322/239/1042 2146/240/1042 1362/220/1042
f 1322/239/1043 165/201/1043 1363/202/1043 2146/240/1043
f 2146/240/1044 1363/202/1044 385/201/1044 904/239/1044
f 1362/220/1045 2146/240/1045 904/239/1045 384/217/1045
f 165/201/1046 1323/198/1046 2147/199/1046 1363/202/1046
f 1323/198/1047 166/197/1047 1364/705/1047 2147/199/1047
f 2147/199/1048 1364/705/1048 386/197/1048 905/198/1048
f 1363/202/1049 2147/199/1049 905/198/1049 385/201/1049
f 166/197/1050 1324/234/1050 2148/235/1050 1364/705/1050
f 1324/234/1051 167/153/1051 1365/706/1051 2148/235/1051
f 2148/235/1052 1365/706/1052 387/153/1052 906/234/1052
f 1364/705/1053 2148/235/1053 906/234/1053 386/197/1053
f 167/153/1054 1325/150/1054 2149/151/1054 1365/706/1054
f 1325/150/1055 168/149/1055 1366/707/1055 2149/151/1055
f 2149/151/1056 1366/707/1056 388/149/1056 907/150/1056
f 1365/706/1057 2149/151/1057 907/150/1057 387/153/1057
f 168/149/1058 1326/224/1058 2150/253/1058 1366/707/1058
f 1326/224/1059 169/223/1059 1367/703/1059 2150/253/1059
f 2150/253/1060 1367/703/1060 389/223/1060 908/224/1060
f 1366/707/1061 2150/253/1061 908/224/1061 388/149/1061
f 169/223/1062 1327/241/1062 2151/708/1062 1367/703/1062
f 1327/241/1063 170/207/1063 1368/709/1063 2151/708/1063
f 2151/708/1064 1368/709/1064 390/207/1064 909/241/1064
f 1367/703/1065 2151/708/1065 909/241/1065 389/223/1065
f 170/207/1066 1328/204/1066 2152/710/1066 1368/709/1066
f 1328/204/1067 171/203/1067 1369/206/1067 2152/710/1067
f 2152/710/1068 1369/206/1068 391/203/1068 910/204/1068
f 1368/709/1069 2152/710/1069 910/204/1069 390/207/1069
f 171/203/1070 1329/236/1070 2153/237/1070 1369/206/1070
f 1329/236/1071 172/189/1071 1370/711/1071 2153/237/1071
f 2153/237/1072 1370/711/1072 392/189/1072 911/236/1072
f 1369/206/1073 2153/237/1073 911/236/1073 391/203/1073
f 172/189/1074 1330/187/1074 2154/712/1074 1370/711/1074
f 1330/187/1075 173/185/1075 1371/713/1075 2154/712/1075
f 2154/712/1076 1371/713/1076 393/185/1076 912/187/1076
f 1370/711/1077 2154/712/1077 912/187/1077 392/189/1077
f 173/185/1078 1331/182/1078 2155/356/1078 1371/713/1078
f 1331/182/1079 174/181/1079 1372/714/1079 2155/356/1079
f 2155/356/1080 1372/714/1080 394/181/1080 913/182/1080
f 1371/713/1081 2155/356/1081 913/182/1081 393/185/1081
f 174/181/1082 1332/242/1082 2156/243/1082 1372/714/1082
f 1332/242/1083 175/212/1083 1373/715/1083 2156/243/1083
f 2156/243/1084 1373/715/1084 395/212/1084 914/242/1084
f 1372/714/1085 2156/243/1085 914/242/1085 394/181/1085
f 175/212/1086 1333/210/1086 2157/716/1086 1373/715/1086
f 1333/210/1087 176/209/1087 1374/717/1087 2157/716/1087
f 2157/716/1088 1374/717/1088 396/209/1088 915/210/1088
f 1373/715/1089 2157/716/1089 915/210/1089 395/212/1089
f 176/209/1090 1334/238/1090 2158/256/1090 1374/717/1090
f 1334/238/1091 177/195/1091 1375/718/1091 2158/256/1091
f 2158/256/1092 1375/718/1092 397/195/1092 916/238/1092
f 1374/717/1093 2158/256/1093 916/238/1093 396/209/1093
f 177/195/1094 1335/192/1094 2159/322/1094 1375/718/1094
f 1335/192/1095 178/191/1095 1376/194/1095 2159/322/1095
f 2159/322/1096 1376/194/1096 398/191/1096 917/192/1096
f 1375/718/1097 2159/322/1097 917/192/1097 397/195/1097
f 178/191/1098 1336/232/1098 2160/232/1098 1376/194/1098
f 1336/232/1099 179/231/1099 1377/233/1099 2160/232/1099
f 2160/232/1100 1377/233/1100 399/231/1100 918/232/1100
f 1376/194/1101 2160/232/1101 918/232/1101 398/191/1101
f 179/231/1102 1337/244/1102 2161/719/1102 1377/233/1102
f 1337/244/1103 180/216/1103 1378/720/1103 2161/719/1103
f 2161/719/1104 1378/720/1104 400/216/1104 919/244/1104
f 1377/233/1105 2161/719/1105 919/244/1105 399/231/1105
f 180/216/1106 1338/214/1106 2162/350/1106 1378/720/1106
f 1338/214/1107 161/167/1107 1359/215/1107 2162/350/1107
f 2162/350/1108 1359/215/1108 382/167/1108 920/214/1108
f 1378/720/1109 2162/350/1109 920/214/1109 400/216/1109
f 182/227/1110 1339/228/1110 2163/228/1110 1379/229/1110
f 1339/228/1111 181/6/1111 1380/230/1111 2163/228/1111
f 2163/228/1112 1380/230/1112 402/6/1112 941/228/1112
f 1379/229/1113 2163/228/1113 941/228/1113 401/227/1113
f 183/221/1114 1340/245/1114 2164/245/1114 1381/222/1114
f 1340/245/1115 182/227/1115 1379/229/1115 2164/245/1115
f 2164/245/1116 1379/229/1116 401/227/1116 942/245/1116
f 1381/222/1117 2164/245/1117 942/245/1117 403/221/1117
f 184/217/1118 1341/218/1118 2165/219/1118 1382/220/1118
f 1341/218/1119 183/221/1119 1381/222/1119 2165/219/1119
f 2165/219/1120 1381/222/1120 403/221/1120 943/218/1120
f 1382/220/1121 2165/219/1121 943/218/1121 404/217/1121
f 185/201/1122 1342/239/1122 2166/240/1122 1383/202/1122
f 1342/239/1123 184/217/1123 1382/220/1123 2166/240/1123
f 2166/240/1124 1382/220/1124 404/217/1124 944/239/1124
f 1383/202/1125 2166/240/1125 944/239/1125 405/201/1125
f 186/197/1126 1343/198/1126 2167/199/1126 1384/200/1126
f 1343/198/1127 185/201/1127 1383/202/1127 2167/199/1127
f 2167/199/1128 1383/202/1128 405/201/1128 945/198/1128
f 1384/200/1129 2167/199/1129 945/198/1129 406/197/1129
f 187/153/1130 1344/234/1130 2168/235/1130 1385/154/1130
f 1344/234/1131 186/197/1131 1384/200/1131 2168/235/1131
f 2168/235/1132 1384/200/1132 406/197/1132 946/234/1132
f 1385/154/1133 2168/235/1133 946/234/1133 407/153/1133
f 188/149/1134 1345/150/1134 2169/151/1134 1386/152/1134
f 1345/150/1135 187/153/1135 1385/154/1135 2169/151/1135
f 2169/151/1136 1385/154/1136 407/153/1136 947/150/1136
f 1386/152/1137 2169/151/1137 947/150/1137 408/149/1137
f 189/223/1138 1346/224/1138 2170/225/1138 1387/226/1138
f 1346/224/1139 188/149/1139 1386/152/1139 2170/225/1139
f 2170/225/1140 1386/152/1140 408/149/1140 948/224/1140
f 1387/226/1141 2170/225/1141 948/224/1141 409/223/1141
f 190/207/1142 1347/241/1142 2171/241/1142 1388/208/1142
f 1347/241/1143 189/223/1143 1387/226/1143 2171/241/1143
f 2171/241/1144 1387/226/1144 409/223/1144 949/241/1144
f 1388/208/1145 2171/241/1145 949/241/1145 410/207/1145
f 191/203/1146 1348/204/1146 2172/205/1146 1389/206/1146
f 1348/204/1147 190/207/1147 1388/208/1147 2172/205/1147
f 2172/205/1148 1388/208/1148 410/207/1148 950/204/1148
f 1389/206/1149 2172/205/1149 950/204/1149 411/203/1149
f 192/189/1150 1349/236/1150 2173/237/1150 1390/190/1150
f 1349/236/1151 191/203/1151 1389/206/1151 2173/237/1151
f 2173/237/1152 1389/206/1152 411/203/1152 951/236/1152
f 1390/190/1153 2173/237/1153 951/236/1153 412/189/1153
f 193/185/1154 1350/187/1154 2174/188/1154 1391/186/1154
f 1350/187/1155 192/189/1155 1390/190/1155 2174/188/1155
f 2174/188/1156 1390/190/1156 412/189/1156 952/187/1156
f 1391/186/1157 2174/188/1157 952/187/1157 413/185/1157
f 194/181/1158 1351/182/1158 2175/183/1158 1392/184/1158
f 1351/182/1159 193/185/1159 1391/186/1159 2175/183/1159
f 2175/183/1160 1391/186/1160 413/185/1160 953/182/1160
f 1392/184/1161 2175/183/1161 953/182/1161 414/181/1161
f 195/212/1162 1352/242/1162 2176/243/1162 1393/213/1162
f 1352/242/1163 194/181/1163 1392/184/1163 2176/243/1163
f 2176/243/1164 1392/184/1164 414/181/1164 954/242/1164
f 1393/213/1165 2176/243/1165 954/242/1165 415/212/1165
f 196/209/1166 1353/210/1166 2177/210/1166 1394/211/1166
f 1353/210/1167 195/212/1167 1393/213/1167 2177/210/1167
f 2177/210/1168 1393/213/1168 415/212/1168 955/210/1168
f 1394/211/1169 2177/210/1169 955/210/1169 416/209/1169
f 197/195/1170 1354/238/1170 2178/238/1170 1395/196/1170
f 1354/238/1171 196/209/1171 1394/211/1171 2178/238/1171
f 2178/238/1172 1394/211/1172 416/209/1172 956/238/1172
f 1395/196/1173 2178/238/1173 956/238/1173 417/195/1173
f 198/191/1174 1355/192/1174 2179/193/1174 1396/194/1174
f 1355/192/1175 197/195/1175 1395/196/1175 2179/193/1175
f 2179/193/1176 1395/196/1176 417/195/1176 957/192/1176
f 1396/194/1177 2179/193/1177 957/192/1177 418/191/1177
f 199/231/1178 1356/232/1178 2180/232/1178 1397/233/1178
f 1356/232/1179 198/191/1179 1396/194/1179 2180/232/1179
f 2180/232/1180 1396/194/1180 418/191/1180 958/232/1180
f 1397/233/1181 2180/232/1181 958/232/1181 419/231/1181
f 200/216/1182 1357/244/1182 2181/244/1182 1398/246/1182
f 1357/244/1183 199/231/1183 1397/233/1183 2181/244/1183
f 2181/244/1184 1397/233/1184 419/231/1184 959/244/1184
f 1398/246/1185 2181/244/1185 959/244/1185 420/216/1185
f 181/167/1186 1358/214/1186 2182/214/1186 1380/215/1186
f 1358/214/1187 200/216/1187 1398/246/1187 2182/214/1187
f 2182/214/1188 1398/246/1188 420/216/1188 960/214/1188
f 1380/215/1189 2182/214/1189 960/214/1189 402/167/1189
f 121/6/1190 1399/228/1190 2183/704/1190 1439/230/1190
f 1399/228/1191 122/227/1191 1440/227/1191 2183/704/1191
f 2183/704/1192 1440/227/1192 421/227/1192 821/228/1192
f 1439/230/1193 2183/704/1193 821/228/1193 422/6/1193
f 122/227/1194 1400/245/1194 2184/245/1194 1440/227/1194
f 1400/245/1195 123/221/1195 1441/222/1195 2184/245/1195
f 2184/245/1196 1441/222/1196 423/221/1196 822/245/1196
f 1440/227/1197 2184/245/1197 822/245/1197 421/227/1197
f 123/221/1198 1401/218/1198 2185/218/1198 1441/222/1198
f 1401/218/1199 124/217/1199 1442/220/1199 2185/218/1199
f 2185/218/1200 1442/220/1200 424/217/1200 823/218/1200
f 1441/222/1201 2185/218/1201 823/218/1201 423/221/1201
f 124/217/1202 1402/239/1202 2186/240/1202 1442/220/1202
f 1402/239/1203 125/201/1203 1443/202/1203 2186/240/1203
f 2186/240/1204 1443/202/1204 425/201/1204 824/239/1204
f 1442/220/1205 2186/240/1205 824/239/1205 424/217/1205
f 125/201/1206 1403/198/1206 2187/199/1206 1443/202/1206
f 1403/198/1207 126/197/1207 1444/705/1207 2187/199/1207
f 2187/199/1208 1444/705/1208 426/197/1208 825/198/1208
f 1443/202/1209 2187/199/1209 825/198/1209 425/201/1209
f 126/197/1210 1404/234/1210 2188/235/1210 1444/705/1210
f 1404/234/1211 127/153/1211 1445/706/1211 2188/235/1211
f 2188/235/1212 1445/706/1212 427/153/1212 826/234/1212
f 1444/705/1213 2188/235/1213 826/234/1213 426/197/1213
f 127/153/1214 1405/150/1214 2189/151/1214 1445/706/1214
f 1405/150/1215 128/149/1215 1446/707/1215 2189/151/1215
f 2189/151/1216 1446/707/1216 428/149/1216 827/150/1216
f 1445/706/1217 2189/151/1217 827/150/1217 427/153/1217
f 128/149/1218 1406/224/1218 2190/253/1218 1446/707/1218
f 1406/224/1219 129/223/1219 1447/703/1219 2190/253/1219
f 2190/253/1220 1447/703/1220 429/223/1220 828/224/1220
f 1446/707/1221 2190/253/1221 828/224/1221 428/149/1221
f 129/223/1222 1407/241/1222 2191/708/1222 1447/703/1222
f 1407/241/1223 130/207/1223 1448/709/1223 2191/708/1223
f 2191/708/1224 1448/709/1224 430/207/1224 829/241/1224
f 1447/703/1225 2191/708/1225 829/241/1225 429/223/1225
f 130/207/1226 1408/204/1226 2192/710/1226 1448/709/1226
f 1408/204/1227 131/203/1227 1449/206/1227 2192/710/1227
f 2192/710/1228 1449/206/1228 431/203/1228 830/204/1228
f 1448/709/1229 2192/710/1229 830/204/1229 430/207/1229
f 131/203/1230 1409/236/1230 2193/237/1230 1449/206/1230
f 1409/236/1231 132/189/1231 1450/711/1231 2193/237/1231
f 2193/237/1232 1450/711/1232 432/189/1232 831/236/1232
f 1449/206/1233 2193/237/1233 831/236/1233 431/203/1233
f 132/189/1234 1410/187/1234 2194/712/1234 1450/711/1234
f 1410/187/1235 133/185/1235 1451/713/1235 2194/712/1235
f 2194/712/1236 1451/713/1236 433/185/1236 832/187/1236
f 1450/711/1237 2194/712/1237 832/187/1237 432/189/1237
f 133/185/1238 1411/182/1238 2195/356/1238 1451/713/1238
f 1411/182/1239 134/181/1239 1452/714/1239 2195/356/1239
f 2195/356/1240 1452/714/1240 434/181/1240 833/182/1240
f 1451/713/1241 2195/356/1241 833/182/1241 433/185/1241
f 134/181/1242 1412/242/1242 2196/243/1242 1452/714/1242
f 1412/242/1243 135/212/1243 1453/715/1243 2196/243/1243
f 2196/243/1244 1453/715/1244 435/212/1244 834/242/1244
f 1452/714/1245 2196/243/1245 834/242/1245 434/181/1245
f 135/212/1246 1413/210/1246 2197/716/1246 1453/715/1246
f 1413/210/1247 136/209/1247 1454/717/1247 2197/716/1247
f 2197/716/1248 1454/717/1248 436/209/1248 835/210/1248
f 1453/715/1249 2197/716/1249 835/210/1249 435/212/1249
f 136/209/1250 1414/238/1250 2198/256/1250 1454/717/1250
f 1414/238/1251 137/195/1251 1455/718/1251 2198/256/1251
f 2198/256/1252 1455/718/1252 437/195/1252 836/238/1252
f 1454/717/1253 2198/256/1253 836/238/1253 436/209/1253
f 137/195/1254 1415/192/1254 2199/322/1254 1455/718/1254
f 1415/192/1255 138/191/1255 1456/194/1255 2199/322/1255
f 2199/322/1256 1456/194/1256 438/191/1256 837/192/1256
f 1455/718/1257 2199/322/1257 837/192/1257 437/195/1257
f 138/191/1258 1416/232/1258 2200/232/1258 1456/194/1258
f 1416/232/1259 139/231/1259 1457/233/1259 2200/232/1259
f 2200/232/1260 1457/233/1260 439/231/1260 838/232/1260
f 1456/194/1261 2200/232/1261 838/232/1261 438/191/1261
f 139/231/1262 1417/244/1262 2201/719/1262 1457/233/1262
f 1417/244/1263 140/216/1263 1458/720/1263 2201/719/1263
f 2201/719/1264 1458/720/1264 440/216/1264 839/244/1264
f 1457/233/1265 2201/719/1265 839/244/1265 439/231/1265
f 140/216/1266 1418/214/1266 2202/350/1266 1458/720/1266
f 1418/214/1267 121/167/1267 1439/215/1267 2202/350/1267
f 2202/350/1268 1439/215/1268 422/167/1268 840/214/1268
f 1458/720/1269 2202/350/1269 840/214/1269 440/216/1269
f 142/227/1270 1419/228/1270 2203/228/1270 1459/229/1270
f 1419/228/1271 141/6/1271 1460/230/1271 2203/228/1271
f 2203/228/1272 1460/230/1272 442/6/1272 861/228/1272
f 1459/229/1273 2203/228/1273 861/228/1273 441/227/1273
f 143/221/1274 1420/245/1274 2204/245/1274 1461/222/1274
f 1420/245/1275 142/227/1275 1459/229/1275 2204/245/1275
f 2204/245/1276 1459/229/1276 441/227/1276 862/245/1276
f 1461/222/1277 2204/245/1277 862/245/1277 443/221/1277
f 144/217/1278 1421/218/1278 2205/219/1278 1462/220/1278
f 1421/218/1279 143/221/1279 1461/222/1279 2205/219/1279
f 2205/219/1280 1461/222/1280 443/221/1280 863/218/1280
f 1462/220/1281 2205/219/1281 863/218/1281 444/217/1281
f 145/201/1282 1422/239/1282 2206/240/1282 1463/202/1282
f 1422/239/1283 144/217/1283 1462/220/1283 2206/240/1283
f 2206/240/1284 1462/220/1284 444/217/1284 864/239/1284
f 1463/202/1285 2206/240/1285 864/239/1285 445/201/1285
f 146/197/1286 1423/198/1286 2207/199/1286 1464/200/1286
f 1423/198/1287 145/201/1287 1463/202/1287 2207/199/1287
f 2207/199/1288 1463/202/1288 445/201/1288 865/198/1288
f 1464/200/1289 2207/199/1289 865/198/1289 446/197/1289
f 147/153/1290 1424/234/1290 2208/235/1290 1465/154/1290
f 1424/234/1291 146/197/1291 1464/200/1291 2208/235/1291
f 2208/235/1292 1464/200/1292 446/197/1292 866/234/1292
f 1465/154/1293 2208/235/1293 866/234/1293 447/153/1293
f 148/149/1294 1425/150/1294 2209/151/1294 1466/152/1294
f 1425/150/1295 147/153/1295 1465/154/1295 2209/151/1295
f 2209/151/1296 1465/154/1296 447/153/1296 867/150/1296
f 1466/152/1297 2209/151/1297 867/150/1297 448/149/1297
f 149/223/1298 1426/224/1298 2210/225/1298 1467/226/1298
f 1426/224/1299 148/149/1299 1466/152/1299 2210/225/1299
f 2210/225/1300 1466/152/1300 448/149/1300 868/224/1300
f 1467/226/1301 2210/225/1301 868/224/1301 449/223/1301
f 150/207/1302 1427/241/1302 2211/241/1302 1468/208/1302
f 1427/241/1303 149/223/1303 1467/226/1303 2211/241/1303
f 2211/241/1304 1467/226/1304 449/223/1304 869/241/1304
f 1468/208/1305 2211/241/1305 869/241/1305 450/207/1305
f 151/203/1306 1428/204/1306 2212/205/1306 1469/206/1306
f 1428/204/1307 150/207/1307 1468/208/1307 2212/205/1307
f 2212/205/1308 1468/208/1308 450/207/1308 870/204/1308
f 1469/206/1309 2212/205/1309 870/204/1309 451/203/1309
f 152/189/1310 1429/236/1310 2213/237/1310 1470/190/1310
f 1429/236/1311 151/203/1311 1469/206/1311 2213/237/1311
f 2213/237/1312 1469/206/1312 451/203/1312 871/236/1312
f 1470/190/1313 2213/237/1313 871/236/1313 452/189/1313
f 153/185/1314 1430/187/1314 2214/188/1314 1471/186/1314
f 1430/187/1315 152/189/1315 1470/190/1315 2214/188/1315
f 2214/188/1316 1470/190/1316 452/189/1316 872/187/1316
f 1471/186/1317 2214/188/1317 872/187/1317 453/185/1317
f 154/181/1318 1431/182/1318 2215/183/1318 1472/184/1318
f 1431/182/1319 153/185/1319 1471/186/1319 2215/183/1319
f 2215/183/1320 1471/186/1320 453/185/1320 873/182/1320
f 1472/184/1321 2215/183/1321 873/182/1321 454/181/1321
f 155/212/1322 1432/242/1322 2216/243/1322 1473/213/1322
f 1432/242/1323 154/181/1323 1472/184/1323 2216/243/1323
f 2216/243/1324 1472/184/1324 454/181/1324 874/242/1324
f 1473/213/1325 2216/243/1325 874/242/1325 455/212/1325
f 156/209/1326 1433/210/1326 2217/210/1326 1474/211/1326
f 1433/210/1327 155/212/1327 1473/213/1327 2217/210/1327
f 2217/210/1328 1473/213/1328 455/212/1328 875/210/1328
f 1474/211/1329 2217/210/1329 875/210/1329 456/209/1329
f 157/195/1330 1434/238/1330 2218/238/1330 1475/196/1330
f 1434/238/1331 156/209/1331 1474/211/1331 2218/238/1331
f 2218/238/1332 1474/211/1332 456/209/1332 876/238/1332
f 1475/196/1333 2218/238/1333 876/238/1333 457/195/1333
f 158/191/1334 1435/192/1334 2219/193/1334 1476/194/1334
f 1435/192/1335 157/195/1335 1475/196/1335 2219/193/1335
f 2219/193/1336 1475/196/1336 457/195/1336 877/192/1336
f 1476/194/1337 2219/193/1337 877/192/1337 458/191/1337
f 159/231/1338 1436/232/1338 2220/232/1338 1477/233/1338
f 1436/232/1339 158/191/1339 1476/194/1339 2220/232/1339
f 2220/232/1340 1476/194/1340 458/191/1340 878/232/1340
f 1477/233/1341 2220/232/1341 878/232/1341 459/231/1341
f 160/216/1342 1437/244/1342 2221/244/1342 1478/246/1342
f 1437/244/1343 159/231/1343 1477/233/1343 2221/244/1343
f 2221/244/1344 1477/233/1344 459/231/1344 879/244/1344
f 1478/246/1345 2221/244/1345 879/244/1345 460/216/1345
f 141/167/1346 1438/214/1346 2222/214/1346 1460/215/1346
f 1438/214/1347 160/216/1347 1478/246/1347 2222/214/1347
f 2222/214/1348 1478/246/1348 460/216/1348 880/214/1348
f 1460/215/1349 2222/214/1349 880/214/1349 442/167/1349
f 539/721/1350 1520/722/1350 2223/723/1350 1604/724/1350
f 1520/722/1351 538/725/1351 1538/726/1351 2223/723/1351
f 2223/723/1352 1538/726/1352 517/727/1352 1570/542/1352
f 1604/724/1353 2223/723/1353 1570/542/1353 520/721/1353
f 463/489/1354 1225/517/1354 2224/517/1354 1599/728/1354
f 1225/517/1355 464/516/1355 1603/729/1355 2224/517/1355
f 2224/517/1356 1603/729/1356 484/174/1356 1543/461/1356
f 1599/728/1357 2224/517/1357 1543/461/1357 483/728/1357
f 477/441/1358 1238/472/1358 2225/730/1358 1593/441/1358
f 1238/472/1359 478/404/1359 1602/404/1359 2225/730/1359
f 2225/730/1360 1602/404/1360 497/404/1360 1552/491/1360
f 1593/441/1361 2225/730/1361 1552/491/1361 496/731/1361
f 525/551/1362 1504/732/1362 2226/733/1362 1525/734/1362
f 1504/732/1363 524/549/1363 1524/735/1363 2226/733/1363
f 2226/733/1364 1524/735/1364 464/736/1364 1226/737/1364
f 1525/734/1365 2226/733/1365 1226/737/1365 465/738/1365
f 527/739/1366 1506/740/1366 2227/741/1366 1601/742/1366
f 1506/740/1367 526/743/1367 1596/744/1367 2227/741/1367
f 2227/741/1368 1596/744/1368 506/745/1368 1560/746/1368
f 1601/742/1369 2227/741/1369 1560/746/1369 507/747/1369
f 530/748/1370 1519/749/1370 2228/750/1370 1600/751/1370
f 1519/749/1371 540/752/1371 1592/753/1371 2228/750/1371
f 2228/750/1372 1592/753/1372 519/754/1372 1569/755/1372
f 1600/751/1373 2228/750/1373 1569/755/1373 509/756/1373
f 462/405/1374 1224/410/1374 2229/409/1374 1523/405/1374
f 1224/410/1375 463/489/1375 1599/728/1375 2229/409/1375
f 2229/409/1376 1599/728/1376 483/728/1376 1542/410/1376
f 1523/405/1377 2229/409/1377 1542/410/1377 482/757/1377
f 529/559/1378 1508/758/1378 2230/759/1378 1529/760/1378
f 1508/758/1379 528/557/1379 1528/761/1379 2230/759/1379
f 2230/759/1380 1528/761/1380 468/762/1380 1230/763/1380
f 1529/760/1381 2230/759/1381 1230/763/1381 469/764/1381
f 532/765/1382 1532/766/1382 2231/767/1382 1598/768/1382
f 1532/766/1383 472/769/1383 1597/769/1383 2231/767/1383
f 2231/767/1384 1597/769/1384 491/769/1384 1582/766/1384
f 1598/768/1385 2231/767/1385 1582/766/1385 511/765/1385
f 532/765/1386 1510/770/1386 2232/771/1386 1532/766/1386
f 1510/770/1387 531/565/1387 1530/772/1387 2232/771/1387
f 2232/771/1388 1530/772/1388 471/773/1388 1232/774/1388
f 1532/766/1389 2232/771/1389 1232/774/1389 472/769/1389
f 526/743/1390 1505/775/1390 2233/776/1390 1596/744/1390
f 1505/775/1391 525/551/1391 1595/777/1391 2233/776/1391
f 2233/776/1392 1595/777/1392 505/778/1392 1559/552/1392
f 1596/744/1393 2233/776/1393 1559/552/1393 506/745/1393
f 476/482/1394 1237/538/1394 2234/538/1394 1594/436/1394
f 1237/538/1395 477/441/1395 1593/441/1395 2234/538/1395
f 2234/538/1396 1593/441/1396 496/731/1396 1551/435/1396
f 1594/436/1397 2234/538/1397 1551/435/1397 495/436/1397
f 540/752/1398 1518/779/1398 2235/780/1398 1592/753/1398
f 1518/779/1399 529/559/1399 1591/781/1399 2235/780/1399
f 2235/780/1400 1591/781/1400 518/782/1400 1568/783/1400
f 1592/753/1401 2235/780/1401 1568/783/1401 519/754/1401
f 536/575/1402 1514/784/1402 2236/785/1402 1536/786/1402
f 1514/784/1403 535/573/1403 1535/787/1403 2236/785/1403
f 2236/785/1404 1535/787/1404 475/788/1404 1236/789/1404
f 1536/786/1405 2236/785/1405 1236/789/1405 476/790/1405
f 461/530/1406 1223/536/1406 2237/791/1406 1521/372/1406
f 1223/536/1407 462/405/1407 1523/405/1407 2237/791/1407
f 2237/791/1408 1523/405/1408 482/757/1408 1541/376/1408
f 1521/372/1409 2237/791/1409 1541/376/1409 481/372/1409
f 471/773/1410 1530/772/1410 2238/792/1410 1526/773/1410
f 1530/772/1411 531/565/1411 1527/793/1411 2238/792/1411
f 2238/792/1412 1527/793/1412 510/794/1412 1580/795/1412
f 1526/773/1413 2238/792/1413 1580/795/1413 490/773/1413
f 521/543/1414 1517/796/1414 2239/797/1414 1522/798/1414
f 1517/796/1415 539/721/1415 1539/799/1415 2239/797/1415
f 2239/797/1416 1539/799/1416 479/800/1416 1479/801/1416
f 1522/798/1417 2239/797/1417 1479/801/1417 461/802/1417
f 474/389/1418 1235/532/1418 2240/803/1418 1531/389/1418
f 1235/532/1419 475/534/1419 1533/804/1419 2240/803/1419
f 2240/803/1420 1533/804/1420 494/458/1420 1550/805/1420
f 1531/389/1421 2240/803/1421 1550/805/1421 493/392/1421
f 524/549/1422 1503/806/1422 2241/807/1422 1534/808/1422
f 1503/806/1423 523/809/1423 1537/810/1423 2241/807/1423
f 2241/807/1424 1537/810/1424 503/811/1424 1558/812/1424
f 1534/808/1425 2241/807/1425 1558/812/1425 504/813/1425
f 538/725/1426 1516/814/1426 2242/815/1426 1538/726/1426
f 1516/814/1427 537/816/1427 1540/817/1427 2242/815/1427
f 2242/815/1428 1540/817/1428 516/818/1428 1567/819/1428
f 1538/726/1429 2242/815/1429 1567/819/1429 517/727/1429
f 502/820/1430 1556/821/1430 2243/822/1430 1571/823/1430
f 1556/821/1431 501/543/1431 1572/798/1431 2243/822/1431
f 2243/822/1432 1572/798/1432 481/802/1432 1541/824/1432
f 1571/823/1433 2243/822/1433 1541/824/1433 482/825/1433
f 503/811/1434 1557/546/1434 2244/826/1434 1573/827/1434
f 1557/546/1435 502/820/1435 1571/823/1435 2244/826/1435
f 2244/826/1436 1571/823/1436 482/825/1436 1542/828/1436
f 1573/827/1437 2244/826/1437 1542/828/1437 483/829/1437
f 504/813/1438 1558/812/1438 2245/830/1438 1574/735/1438
f 1558/812/1439 503/811/1439 1573/827/1439 2245/830/1439
f 2245/830/1440 1573/827/1440 483/829/1440 1543/831/1440
f 1574/735/1441 2245/830/1441 1543/831/1441 484/736/1441
f 506/745/1442 1559/552/1442 2246/832/1442 1576/833/1442
f 1559/552/1443 505/778/1443 1575/734/1443 2246/832/1443
f 2246/832/1444 1575/734/1444 485/738/1444 1544/834/1444
f 1576/833/1445 2246/832/1445 1544/834/1445 486/835/1445
f 507/747/1446 1560/746/1446 2247/836/1446 1577/837/1446
f 1560/746/1447 506/745/1447 1576/833/1447 2247/836/1447
f 2247/836/1448 1576/833/1448 486/835/1448 1545/838/1448
f 1577/837/1449 2247/836/1449 1545/838/1449 487/839/1449
f 508/557/1450 1561/556/1450 2248/840/1450 1578/761/1450
f 1561/556/1451 507/747/1451 1577/837/1451 2248/840/1451
f 2248/840/1452 1577/837/1452 487/839/1452 1546/841/1452
f 1578/761/1453 2248/840/1453 1546/841/1453 488/762/1453
f 510/794/1454 1562/842/1454 2249/843/1454 1580/795/1454
f 1562/842/1455 509/756/1455 1581/844/1455 2249/843/1455
f 2249/843/1456 1581/844/1456 489/845/1456 1547/846/1456
f 1580/795/1457 2249/843/1457 1547/846/1457 490/773/1457
f 512/847/1458 1563/848/1458 2250/849/1458 1583/850/1458
f 1563/848/1459 511/765/1459 1582/766/1459 2250/849/1459
f 2250/849/1460 1582/766/1460 491/769/1460 1548/851/1460
f 1583/850/1461 2250/849/1461 1548/851/1461 492/852/1461
f 513/853/1462 1564/854/1462 2251/855/1462 1584/856/1462
f 1564/854/1463 512/847/1463 1583/850/1463 2251/855/1463
f 2251/855/1464 1583/850/1464 492/852/1464 1549/857/1464
f 1584/856/1465 2251/855/1465 1549/857/1465 493/858/1465
f 514/573/1466 1565/859/1466 2252/860/1466 1585/787/1466
f 1565/859/1467 513/853/1467 1584/856/1467 2252/860/1467
f 2252/860/1468 1584/856/1468 493/858/1468 1550/861/1468
f 1585/787/1469 2252/860/1469 1550/861/1469 494/788/1469
f 516/818/1470 1566/862/1470 2253/863/1470 1587/864/1470
f 1566/862/1471 515/575/1471 1586/786/1471 2253/863/1471
f 2253/863/1472 1586/786/1472 495/790/1472 1551/865/1472
f 1587/864/1473 2253/863/1473 1551/865/1473 496/866/1473
f 517/727/1474 1567/819/1474 2254/867/1474 1588/868/1474
f 1567/819/1475 516/818/1475 1587/864/1475 2254/867/1475
f 2254/867/1476 1587/864/1476 496/866/1476 1552/869/1476
f 1588/868/1477 2254/867/1477 1552/869/1477 497/870/1477
f 519/754/1478 1568/783/1478 2255/871/1478 1590/872/1478
f 1568/783/1479 518/782/1479 1579/760/1479 2255/871/1479
f 2255/871/1480 1579/760/1480 498/764/1480 1553/873/1480
f 1590/872/1481 2255/871/1481 1553/873/1481 499/874/1481
f 509/756/1482 1569/755/1482 2256/875/1482 1581/844/1482
f 1569/755/1483 519/754/1483 1590/872/1483 2256/875/1483
f 2256/875/1484 1590/872/1484 499/874/1484 1554/876/1484
f 1581/844/1485 2256/875/1485 1554/876/1485 489/845/1485
f 520/721/1486 1570/542/1486 2257/877/1486 1589/799/1486
f 1570/542/1487 517/727/1487 1588/868/1487 2257/877/1487
f 2257/877/1488 1588/868/1488 497/870/1488 1555/878/1488
f 1589/799/1489 2257/877/1489 1555/878/1489 500/800/1489
f 469/535/1490 1480/537/1490 2258/537/1490 1606/879/1490
f 1480/537/1491 480/384/1491 1605/382/1491 2258/537/1491
f 2258/537/1492 1605/382/1492 499/880/1492 1553/881/1492
f 1606/879/1493 2258/537/1493 1553/881/1493 498/879/1493
f 528/557/1494 1507/882/1494 2259/883/1494 1607/884/1494
f 1507/882/1495 527/739/1495 1601/742/1495 2259/883/1495
f 2259/883/1496 1601/742/1496 507/747/1496 1561/556/1496
f 1607/884/1497 2259/883/1497 1561/556/1497 508/557/1497
f 480/384/1498 1481/454/1498 2260/885/1498 1605/382/1498
f 1481/454/1499 470/453/1499 1608/886/1499 2260/885/1499
f 2260/885/1500 1608/886/1500 489/452/1500 1554/887/1500
f 1605/382/1501 2260/885/1501 1554/887/1501 499/880/1501
f 475/788/1502 1535/787/1502 2261/888/1502 1533/788/1502
f 1535/787/1503 535/573/1503 1609/889/1503 2261/888/1503
f 2261/888/1504 1609/889/1504 514/573/1504 1585/787/1504
f 1533/788/1505 2261/888/1505 1585/787/1505 494/788/1505
f 465/521/1506 1227/524/1506 2262/506/1506 1611/890/1506
f 1227/524/1507 466/446/1507 1610/447/1507 2262/506/1507
f 2262/506/1508 1610/447/1508 486/447/1508 1544/445/1508
f 1611/890/1509 2262/506/1509 1544/445/1509 485/890/1509
f 521/543/1510 1522/798/1510 2263/891/1510 1612/892/1510
f 1522/798/1511 461/802/1511 1521/893/1511 2263/891/1511
f 2263/891/1512 1521/893/1512 481/802/1512 1572/798/1512
f 1612/892/1513 2263/891/1513 1572/798/1513 501/543/1513
f 478/404/1514 1482/403/1514 2264/894/1514 1602/404/1514
f 1482/403/1515 479/400/1515 1613/401/1515 2264/894/1515
f 2264/894/1516 1613/401/1516 500/401/1516 1555/895/1516
f 1602/404/1517 2264/894/1517 1555/895/1517 497/404/1517
f 531/565/1518 1509/896/1518 2265/897/1518 1527/793/1518
f 1509/896/1519 530/748/1519 1600/751/1519 2265/897/1519
f 2265/897/1520 1600/751/1520 509/756/1520 1562/842/1520
f 1527/793/1521 2265/897/1521 1562/842/1521 510/794/1521
f 536/575/1522 1536/786/1522 2266/898/1522 1614/899/1522
f 1536/786/1523 476/790/1523 1594/790/1523 2266/898/1523
f 2266/898/1524 1594/790/1524 495/790/1524 1586/786/1524
f 1614/899/1525 2266/898/1525 1586/786/1525 515/575/1525
f 466/446/1526 1228/475/1526 2267/510/1526 1610/447/1526
f 1228/475/1527 467/411/1527 1615/411/1527 2267/510/1527
f 2267/510/1528 1615/411/1528 487/900/1528 1545/474/1528
f 1610/447/1529 2267/510/1529 1545/474/1529 486/447/1529
f 467/411/1530 1229/527/1530 2268/901/1530 1615/411/1530
f 1229/527/1531 468/528/1531 1616/416/1531 2268/901/1531
f 2268/901/1532 1616/416/1532 488/416/1532 1546/413/1532
f 1615/411/1533 2268/901/1533 1546/413/1533 487/900/1533
f 464/736/1534 1524/735/1534 2269/902/1534 1603/903/1534
f 1524/735/1535 524/549/1535 1534/808/1535 2269/902/1535
f 2269/902/1536 1534/808/1536 504/813/1536 1574/735/1536
f 1603/903/1537 2269/902/1537 1574/735/1537 484/736/1537
f 533/904/1538 1511/905/1538 2270/906/1538 1617/907/1538
f 1511/905/1539 532/765/1539 1598/768/1539 2270/906/1539
f 2270/906/1540 1598/768/1540 511/765/1540 1563/848/1540
f 1617/907/1541 2270/906/1541 1563/848/1541 512/847/1541
f 525/551/1542 1525/734/1542 2271/908/1542 1595/777/1542
f 1525/734/1543 465/738/1543 1611/738/1543 2271/908/1543
f 2271/908/1544 1611/738/1544 485/738/1544 1575/734/1544
f 1595/777/1545 2271/908/1545 1575/734/1545 505/778/1545
f 534/909/1546 1512/910/1546 2272/911/1546 1618/912/1546
f 1512/910/1547 533/904/1547 1617/907/1547 2272/911/1547
f 2272/911/1548 1617/907/1548 512/847/1548 1564/854/1548
f 1618/912/1549 2272/911/1549 1564/854/1549 513/853/1549
f 479/800/1550 1539/799/1550 2273/913/1550 1613/914/1550
f 1539/799/1551 539/721/1551 1604/724/1551 2273/913/1551
f 2273/913/1552 1604/724/1552 520/721/1552 1589/799/1552
f 1613/914/1553 2273/913/1553 1589/799/1553 500/800/1553
f 470/453/1554 1231/518/1554 2274/518/1554 1608/886/1554
f 1231/518/1555 471/499/1555 1526/915/1555 2274/518/1555
f 2274/518/1556 1526/915/1556 490/915/1556 1547/496/1556
f 1608/886/1557 2274/518/1557 1547/496/1557 489/452/1557
f 535/573/1558 1513/916/1558 2275/917/1558 1609/889/1558
f 1513/916/1559 534/909/1559 1618/912/1559 2275/917/1559
f 2275/917/1560 1618/912/1560 513/853/1560 1565/859/1560
f 1609/889/1561 2275/917/1561 1565/859/1561 514/573/1561
f 522/918/1562 1501/919/1562 2276/920/1562 1619/921/1562
f 1501/919/1563 521/543/1563 1612/892/1563 2276/920/1563
f 2276/920/1564 1612/892/1564 501/543/1564 1556/821/1564
f 1619/921/1565 2276/920/1565 1556/821/1565 502/820/1565
f 472/523/1566 1233/525/1566 2277/922/1566 1597/923/1566
f 1233/525/1567 473/526/1567 1620/395/1567 2277/922/1567
f 2277/922/1568 1620/395/1568 492/385/1568 1548/468/1568
f 1597/923/1569 2277/922/1569 1548/468/1569 491/923/1569
f 468/762/1570 1528/761/1570 2278/924/1570 1616/925/1570
f 1528/761/1571 528/557/1571 1607/884/1571 2278/924/1571
f 2278/924/1572 1607/884/1572 508/557/1572 1578/761/1572
f 1616/925/1573 2278/924/1573 1578/761/1573 488/762/1573
f 537/816/1574 1515/926/1574 2279/927/1574 1540/817/1574
f 1515/926/1575 536/575/1575 1614/899/1575 2279/927/1575
f 2279/927/1576 1614/899/1576 515/575/1576 1566/862/1576
f 1540/817/1577 2279/927/1577 1566/862/1577 516/818/1577
f 523/809/1578 1502/928/1578 2280/929/1578 1537/810/1578
f 1502/928/1579 522/918/1579 1619/921/1579 2280/929/1579
f 2280/929/1580 1619/921/1580 502/820/1580 1557/546/1580
f 1537/810/1581 2280/929/1581 1557/546/1581 503/811/1581
f 473/526/1582 1234/393/1582 2281/930/1582 1620/395/1582
f 1234/393/1583 474/389/1583 1531/389/1583 2281/930/1583
f 2281/930/1584 1531/389/1584 493/392/1584 1549/393/1584
f 1620/395/1585 2281/930/1585 1549/393/1585 492/385/1585
f 529/559/1586 1529/760/1586 2282/931/1586 1591/781/1586
f 1529/760/1587 469/764/1587 1606/932/1587 2282/931/1587
f 2282/931/1588 1606/932/1588 498/764/1588 1579/760/1588
f 1591/781/1589 2282/931/1589 1579/760/1589 518/782/1589
f 324/545/1590 1621/544/1590 2283/933/1590 1641/934/1590
f 1621/544/1591 323/543/1591 1642/935/1591 2283/933/1591
f 2283/933/1592 1642/935/1592 521/543/1592 1501/919/1592
f 1641/934/1593 2283/933/1593 1501/919/1593 522/918/1593
f 325/547/1594 1622/546/1594 2284/936/1594 1643/937/1594
f 1622/546/1595 324/545/1595 1641/934/1595 2284/936/1595
f 2284/936/1596 1641/934/1596 522/918/1596 1502/928/1596
f 1643/937/1597 2284/936/1597 1502/928/1597 523/809/1597
f 326/549/1598 1623/548/1598 2285/938/1598 1644/939/1598
f 1623/548/1599 325/547/1599 1643/937/1599 2285/938/1599
f 2285/938/1600 1643/937/1600 523/809/1600 1503/806/1600
f 1644/939/1601 2285/938/1601 1503/806/1601 524/549/1601
f 327/551/1602 1624/550/1602 2286/940/1602 1645/941/1602
f 1624/550/1603 326/549/1603 1644/939/1603 2286/940/1603
f 2286/940/1604 1644/939/1604 524/549/1604 1504/732/1604
f 1645/941/1605 2286/940/1605 1504/732/1605 525/551/1605
f 328/553/1606 1625/552/1606 2287/942/1606 1646/943/1606
f 1625/552/1607 327/551/1607 1645/941/1607 2287/942/1607
f 2287/942/1608 1645/941/1608 525/551/1608 1505/775/1608
f 1646/943/1609 2287/942/1609 1505/775/1609 526/743/1609
f 329/555/1610 1626/554/1610 2288/944/1610 1647/945/1610
f 1626/554/1611 328/553/1611 1646/943/1611 2288/944/1611
f 2288/944/1612 1646/943/1612 526/743/1612 1506/740/1612
f 1647/945/1613 2288/944/1613 1506/740/1613 527/739/1613
f 330/557/1614 1627/556/1614 2289/946/1614 1648/947/1614
f 1627/556/1615 329/555/1615 1647/945/1615 2289/946/1615
f 2289/946/1616 1647/945/1616 527/739/1616 1507/882/1616
f 1648/947/1617 2289/946/1617 1507/882/1617 528/557/1617
f 331/559/1618 1628/558/1618 2290/948/1618 1649/949/1618
f 1628/558/1619 330/557/1619 1648/947/1619 2290/948/1619
f 2290/948/1620 1648/947/1620 528/557/1620 1508/758/1620
f 1649/949/1621 2290/948/1621 1508/758/1621 529/559/1621
f 333/565/1622 1629/564/1622 2291/950/1622 1650/951/1622
f 1629/564/1623 332/563/1623 1651/952/1623 2291/950/1623
f 2291/950/1624 1651/952/1624 530/748/1624 1509/896/1624
f 1650/951/1625 2291/950/1625 1509/896/1625 531/565/1625
f 334/567/1626 1630/566/1626 2292/953/1626 1652/954/1626
f 1630/566/1627 333/565/1627 1650/951/1627 2292/953/1627
f 2292/953/1628 1650/951/1628 531/565/1628 1510/770/1628
f 1652/954/1629 2292/953/1629 1510/770/1629 532/765/1629
f 335/569/1630 1631/568/1630 2293/955/1630 1653/956/1630
f 1631/568/1631 334/567/1631 1652/954/1631 2293/955/1631
f 2293/955/1632 1652/954/1632 532/765/1632 1511/905/1632
f 1653/956/1633 2293/955/1633 1511/905/1633 533/904/1633
f 336/571/1634 1632/570/1634 2294/957/1634 1654/958/1634
f 1632/570/1635 335/569/1635 1653/956/1635 2294/957/1635
f 2294/957/1636 1653/956/1636 533/904/1636 1512/910/1636
f 1654/958/1637 2294/957/1637 1512/910/1637 534/909/1637
f 337/573/1638 1633/572/1638 2295/959/1638 1655/960/1638
f 1633/572/1639 336/571/1639 1654/958/1639 2295/959/1639
f 2295/959/1640 1654/958/1640 534/909/1640 1513/916/1640
f 1655/960/1641 2295/959/1641 1513/916/1641 535/573/1641
f 338/575/1642 1634/574/1642 2296/961/1642 1656/962/1642
f 1634/574/1643 337/573/1643 1655/960/1643 2296/961/1643
f 2296/961/1644 1655/960/1644 535/573/1644 1514/784/1644
f 1656/962/1645 2296/961/1645 1514/784/1645 536/575/1645
f 339/577/1646 1635/576/1646 2297/963/1646 1657/964/1646
f 1635/576/1647 338/575/1647 1656/962/1647 2297/963/1647
f 2297/963/1648 1656/962/1648 536/575/1648 1515/926/1648
f 1657/964/1649 2297/963/1649 1515/926/1649 537/816/1649
f 340/579/1650 1636/578/1650 2298/965/1650 1658/966/1650
f 1636/578/1651 339/577/1651 1657/964/1651 2298/965/1651
f 2298/965/1652 1657/964/1652 537/816/1652 1516/814/1652
f 1658/966/1653 2298/965/1653 1516/814/1653 538/725/1653
f 323/543/1654 1637/540/1654 2299/967/1654 1642/935/1654
f 1637/540/1655 321/539/1655 1659/968/1655 2299/967/1655
f 2299/967/1656 1659/968/1656 539/721/1656 1517/796/1656
f 1642/935/1657 2299/967/1657 1517/796/1657 521/543/1657
f 322/561/1658 1638/560/1658 2300/969/1658 1660/970/1658
f 1638/560/1659 331/559/1659 1649/949/1659 2300/969/1659
f 2300/969/1660 1649/949/1660 529/559/1660 1518/779/1660
f 1660/970/1661 2300/969/1661 1518/779/1661 540/752/1661
f 332/563/1662 1639/562/1662 2301/971/1662 1651/952/1662
f 1639/562/1663 322/561/1663 1660/970/1663 2301/971/1663
f 2301/971/1664 1660/970/1664 540/752/1664 1519/749/1664
f 1651/952/1665 2301/971/1665 1519/749/1665 530/748/1665
f 321/539/1666 1640/542/1666 2302/972/1666 1659/968/1666
f 1640/542/1667 340/579/1667 1658/966/1667 2302/972/1667
f 2302/972/1668 1658/966/1668 538/725/1668 1520/722/1668
f 1659/968/1669 2302/972/1669 1520/722/1669 539/721/1669
f 1/420/702 1661/973/702 2303/974/702 1701/423/702
f 1661/973/701 3/975/701 1702/976/701 2303/974/701
f 2303/974/1670 1702/976/1670 542/530/1670 601/424/1670
f 1701/423/1671 2303/974/1671 601/424/1671 541/420/1671
f 4/9/1672 1662/7/1672 2304/977/1672 1703/978/1672
f 1662/7/1673 2/6/1673 1704/230/1673 2304/977/1673
f 2304/977/702 1704/230/702 544/6/702 602/228/702
f 1703/978/701 2304/977/701 602/228/701 543/227/701
f 3/975/690 1663/979/690 2305/980/690 1702/976/690
f 1663/979/689 5/981/689 1705/982/689 2305/980/689
f 2305/980/1674 1705/982/1674 545/373/1674 605/376/1674
f 1702/976/1675 2305/980/1675 605/376/1675 542/530/1675
f 6/17/1676 1664/15/1676 2306/983/1676 1706/984/1676
f 1664/15/1677 4/9/1677 1703/978/1677 2306/983/1677
f 2306/983/690 1703/978/690 543/227/690 606/245/690
f 1706/984/689 2306/983/689 606/245/689 546/221/689
f 5/981/698 1665/985/698 2307/986/698 1705/982/698
f 1665/985/697 7/987/697 1707/988/697 2307/986/697
f 2307/986/1678 1707/988/1678 547/407/1678 608/410/1678
f 1705/982/1679 2307/986/1679 608/410/1679 545/373/1679
f 8/25/1680 1666/23/1680 2308/989/1680 1708/990/1680
f 1666/23/1681 6/17/1681 1706/984/1681 2308/989/1681
f 2308/989/698 1706/984/698 546/221/698 609/218/698
f 1708/990/697 2308/989/697 609/218/697 548/217/697
f 7/987/714 1667/991/714 2309/992/714 1707/988/714
f 1667/991/713 9/993/713 1709/994/713 2309/992/713
f 2309/992/1682 1709/994/1682 549/180/1682 611/463/1682
f 1707/988/1683 2309/992/1683 611/463/1683 547/407/1683
f 10/33/1684 1668/31/1684 2310/995/1684 1710/996/1684
f 1668/31/1685 8/25/1685 1708/990/1685 2310/995/1685
f 2310/995/714 1708/990/714 548/217/714 612/239/714
f 1710/996/713 2310/995/713 612/239/713 550/201/713
f 9/993/86 1669/997/86 2311/998/86 1709/994/86
f 1669/997/85 11/999/85 1711/1000/85 2311/998/85
f 2311/998/1686 1711/1000/1686 551/177/1686 614/178/1686
f 1709/994/1687 2311/998/1687 614/178/1687 549/180/1687
f 12/41/1688 1670/39/1688 2312/1001/1688 1712/1002/1688
f 1670/39/1689 10/33/1689 1710/996/1689 2312/1001/1689
f 2312/1001/86 1710/996/86 550/201/86 615/198/86
f 1712/1002/85 2312/1001/85 615/198/85 552/197/85
f 11/999/708 1671/1003/708 2313/1004/708 1711/1000/708
f 1671/1003/707 13/1005/707 1713/1006/707 2313/1004/707
f 2313/1004/1690 1713/1006/1690 553/447/1690 617/443/1690
f 1711/1000/1691 2313/1004/1691 617/443/1691 551/177/1691
f 14/49/1692 1672/47/1692 2314/1007/1692 1714/1008/1692
f 1672/47/1693 12/41/1693 1712/1002/1693 2314/1007/1693
f 2314/1007/708 1712/1002/708 552/197/708 618/234/708
f 1714/1008/707 2314/1007/707 618/234/707 554/153/707
f 13/1005/722 1673/1009/722 2315/1010/722 1713/1006/722
f 1673/1009/721 15/1011/721 1715/1012/721 2315/1010/721
f 2315/1010/1694 1715/1012/1694 555/411/1694 620/475/1694
f 1713/1006/1695 2315/1010/1695 620/475/1695 553/447/1695
f 16/57/1696 1674/55/1696 2316/1013/1696 1716/1014/1696
f 1674/55/1697 14/49/1697 1714/1008/1697 2316/1013/1697
f 2316/1013/722 1714/1008/722 554/153/722 621/150/722
f 1716/1014/721 2316/1013/721 621/150/721 556/149/721
f 15/1011/700 1675/1015/700 2317/1016/700 1715/1012/700
f 1675/1015/699 17/1017/699 1717/1018/699 2317/1016/699
f 2317/1016/1698 1717/1018/1698 557/418/1698 623/419/1698
f 1715/1012/1699 2317/1016/1699 623/419/1699 555/411/1699
f 18/65/1700 1676/63/1700 2318/1019/1700 1718/1020/1700
f 1676/63/1701 16/57/1701 1716/1014/1701 2318/1019/1701
f 2318/1019/700 1716/1014/700 556/149/700 624/224/700
f 1718/1020/699 2318/1019/699 624/224/699 558/223/699
f 17/1017/716 1677/1021/716 2319/1022/716 1717/1018/716
f 1677/1021/715 19/1023/715 1719/1024/715 2319/1022/715
f 2319/1022/1702 1719/1024/1702 559/379/1702 626/467/1702
f 1717/1018/1703 2319/1022/1703 626/467/1703 557/418/1703
f 20/73/1704 1678/71/1704 2320/1025/1704 1720/1026/1704
f 1678/71/1705 18/65/1705 1718/1020/1705 2320/1025/1705
f 2320/1025/716 1718/1020/716 558/223/716 627/241/716
f 1720/1026/715 2320/1025/715 627/241/715 560/207/715
f 19/1023/692 1679/1027/692 2321/1028/692 1719/1024/692
f 1679/1027/691 21/1029/691 1721/1030/691 2321/1028/691
f 2321/1028/1706 1721/1030/1706 561/384/1706 629/380/1706
f 1719/1024/1707 2321/1028/1707 629/380/1707 559/379/1707
f 22/81/1708 1680/79/1708 2322/1031/1708 1722/1032/1708
f 1680/79/1709 20/73/1709 1720/1026/1709 2322/1031/1709
f 2322/1031/692 1720/1026/692 560/207/692 630/204/692
f 1722/1032/691 2322/1031/691 630/204/691 562/203/691
f 21/1029/710 1681/1033/710 2323/1034/710 1721/1030/710
f 1681/1033/709 23/1035/709 1723/1036/709 2323/1034/709
f 2323/1034/1710 1723/1036/1710 563/453/1710 632/454/1710
f 1721/1030/1711 2323/1034/1711 632/454/1711 561/384/1711
f 24/89/1712 1682/87/1712 2324/1037/1712 1724/1038/1712
f 1682/87/1713 22/81/1713 1722/1032/1713 2324/1037/1713
f 2324/1037/710 1722/1032/710 562/203/710 633/236/710
f 1724/1038/709 2324/1037/709 633/236/709 564/189/709
f 23/1035/724 1683/1039/724 2325/1040/724 1723/1036/724
f 1683/1039/723 25/1041/723 1725/1042/723 2325/1040/723
f 2325/1040/1714 1725/1042/1714 565/425/1714 635/478/1714
f 1723/1036/1715 2325/1040/1715 635/478/1715 563/453/1715
f 26/97/1716 1684/95/1716 2326/1043/1716 1726/1044/1716
f 1684/95/1717 24/89/1717 1724/1038/1717 2326/1043/1717
f 2326/1043/724 1724/1038/724 564/189/724 636/187/724
f 1726/1044/723 2326/1043/723 636/187/723 566/185/723
f 25/1041/704 1685/1045/704 2327/1046/704 1725/1042/704
f 1685/1045/703 27/1047/703 1727/1048/703 2327/1046/703
f 2327/1046/1718 1727/1048/1718 567/431/1718 638/432/1718
f 1725/1042/1719 2327/1046/1719 638/432/1719 565/425/1719
f 28/105/1720 1686/103/1720 2328/1049/1720 1728/1050/1720
f 1686/103/1721 26/97/1721 1726/1044/1721 2328/1049/1721
f 2328/1049/704 1726/1044/704 566/185/704 639/182/704
f 1728/1050/703 2328/1049/703 639/182/703 568/181/703
f 27/1047/718 1687/1051/718 2329/1052/718 1727/1048/718
f 1687/1051/717 29/1053/717 1729/1054/717 2329/1052/717
f 2329/1052/1722 1729/1054/1722 569/395/1722 641/468/1722
f 1727/1048/1723 2329/1052/1723 641/468/1723 567/431/1723
f 30/113/1724 1688/111/1724 2330/1055/1724 1730/1056/1724
f 1688/111/1725 28/105/1725 1728/1050/1725 2330/1055/1725
f 2330/1055/718 1728/1050/718 568/181/718 642/242/718
f 1730/1056/717 2330/1055/717 642/242/717 570/212/717
f 29/1053/694 1689/1057/694 2331/1058/694 1729/1054/694
f 1689/1057/693 31/1059/693 1731/1060/693 2331/1058/693
f 2331/1058/1726 1731/1060/1726 571/389/1726 644/393/1726
f 1729/1054/1727 2331/1058/1727 644/393/1727 569/395/1727
f 32/121/1728 1690/119/1728 2332/1061/1728 1732/1062/1728
f 1690/119/1729 30/113/1729 1730/1056/1729 2332/1061/1729
f 2332/1061/694 1730/1056/694 570/212/694 645/210/694
f 1732/1062/693 2332/1061/693 645/210/693 572/209/693
f 31/1059/712 1691/1063/712 2333/1064/712 1731/1060/712
f 1691/1063/711 33/1065/711 1733/1066/711 2333/1064/711
f 2333/1064/1730 1733/1066/1730 573/460/1730 647/455/1730
f 1731/1060/1731 2333/1064/1731 647/455/1731 571/389/1731
f 34/129/1732 1692/127/1732 2334/1067/1732 1734/1068/1732
f 1692/127/1733 32/121/1733 1732/1062/1733 2334/1067/1733
f 2334/1067/712 1732/1062/712 572/209/712 648/238/712
f 1734/1068/711 2334/1067/711 648/238/711 574/195/711
f 33/1065/726 1693/1069/726 2335/1070/726 1733/1066/726
f 1693/1069/725 35/1071/725 1735/1072/725 2335/1070/725
f 2335/1070/1734 1735/1072/1734 575/433/1734 650/479/1734
f 1733/1066/1735 2335/1070/1735 650/479/1735 573/460/1735
f 36/137/1736 1694/135/1736 2336/1073/1736 1736/1074/1736
f 1694/135/1737 34/129/1737 1734/1068/1737 2336/1073/1737
f 2336/1073/726 1734/1068/726 574/195/726 651/192/726
f 1736/1074/725 2336/1073/725 651/192/725 576/191/725
f 35/1071/706 1695/1075/706 2337/1076/706 1735/1072/706
f 1695/1075/705 37/1077/705 1737/1078/705 2337/1076/705
f 2337/1076/1738 1737/1078/1738 577/441/1738 653/434/1738
f 1735/1072/1739 2337/1076/1739 653/434/1739 575/433/1739
f 38/145/1740 1696/143/1740 2338/1079/1740 1738/1080/1740
f 1696/143/1741 36/137/1741 1736/1074/1741 2338/1079/1741
f 2338/1079/706 1736/1074/706 576/191/706 654/232/706
f 1738/1080/705 2338/1079/705 654/232/705 578/231/705
f 37/1077/720 1697/1081/720 2339/1082/720 1737/1078/720
f 1697/1081/719 39/1083/719 1739/1084/719 2339/1082/719
f 2339/1082/1742 1739/1084/1742 579/399/1742 656/472/1742
f 1737/1078/1743 2339/1082/1743 656/472/1743 577/441/1743
f 40/159/1744 1698/157/1744 2340/1085/1744 1740/1086/1744
f 1698/157/1745 38/145/1745 1738/1080/1745 2340/1085/1745
f 2340/1085/720 1738/1080/720 578/231/720 657/244/720
f 1740/1086/719 2340/1085/719 657/244/719 580/216/719
f 39/1083/696 1699/1087/696 2341/1088/696 1739/1084/696
f 1699/1087/695 1/400/695 1701/401/695 2341/1088/695
f 2341/1088/1746 1701/401/1746 541/400/1746 659/403/1746
f 1739/1084/1747 2341/1088/1747 659/403/1747 579/399/1747
f 2/167/1748 1700/165/1748 2342/1089/1748 1704/215/1748
f 1700/165/1749 40/159/1749 1740/1086/1749 2342/1089/1749
f 2342/1089/696 1740/1086/696 580/216/696 660/214/696
f 1704/215/695 2342/1089/695 660/214/695 544/167/695
f 1801/163/1746 2402/166/1746 2363/168/1746 603/169/1746
f 658/161/1747 2382/160/1747 2402/166/1747 1801/163/1747
f 1800/155/1742 2401/158/1742 2382/160/1742 658/161/1742
f 655/147/1743 2381/146/1743 2401/158/1743 1800/155/1743
f 1798/141/1738 2400/144/1738 2381/146/1738 655/147/1738
f 652/139/1739 2380/138/1739 2400/144/1739 1798/141/1739
f 1797/133/1734 2399/136/1734 2380/138/1734 652/139/1734
f 649/131/1735 2379/130/1735 2399/136/1735 1797/133/1735
f 1796/125/1730 2398/128/1730 2379/130/1730 649/131/1730
f 646/123/1731 2378/122/1731 2398/128/1731 1796/125/1731
f 1795/117/1726 2397/120/1726 2378/122/1726 646/123/1726
f 643/115/1727 2377/114/1727 2397/120/1727 1795/117/1727
f 1794/109/1722 2396/112/1722 2377/114/1722 643/115/1722
f 640/107/1723 2376/106/1723 2396/112/1723 1794/109/1723
f 1793/101/1718 2395/104/1718 2376/106/1718 640/107/1718
f 637/99/1719 2375/98/1719 2395/104/1719 1793/101/1719
f 1792/93/1714 2394/96/1714 2375/98/1714 637/99/1714
f 634/91/1715 2374/90/1715 2394/96/1715 1792/93/1715
f 1791/85/1710 2393/88/1710 2374/90/1710 634/91/1710
f 631/83/1711 2373/82/1711 2393/88/1711 1791/85/1711
f 1790/77/1706 2392/80/1706 2373/82/1706 631/83/1706
f 628/75/1707 2372/74/1707 2392/80/1707 1790/77/1707
f 1789/69/1702 2391/72/1702 2372/74/1702 628/75/1702
f 625/67/1703 2371/66/1703 2391/72/1703 1789/69/1703
f 1788/61/1698 2390/64/1698 2371/66/1698 625/67/1698
f 622/59/1699 2370/58/1699 2390/64/1699 1788/61/1699
f 1787/53/1694 2389/56/1694 2370/58/1694 622/59/1694
f 619/51/1695 2369/50/1695 2389/56/1695 1787/53/1695
f 1786/45/1690 2388/48/1690 2369/50/1690 619/51/1690
f 616/43/1691 2368/42/1691 2388/48/1691 1786/45/1691
f 1785/37/1686 2387/40/1686 2368/42/1686 616/43/1686
f 613/35/1687 2367/34/1687 2387/40/1687 1785/37/1687
f 1784/29/1682 2386/32/1682 2367/34/1682 613/35/1682
f 610/27/1683 2366/26/1683 2386/32/1683 1784/29/1683
f 1783/21/1678 2385/24/1678 2366/26/1678 610/27/1678
f 607/19/1679 2365/18/1679 2385/24/1679 1783/21/1679
f 1782/13/1674 2384/16/1674 2365/18/1674 607/19/1674
f 604/11/1675 2364/10/1675 2384/16/1675 1782/13/1675
f 1781/3/1670 2383/8/1670 2364/10/1670 604/11/1670
f 603/2/1671 2363/5/1671 2383/8/1671 1781/3/1671
f 1699/1087/695 2442/164/695 2403/170/695 1/400/695
f 39/1083/696 2422/162/696 2442/164/696 1699/1087/696
f 1697/1081/719 2441/156/719 2422/162/719 39/1083/719
f 37/1077/720 2421/148/720 2441/156/720 1697/1081/720
f 1695/1075/705 2440/142/705 2421/148/705 37/1077/705
f 35/1071/706 2420/140/706 2440/142/706 1695/1075/706
f 1693/1069/725 2439/134/725 2420/140/725 35/1071/725
f 33/1065/726 2419/132/726 2439/134/726 1693/1069/726
f 1691/1063/711 2438/126/711 2419/132/711 33/1065/711
f 31/1059/712 2418/124/712 2438/126/712 1691/1063/712
f 1689/1057/693 2437/118/693 2418/124/693 31/1059/693
f 29/1053/694 2417/116/694 2437/118/694 1689/1057/694
f 1687/1051/717 2436/110/717 2417/116/717 29/1053/717
f 27/1047/718 2416/108/718 2436/110/718 1687/1051/718
f 1685/1045/703 2435/102/703 2416/108/703 27/1047/703
f 25/1041/704 2415/100/704 2435/102/704 1685/1045/704
f 1683/1039/723 2434/94/723 2415/100/723 25/1041/723
f 23/1035/724 2414/92/724 2434/94/724 1683/1039/724
f 1681/1033/709 2433/86/709 2414/92/709 23/1035/709
f 21/1029/710 2413/84/710 2433/86/710 1681/1033/710
f 1679/1027/691 2432/78/691 2413/84/691 21/1029/691
f 19/1023/692 2412/76/692 2432/78/692 1679/1027/692
f 1677/1021/715 2431/70/715 2412/76/715 19/1023/715
f 17/1017/716 2411/68/716 2431/70/716 1677/1021/716
f 1675/1015/699 2430/62/699 2411/68/699 17/1017/699
f 15/1011/700 2410/60/700 2430/62/700 1675/1015/700
f 1673/1009/721 2429/54/721 2410/60/721 15/1011/721
f 13/1005/722 2409/52/722 2429/54/722 1673/1009/722
f 1671/1003/707 2428/46/707 2409/52/707 13/1005/707
f 11/999/708 2408/44/708 2428/46/708 1671/1003/708
f 1669/997/85 2427/38/85 2408/44/85 11/999/85
f 9/993/86 2407/36/86 2427/38/86 1669/997/86
f 1667/991/713 2426/30/713 2407/36/713 9/993/713
f 7/987/714 2406/28/714 2426/30/714 1667/991/714
f 1665/985/697 2425/22/697 2406/28/697 7/987/697
f 5/981/698 2405/20/698 2425/22/698 1665/985/698
f 1663/979/689 2424/14/689 2405/20/689 5/981/689
f 3/975/690 2404/12/690 2424/14/690 1663/979/690
f 1661/973/701 2423/4/701 2404/12/701 3/975/701
f 1/420/702 2403/1/702 2423/4/702 1661/973/702
f 650/479/68 575/433/68 2459/433/68 2482/479/68
f 573/460/65 650/479/65 2482/479/65 2462/457/65
f 635/478/48 565/425/48 2457/425/48 2481/476/48
f 563/453/45 635/478/45 2481/476/45 2461/450/45
f 620/475/28 555/411/28 2454/411/28 2480/473/28
f 553/447/25 620/475/25 2480/473/25 2460/444/25
f 605/376/8 545/373/8 2452/405/8 2479/375/8
f 542/530/5 605/376/5 2479/375/5 2455/369/5
f 656/472/80 579/399/80 2450/396/80 2478/470/80
f 577/441/77 656/472/77 2478/470/77 2458/437/77
f 641/468/56 569/395/56 2448/385/56 2477/468/56
f 567/431/53 641/468/53 2477/468/53 2456/428/53
f 626/467/36 559/379/36 2446/379/36 2476/464/36
f 557/418/33 626/467/33 2476/464/33 2453/415/33
f 611/463/16 549/180/16 2444/171/16 2475/461/16
f 547/407/13 611/463/13 2475/461/13 2451/407/13
f 647/455/64 573/460/64 2462/457/64 2474/455/64
f 571/389/61 647/455/61 2474/455/61 2447/389/61
f 632/454/44 563/453/44 2461/450/44 2473/448/44
f 561/384/41 632/454/41 2473/448/41 2445/382/41
f 617/443/24 553/447/24 2460/444/24 2472/442/24
f 551/177/21 617/443/21 2472/442/21 2443/175/21
f 653/434/72 577/441/72 2458/437/72 2471/434/72
f 575/433/69 653/434/69 2471/434/69 2459/433/69
f 638/432/52 567/431/52 2456/428/52 2470/426/52
f 565/425/49 638/432/49 2470/426/49 2457/425/49
f 601/424/4 542/530/4 2455/369/4 2469/421/4
f 541/420/1 601/424/1 2469/421/1 2449/420/1
f 623/419/32 557/418/32 2453/415/32 2468/412/32
f 555/411/29 623/419/29 2468/412/29 2454/411/29
f 608/410/12 547/407/12 2451/407/12 2467/406/12
f 545/373/9 608/410/9 2467/406/9 2452/405/9
f 659/403/84 541/400/84 2449/400/84 2466/397/84
f 579/399/81 659/403/81 2466/397/81 2450/396/81
f 644/393/60 571/389/60 2447/389/60 2465/386/60
f 569/395/57 644/393/57 2465/386/57 2448/385/57
f 629/380/40 561/384/40 2445/382/40 2464/380/40
f 559/379/37 629/380/37 2464/380/37 2446/379/37
f 614/178/20 551/177/20 2443/175/20 2463/172/20
f 549/180/17 614/178/17 2463/172/17 2444/171/17
f 1140/458/1735 2042/479/1735 2522/480/1735 2502/459/1735
f 2042/479/1734 1137/436/1734 2499/433/1734 2522/480/1734
f 1139/451/1715 2041/477/1715 2521/476/1715 2501/452/1715
f 2041/477/1714 1135/427/1714 2497/425/1714 2521/476/1714
f 1138/444/1695 2040/474/1695 2520/475/1695 2500/446/1695
f 2040/474/1694 1132/414/1694 2494/411/1694 2520/475/1694
f 1133/378/1675 2039/371/1675 2519/376/1675 2495/378/1675
f 2039/371/1674 1130/374/1674 2492/405/1674 2519/376/1674
f 1136/438/1743 2038/471/1743 2518/470/1743 2498/440/1743
f 2038/471/1742 1128/399/1742 2490/404/1742 2518/470/1742
f 1134/429/1723 2037/469/1723 2517/468/1723 2496/430/1723
f 2037/469/1722 1126/388/1722 2488/394/1722 2517/468/1722
f 1131/416/1703 2036/465/1703 2516/466/1703 2493/418/1703
f 2036/465/1702 1124/381/1702 2486/379/1702 2516/466/1702
f 1129/408/1683 2035/461/1683 2515/462/1683 2491/407/1683
f 2035/461/1682 1122/174/1682 2484/179/1682 2515/462/1682
f 1125/390/1731 2034/456/1731 2514/455/1731 2487/392/1731
f 2034/456/1730 1140/458/1730 2502/459/1730 2514/455/1730
f 1123/383/1711 2033/449/1711 2513/449/1711 2485/382/1711
f 2033/449/1710 1139/451/1710 2501/452/1710 2513/449/1710
f 1121/176/1691 2032/443/1691 2512/445/1691 2483/177/1691
f 2032/443/1690 1138/444/1690 2500/446/1690 2512/445/1690
f 1137/436/1739 2031/435/1739 2511/439/1739 2499/433/1739
f 2031/435/1738 1136/438/1738 2498/440/1738 2511/439/1738
f 1135/427/1719 2030/426/1719 2510/426/1719 2497/425/1719
f 2030/426/1718 1134/429/1718 2496/430/1718 2510/426/1718
f 1127/423/1671 2029/422/1671 2509/422/1671 2489/420/1671
f 2029/422/1670 1133/378/1670 2495/378/1670 2509/422/1670
f 1132/414/1699 2028/413/1699 2508/417/1699 2494/411/1699
f 2028/413/1698 1131/416/1698 2493/418/1698 2508/417/1698
f 1130/374/1679 2027/406/1679 2507/409/1679 2492/405/1679
f 2027/406/1678 1129/408/1678 2491/407/1678 2507/409/1678
f 1128/399/1747 2026/398/1747 2506/402/1747 2490/404/1747
f 2026/398/1746 1127/401/1746 2489/400/1746 2506/402/1746
f 1126/388/1727 2025/387/1727 2505/391/1727 2488/394/1727
f 2025/387/1726 1125/390/1726 2487/392/1726 2505/391/1726
f 1124/381/1707 2024/380/1707 2504/380/1707 2486/379/1707
f 2024/380/1706 1123/383/1706 2485/382/1706 2504/380/1706
f 1122/174/1687 1802/173/1687 2503/173/1687 2484/179/1687
f 1802/173/1686 1121/176/1686 2483/177/1686 2503/173/1686
f 1109/467/1702 270/379/1702 2528/379/1702 2562/465/1702
f 269/418/1703 1109/467/1703 2562/465/1703 2542/418/1703
f 1116/455/1730 277/460/1730 2526/481/1730 2561/455/1730
f 276/389/1731 1116/455/1731 2561/455/1731 2541/511/1731
f 1101/424/1670 262/378/1670 2524/369/1670 2560/422/1670
f 261/420/1671 1101/424/1671 2560/422/1671 2536/514/1671
f 1108/419/1698 269/418/1698 2542/418/1698 2559/417/1698
f 268/411/1699 1108/419/1699 2559/417/1699 2540/411/1699
f 1115/393/1726 276/389/1726 2541/511/1726 2558/393/1726
f 275/395/1727 1115/393/1727 2558/393/1727 2539/508/1727
f 1107/475/1694 268/411/1694 2540/411/1694 2557/475/1694
f 267/447/1695 1107/475/1695 2557/475/1695 2538/505/1695
f 1114/468/1722 275/395/1722 2539/508/1722 2556/468/1722
f 274/431/1723 1114/468/1723 2556/468/1723 2537/504/1723
f 1106/443/1690 267/447/1690 2538/505/1690 2555/443/1690
f 266/177/1691 1106/443/1691 2555/443/1691 2535/500/1691
f 1113/432/1718 274/431/1718 2537/504/1718 2554/426/1718
f 273/425/1719 1113/432/1719 2554/426/1719 2534/497/1719
f 1120/403/1746 261/400/1746 2536/502/1746 2553/403/1746
f 280/399/1747 1120/403/1747 2553/403/1747 2533/492/1747
f 1105/178/1686 266/177/1686 2535/500/1686 2552/173/1686
f 265/180/1687 1105/178/1687 2552/173/1687 2532/171/1687
f 1112/478/1714 273/425/1714 2534/497/1714 2551/496/1714
f 272/453/1715 1112/478/1715 2551/496/1715 2531/452/1715
f 1119/472/1742 280/399/1742 2533/492/1742 2550/491/1742
f 279/441/1743 1119/472/1743 2550/491/1743 2530/441/1743
f 1104/463/1682 265/180/1682 2532/171/1682 2549/461/1682
f 264/407/1683 1104/463/1683 2549/461/1683 2529/489/1683
f 1111/454/1710 272/453/1710 2531/452/1710 2548/449/1710
f 271/384/1711 1111/454/1711 2548/449/1711 2527/486/1711
f 1118/434/1738 279/441/1738 2530/441/1738 2547/490/1738
f 278/433/1739 1118/434/1739 2547/490/1739 2525/482/1739
f 1103/410/1678 264/407/1678 2529/489/1678 2546/410/1678
f 263/373/1679 1103/410/1679 2546/410/1679 2523/373/1679
f 1110/380/1706 271/384/1706 2527/486/1706 2545/485/1706
f 270/379/1707 1110/380/1707 2545/485/1707 2528/379/1707
f 1117/479/1734 278/433/1734 2525/482/1734 2544/479/1734
f 277/460/1735 1117/479/1735 2544/479/1735 2526/481/1735
f 1102/376/1674 263/373/1674 2523/373/1674 2543/370/1674
f 262/378/1675 1102/376/1675 2543/370/1675 2524/369/1675
f 1180/416/33 2062/465/33 2602/464/33 2582/418/33
f 2062/465/36 1166/381/36 2568/488/36 2602/464/36
f 1179/390/61 2061/456/61 2601/455/61 2581/389/61
f 2061/456/64 1164/458/64 2566/484/64 2601/455/64
f 1174/423/1 2060/422/1 2600/422/1 2576/420/1
f 2060/422/4 1162/372/4 2564/377/4 2600/422/4
f 1178/414/29 2059/413/29 2599/513/29 2580/411/29
f 2059/413/32 1180/416/32 2582/418/32 2599/513/32
f 1177/388/57 2058/387/57 2598/512/57 2579/509/57
f 2058/387/60 1179/390/60 2581/389/60 2598/512/60
f 1176/444/25 2057/474/25 2597/510/25 2578/507/25
f 2057/474/28 1178/414/28 2580/411/28 2597/510/28
f 1175/429/53 2056/469/53 2596/468/53 2577/430/53
f 2056/469/56 1177/388/56 2579/509/56 2596/468/56
f 1173/176/21 2055/443/21 2595/506/21 2575/175/21
f 2055/443/24 1176/444/24 2578/507/24 2595/506/24
f 1172/427/49 2054/426/49 2594/426/49 2574/499/49
f 2054/426/52 1175/429/52 2577/430/52 2594/426/52
f 1171/493/81 2053/398/81 2593/503/81 2573/495/81
f 2053/398/84 1174/401/84 2576/400/84 2593/503/84
f 1170/174/17 2052/173/17 2592/501/17 2572/171/17
f 2052/173/20 1173/176/20 2575/175/20 2592/501/20
f 1169/451/45 2051/477/45 2591/498/45 2571/452/45
f 2051/477/48 1172/427/48 2574/499/48 2591/498/48
f 1168/438/77 2050/471/77 2590/494/77 2570/441/77
f 2050/471/80 1171/493/80 2573/495/80 2590/494/80
f 1167/408/13 2049/461/13 2589/461/13 2569/489/13
f 2049/461/16 1170/174/16 2572/171/16 2589/461/16
f 1165/383/41 2048/449/41 2588/454/41 2567/382/41
f 2048/449/44 1169/451/44 2571/452/44 2588/454/44
f 1163/436/69 2047/435/69 2587/434/69 2565/483/69
f 2047/435/72 1168/438/72 2570/441/72 2587/434/72
f 1161/374/9 2046/406/9 2586/406/9 2563/373/9
f 2046/406/12 1167/408/12 2569/489/12 2586/406/12
f 1166/381/37 2045/380/37 2585/487/37 2568/488/37
f 2045/380/40 1165/383/40 2567/382/40 2585/487/40
f 1164/458/65 2044/479/65 2584/480/65 2566/484/65
f 2044/479/68 1163/436/68 2565/483/68 2584/480/68
f 1162/372/5 2023/371/5 2583/375/5 2564/377/5
f 2023/371/8 1161/374/8 2563/373/8 2583/375/8
usemtl Material.008
f 212/189/533 991/236/533 1963/237/533 1042/190/533
f 991/236/534 211/203/534 1041/206/534 1963/237/534
f 1963/237/535 1041/206/535 231/203/535 1031/236/535
f 1042/190/536 1963/237/536 1031/236/536 232/189/536
f 362/247/497 1318/248/497 1983/249/497 1280/250/497
f 1318/248/498 361/251/498 1081/149/498 1983/249/498
f 1983/249/498 1081/149/498 348/252/498 1068/253/498
f 1280/250/497 1983/249/497 1068/253/497 349/247/497
f 205/201/613 984/239/613 1984/240/613 1044/202/613
f 984/239/614 204/217/614 1043/220/614 1984/240/614
f 1984/240/615 1043/220/615 224/217/615 1024/239/615
f 1044/202/616 1984/240/616 1024/239/616 225/201/616
f 220/216/617 999/244/617 1985/244/617 1046/246/617
f 999/244/618 219/231/618 1045/233/618 1985/244/618
f 1985/244/619 1045/233/619 239/231/619 1039/244/619
f 1046/246/620 1985/244/620 1039/244/620 240/254/620
f 213/185/621 992/187/621 1986/188/621 1047/186/621
f 992/187/622 212/189/622 1042/190/622 1986/188/622
f 1986/188/623 1042/190/623 232/189/623 1032/187/623
f 1047/186/624 1986/188/624 1032/187/624 233/185/624
f 206/197/625 985/198/625 1987/199/625 1048/200/625
f 985/198/626 205/201/626 1044/202/626 1987/199/626
f 1987/199/627 1044/202/627 225/201/627 1025/198/627
f 1048/200/628 1987/199/628 1025/198/628 226/197/628
f 201/167/629 1000/214/629 1988/214/629 1049/215/629
f 1000/214/630 220/216/630 1046/246/630 1988/214/630
f 1988/214/631 1046/246/631 240/254/631 1040/255/631
f 1049/215/632 1988/214/632 1040/255/632 221/167/632
f 214/181/633 993/182/633 1989/183/633 1050/184/633
f 993/182/634 213/185/634 1047/186/634 1989/183/634
f 1989/183/635 1047/186/635 233/185/635 1033/182/635
f 1050/184/636 1989/183/636 1033/182/636 234/181/636
f 207/153/637 986/234/637 1990/235/637 1051/154/637
f 986/234/638 206/197/638 1048/200/638 1990/235/638
f 1990/235/639 1048/200/639 226/197/639 1026/234/639
f 1051/154/640 1990/235/640 1026/234/640 227/153/640
f 215/212/641 994/242/641 1991/243/641 1052/213/641
f 994/242/642 214/181/642 1050/184/642 1991/243/642
f 1991/243/643 1050/184/643 234/181/643 1034/242/643
f 1052/213/644 1991/243/644 1034/242/644 235/212/644
f 208/149/645 987/150/645 1992/151/645 1053/152/645
f 987/150/646 207/153/646 1051/154/646 1992/151/646
f 1992/151/647 1051/154/647 227/153/647 1027/150/647
f 1053/152/648 1992/151/648 1027/150/648 228/149/648
f 216/209/649 995/210/649 1993/210/649 1054/211/649
f 995/210/650 215/212/650 1052/213/650 1993/210/650
f 1993/210/651 1052/213/651 235/212/651 1035/210/651
f 1054/211/652 1993/210/652 1035/210/652 236/209/652
f 209/223/653 988/224/653 1994/225/653 1055/226/653
f 988/224/654 208/149/654 1053/152/654 1994/225/654
f 1994/225/655 1053/152/655 228/149/655 1028/224/655
f 1055/226/656 1994/225/656 1028/224/656 229/223/656
f 202/227/657 981/228/657 1995/228/657 1056/229/657
f 981/228/658 201/6/658 1049/230/658 1995/228/658
f 1995/228/659 1049/230/659 221/6/659 1021/228/659
f 1056/229/660 1995/228/660 1021/228/660 222/227/660
f 217/195/661 996/238/661 1996/238/661 1057/196/661
f 996/238/662 216/209/662 1054/211/662 1996/238/662
f 1996/238/663 1054/211/663 236/209/663 1036/256/663
f 1057/196/664 1996/238/664 1036/256/664 237/257/664
f 210/207/665 989/241/665 1997/241/665 1058/208/665
f 989/241/666 209/223/666 1055/226/666 1997/241/666
f 1997/241/667 1055/226/667 229/223/667 1029/241/667
f 1058/208/668 1997/241/668 1029/241/668 230/207/668
f 203/221/669 982/245/669 1998/245/669 1059/222/669
f 982/245/670 202/227/670 1056/229/670 1998/245/670
f 1998/245/671 1056/229/671 222/227/671 1022/245/671
f 1059/222/672 1998/245/672 1022/245/672 223/221/672
f 218/191/673 997/192/673 1999/193/673 1060/194/673
f 997/192/674 217/195/674 1057/196/674 1999/193/674
f 1999/193/675 1057/196/675 237/257/675 1037/192/675
f 1060/194/676 1999/193/676 1037/192/676 238/191/676
f 211/203/677 990/204/677 2000/205/677 1041/206/677
f 990/204/678 210/207/678 1058/208/678 2000/205/678
f 2000/205/679 1058/208/679 230/207/679 1030/204/679
f 1041/206/680 2000/205/680 1030/204/680 231/203/680
f 204/217/681 983/218/681 2001/219/681 1043/220/681
f 983/218/682 203/221/682 1059/222/682 2001/219/682
f 2001/219/683 1059/222/683 223/221/683 1023/218/683
f 1043/220/684 2001/219/684 1023/218/684 224/217/684
f 219/231/685 998/232/685 2002/232/685 1045/233/685
f 998/232/686 218/191/686 1060/194/686 2002/232/686
f 2002/232/687 1060/194/687 238/191/687 1038/232/687
f 1045/233/688 2002/232/688 1038/232/688 239/231/688
f 242/258/486 1741/259/486 2003/260/486 1742/261/486
f 241/262/486 1760/263/486 2003/260/486 1741/259/486
f 260/264/486 1759/265/486 2003/260/486 1760/263/486
f 259/266/486 1758/267/486 2003/260/486 1759/265/486
f 258/268/486 1757/269/486 2003/260/486 1758/267/486
f 257/270/486 1756/271/486 2003/260/486 1757/269/486
f 256/272/486 1755/273/486 2003/260/486 1756/271/486
f 255/274/486 1754/275/486 2003/260/486 1755/273/486
f 254/276/486 1753/277/486 2003/260/486 1754/275/486
f 253/278/486 1752/279/486 2003/260/486 1753/277/486
f 252/280/486 1751/281/486 2003/260/486 1752/279/486
f 251/282/486 1750/283/486 2003/260/486 1751/281/486
f 250/284/486 1749/285/486 2003/260/486 1750/283/486
f 249/286/486 1748/287/486 2003/260/486 1749/285/486
f 248/288/486 1747/289/486 2003/260/486 1748/287/486
f 247/290/486 1746/291/486 2003/260/486 1747/289/486
f 246/292/486 1745/293/486 2003/260/486 1746/291/486
f 245/294/486 1744/295/486 2003/260/486 1745/293/486
f 244/296/486 1743/297/486 2003/260/486 1744/295/486
f 243/298/486 1742/261/486 2003/260/486 1743/297/486
f 364/227/499 1317/228/499 2004/299/499 1282/300/499
f 1317/228/500 363/6/500 1083/230/500 2004/299/500
f 2004/299/500 1083/230/500 342/230/500 1061/301/500
f 1282/300/499 2004/299/499 1061/301/499 341/302/499
f 366/195/501 1316/303/501 2005/303/501 1284/257/501
f 1316/303/502 365/304/502 1085/305/502 2005/303/502
f 2005/303/502 1085/305/502 356/306/502 1076/307/502
f 1284/257/501 2005/303/501 1076/307/501 357/195/501
f 367/308/503 1315/309/503 2006/310/503 1285/311/503
f 1315/309/504 362/247/504 1280/250/504 2006/310/504
f 2006/310/504 1280/250/504 349/247/504 1069/312/504
f 1285/311/503 2006/310/503 1069/312/503 350/207/503
f 368/313/506 1314/314/506 2007/315/506 1286/316/506
f 1314/314/507 364/227/507 1282/300/507 2007/315/507
f 2007/315/507 1282/300/507 341/302/507 1062/317/507
f 1286/316/506 2007/315/506 1062/317/506 343/318/506
f 369/319/509 1313/320/509 2008/321/509 1287/191/509
f 1313/320/510 366/195/510 1284/257/510 2008/321/510
f 2008/321/510 1284/257/510 357/195/510 1077/322/510
f 1287/191/509 2008/321/509 1077/322/509 358/319/509
f 370/323/511 1312/324/511 2009/325/511 1288/323/511
f 1312/324/512 367/308/512 1285/311/512 2009/325/512
f 2009/325/512 1285/311/512 350/207/512 1070/205/512
f 1288/323/511 2009/325/511 1070/205/511 351/203/511
f 371/326/513 1311/327/513 2010/327/513 1289/326/513
f 1311/327/514 368/313/514 1286/316/514 2010/327/514
f 2010/327/514 1286/316/514 343/318/514 1063/328/514
f 1289/326/513 2010/327/513 1063/328/513 344/329/513
f 372/330/515 1310/331/515 2011/332/515 1290/231/515
f 1310/331/516 369/319/516 1287/191/516 2011/332/516
f 2011/332/516 1287/191/516 358/319/516 1078/232/516
f 1290/231/515 2011/332/515 1078/232/515 359/330/515
f 373/189/517 1309/333/517 2012/334/517 1291/335/517
f 1309/333/518 370/323/518 1288/323/518 2012/334/518
f 2012/334/518 1288/323/518 351/203/518 1071/236/518
f 1291/335/517 2012/334/517 1071/236/517 352/336/517
f 374/337/519 1308/338/519 2013/339/519 1292/340/519
f 1308/338/520 371/326/520 1289/326/520 2013/339/520
f 2013/339/520 1289/326/520 344/329/520 1064/240/520
f 1292/340/519 2013/339/519 1064/240/519 345/340/519
f 375/216/521 1307/341/521 2014/342/521 1293/343/521
f 1307/341/522 372/330/522 1290/231/522 2014/342/522
f 2014/342/522 1290/231/522 359/330/522 1079/244/522
f 1293/343/521 2014/342/521 1079/244/521 360/216/521
f 376/344/524 1306/345/524 2015/346/524 1294/344/524
f 1306/345/525 373/189/525 1291/335/525 2015/346/525
f 2015/346/525 1291/335/525 352/336/525 1072/188/525
f 1294/344/524 2015/346/524 1072/188/524 353/347/524
f 377/197/527 1305/348/527 2016/348/527 1295/349/527
f 1305/348/528 374/337/528 1292/340/528 2016/348/528
f 2016/348/528 1292/340/528 345/340/528 1065/199/528
f 1295/349/527 2016/348/527 1065/199/527 346/349/527
f 363/167/484 1304/255/484 2017/350/484 1083/215/484
f 1304/255/485 375/216/485 1293/343/485 2017/350/485
f 2017/350/485 1293/343/485 360/216/485 1080/351/485
f 1083/215/484 2017/350/484 1080/351/484 342/215/484
f 378/352/487 1303/353/487 2018/354/487 1296/355/487
f 1303/353/488 376/344/488 1294/344/488 2018/354/488
f 2018/354/488 1294/344/488 353/347/488 1073/356/488
f 1296/355/487 2018/354/487 1073/356/487 354/352/487
f 379/357/489 1302/358/489 2019/358/489 1297/359/489
f 1302/358/490 377/197/490 1295/349/490 2019/358/490
f 2019/358/490 1295/349/490 346/349/490 1066/234/490
f 1297/359/489 2019/358/489 1066/234/489 347/360/489
f 380/361/491 1301/362/491 2020/363/491 1298/212/491
f 1301/362/492 378/352/492 1296/355/492 2020/363/492
f 2020/363/492 1296/355/492 354/352/492 1074/242/492
f 1298/212/491 2020/363/491 1074/242/491 355/364/491
f 361/251/493 1300/365/493 2021/366/493 1081/149/493
f 1300/365/494 379/357/494 1297/359/494 2021/366/494
f 2021/366/494 1297/359/494 347/360/494 1067/151/494
f 1081/149/493 2021/366/493 1067/151/493 348/252/493
f 365/304/495 1299/367/495 2022/368/495 1085/305/495
f 1299/367/496 380/361/496 1298/212/496 2022/368/496
f 2022/368/496 1298/212/496 355/364/496 1075/210/496
f 1085/305/495 2022/368/495 1075/210/495 356/306/495
f 582/580/870 1239/581/870 2103/582/870 1259/583/870
f 1239/581/871 581/584/871 1260/585/871 2103/582/871
f 2103/582/872 1260/585/872 341/586/872 1061/587/872
f 1259/583/873 2103/582/873 1061/587/873 342/588/873
f 581/584/874 1240/589/874 2104/590/874 1260/585/874
f 1240/589/875 583/591/875 1261/592/875 2104/590/875
f 2104/590/876 1261/592/876 343/593/876 1062/594/876
f 1260/585/877 2104/590/877 1062/594/877 341/586/877
f 583/591/878 1241/595/878 2105/596/878 1261/592/878
f 1241/595/879 584/597/879 1262/598/879 2105/596/879
f 2105/596/880 1262/598/880 344/599/880 1063/600/880
f 1261/592/881 2105/596/881 1063/600/881 343/593/881
f 584/597/882 1242/601/882 2106/602/882 1262/598/882
f 1242/601/883 585/603/883 1263/604/883 2106/602/883
f 2106/602/884 1263/604/884 345/605/884 1064/606/884
f 1262/598/885 2106/602/885 1064/606/885 344/599/885
f 585/603/886 1243/607/886 2107/608/886 1263/604/886
f 1243/607/887 586/609/887 1264/610/887 2107/608/887
f 2107/608/888 1264/610/888 346/611/888 1065/612/888
f 1263/604/889 2107/608/889 1065/612/889 345/605/889
f 586/609/890 1244/613/890 2108/614/890 1264/610/890
f 1244/613/891 587/615/891 1265/616/891 2108/614/891
f 2108/614/892 1265/616/892 347/617/892 1066/618/892
f 1264/610/893 2108/614/893 1066/618/893 346/611/893
f 587/615/894 1245/619/894 2109/620/894 1265/616/894
f 1245/619/895 588/621/895 1266/622/895 2109/620/895
f 2109/620/896 1266/622/896 348/623/896 1067/624/896
f 1265/616/897 2109/620/897 1067/624/897 347/617/897
f 588/621/898 1246/625/898 2110/626/898 1266/622/898
f 1246/625/899 589/627/899 1267/628/899 2110/626/899
f 2110/626/900 1267/628/900 349/629/900 1068/630/900
f 1266/622/901 2110/626/901 1068/630/901 348/623/901
f 589/627/902 1247/631/902 2111/632/902 1267/628/902
f 1247/631/903 590/633/903 1268/634/903 2111/632/903
f 2111/632/904 1268/634/904 350/635/904 1069/636/904
f 1267/628/905 2111/632/905 1069/636/905 349/629/905
f 590/633/906 1248/637/906 2112/638/906 1268/634/906
f 1248/637/907 591/639/907 1269/640/907 2112/638/907
f 2112/638/908 1269/640/908 351/641/908 1070/642/908
f 1268/634/909 2112/638/909 1070/642/909 350/635/909
f 591/639/910 1249/643/910 2113/644/910 1269/640/910
f 1249/643/911 592/645/911 1270/646/911 2113/644/911
f 2113/644/912 1270/646/912 352/647/912 1071/648/912
f 1269/640/913 2113/644/913 1071/648/913 351/641/913
f 592/645/914 1250/649/914 2114/650/914 1270/646/914
f 1250/649/915 593/651/915 1271/652/915 2114/650/915
f 2114/650/916 1271/652/916 353/653/916 1072/654/916
f 1270/646/917 2114/650/917 1072/654/917 352/647/917
f 593/651/918 1251/655/918 2115/656/918 1271/652/918
f 1251/655/919 594/657/919 1272/658/919 2115/656/919
f 2115/656/920 1272/658/920 354/659/920 1073/660/920
f 1271/652/921 2115/656/921 1073/660/921 353/653/921
f 594/657/922 1252/661/922 2116/662/922 1272/658/922
f 1252/661/923 595/663/923 1273/664/923 2116/662/923
f 2116/662/924 1273/664/924 355/665/924 1074/666/924
f 1272/658/925 2116/662/925 1074/666/925 354/659/925
f 595/663/926 1253/667/926 2117/668/926 1273/664/926
f 1253/667/927 596/669/927 1274/670/927 2117/668/927
f 2117/668/928 1274/670/928 356/671/928 1075/672/928
f 1273/664/929 2117/668/929 1075/672/929 355/665/929
f 596/669/930 1254/673/930 2118/674/930 1274/670/930
f 1254/673/931 597/675/931 1275/676/931 2118/674/931
f 2118/674/932 1275/676/932 357/677/932 1076/678/932
f 1274/670/933 2118/674/933 1076/678/933 356/671/933
f 597/675/934 1255/679/934 2119/680/934 1275/676/934
f 1255/679/935 598/681/935 1276/682/935 2119/680/935
f 2119/680/936 1276/682/936 358/683/936 1077/684/936
f 1275/676/937 2119/680/937 1077/684/937 357/677/937
f 598/681/938 1256/685/938 2120/686/938 1276/682/938
f 1256/685/939 599/687/939 1277/688/939 2120/686/939
f 2120/686/940 1277/688/940 359/689/940 1078/690/940
f 1276/682/941 2120/686/941 1078/690/941 358/683/941
f 599/687/942 1257/691/942 2121/692/942 1277/688/942
f 1257/691/943 600/693/943 1278/694/943 2121/692/943
f 2121/692/944 1278/694/944 360/695/944 1079/696/944
f 1277/688/945 2121/692/945 1079/696/945 359/689/945
f 600/693/946 1258/697/946 2122/698/946 1278/694/946
f 1258/697/947 582/580/947 1259/583/947 2122/698/947
f 2122/698/948 1259/583/948 342/588/948 1080/699/948
f 1278/694/949 2122/698/949 1080/699/949 360/695/949
f 236/209/950 1035/210/950 2123/210/950 1283/211/950
f 1035/210/951 235/212/951 1100/700/951 2123/210/951
f 2123/210/952 1100/700/952 380/361/952 1299/367/952
f 1283/211/953 2123/210/953 1299/367/953 365/304/953
f 228/149/954 1027/150/954 2124/701/954 1279/152/954
f 1027/150/955 227/153/955 1099/154/955 2124/701/955
f 2124/701/956 1099/154/956 379/357/956 1300/365/956
f 1279/152/957 2124/701/957 1300/365/957 361/251/957
f 235/212/958 1034/242/958 2125/242/958 1100/700/958
f 1034/242/959 234/181/959 1098/184/959 2125/242/959
f 2125/242/960 1098/184/960 378/352/960 1301/362/960
f 1100/700/961 2125/242/961 1301/362/961 380/361/961
f 227/153/962 1026/234/962 2126/235/962 1099/154/962
f 1026/234/963 226/197/963 1097/200/963 2126/235/963
f 2126/235/964 1097/200/964 377/197/964 1302/358/964
f 1099/154/965 2126/235/965 1302/358/965 379/357/965
f 234/181/966 1033/182/966 2127/183/966 1098/184/966
f 1033/182/967 233/185/967 1096/186/967 2127/183/967
f 2127/183/968 1096/186/968 376/344/968 1303/353/968
f 1098/184/969 2127/183/969 1303/353/969 378/352/969
f 221/167/970 1040/255/970 2128/255/970 1281/215/970
f 1040/255/971 240/254/971 1095/254/971 2128/255/971
f 2128/255/972 1095/254/972 375/216/972 1304/255/972
f 1281/215/973 2128/255/973 1304/255/973 363/167/973
f 226/197/974 1025/198/974 2129/199/974 1097/200/974
f 1025/198/975 225/201/975 1094/202/975 2129/199/975
f 2129/199/976 1094/202/976 374/337/976 1305/348/976
f 1097/200/977 2129/199/977 1305/348/977 377/197/977
f 233/185/978 1032/187/978 2130/188/978 1096/186/978
f 1032/187/979 232/189/979 1093/190/979 2130/188/979
f 2130/188/980 1093/190/980 373/189/980 1306/345/980
f 1096/186/981 2130/188/981 1306/345/981 376/344/981
f 240/254/982 1039/244/982 2131/244/982 1095/254/982
f 1039/244/983 239/231/983 1092/233/983 2131/244/983
f 2131/244/984 1092/233/984 372/330/984 1307/341/984
f 1095/254/985 2131/244/985 1307/341/985 375/216/985
f 225/201/986 1024/239/986 2132/239/986 1094/202/986
f 1024/239/987 224/217/987 1091/220/987 2132/239/987
f 2132/239/988 1091/220/988 371/326/988 1308/338/988
f 1094/202/989 2132/239/989 1308/338/989 374/337/989
f 232/189/990 1031/236/990 2133/237/990 1093/190/990
f 1031/236/991 231/203/991 1090/206/991 2133/237/991
f 2133/237/992 1090/206/992 370/323/992 1309/333/992
f 1093/190/993 2133/237/993 1309/333/993 373/189/993
f 239/231/994 1038/232/994 2134/232/994 1092/233/994
f 1038/232/995 238/191/995 1089/194/995 2134/232/995
f 2134/232/996 1089/194/996 369/319/996 1310/331/996
f 1092/233/997 2134/232/997 1310/331/997 372/330/997
f 224/217/998 1023/218/998 2135/218/998 1091/220/998
f 1023/218/999 223/221/999 1088/222/999 2135/218/999
f 2135/218/1000 1088/222/1000 368/313/1000 1311/327/1000
f 1091/220/1001 2135/218/1001 1311/327/1001 371/326/1001
f 231/203/1002 1030/204/1002 2136/205/1002 1090/206/1002
f 1030/204/1003 230/207/1003 1087/208/1003 2136/205/1003
f 2136/205/1004 1087/208/1004 367/308/1004 1312/324/1004
f 1090/206/1005 2136/205/1005 1312/324/1005 370/323/1005
f 238/191/1006 1037/192/1006 2137/193/1006 1089/194/1006
f 1037/192/1007 237/257/1007 1086/196/1007 2137/193/1007
f 2137/193/1008 1086/196/1008 366/195/1008 1313/320/1008
f 1089/194/1009 2137/193/1009 1313/320/1009 369/319/1009
f 223/221/1010 1022/245/1010 2138/245/1010 1088/222/1010
f 1022/245/1011 222/227/1011 1084/702/1011 2138/245/1011
f 2138/245/1012 1084/702/1012 364/227/1012 1314/314/1012
f 1088/222/1013 2138/245/1013 1314/314/1013 368/313/1013
f 230/207/1014 1029/241/1014 2139/241/1014 1087/208/1014
f 1029/241/1015 229/223/1015 1082/703/1015 2139/241/1015
f 2139/241/1016 1082/703/1016 362/247/1016 1315/309/1016
f 1087/208/1017 2139/241/1017 1315/309/1017 367/308/1017
f 237/257/1018 1036/256/1018 2140/238/1018 1086/196/1018
f 1036/256/1019 236/209/1019 1283/211/1019 2140/238/1019
f 2140/238/1020 1283/211/1020 365/304/1020 1316/303/1020
f 1086/196/1021 2140/238/1021 1316/303/1021 366/195/1021
f 222/227/1022 1021/228/1022 2141/228/1022 1084/702/1022
f 1021/228/1023 221/6/1023 1281/230/1023 2141/228/1023
f 2141/228/1024 1281/230/1024 363/6/1024 1317/228/1024
f 1084/702/1025 2141/228/1025 1317/228/1025 364/227/1025
f 229/223/1026 1028/224/1026 2142/224/1026 1082/703/1026
f 1028/224/1027 228/149/1027 1279/152/1027 2142/224/1027
f 2142/224/1028 1279/152/1028 361/251/1028 1318/248/1028
f 1082/703/1029 2142/224/1029 1318/248/1029 362/247/1029
f 241/262/486 1741/259/486 2343/1090/486 1761/1091/486
f 1741/259/486 242/258/486 1762/1092/486 2343/1090/486
f 2343/1090/486 1762/1092/486 581/584/486 1239/581/486
f 1761/1091/486 2343/1090/486 1239/581/486 582/580/486
f 242/258/486 1742/261/486 2344/1093/486 1762/1092/486
f 1742/261/486 243/298/486 1763/1094/486 2344/1093/486
f 2344/1093/486 1763/1094/486 583/591/486 1240/589/486
f 1762/1092/486 2344/1093/486 1240/589/486 581/584/486
f 243/298/486 1743/297/486 2345/1095/486 1763/1094/486
f 1743/297/486 244/296/486 1764/1096/486 2345/1095/486
f 2345/1095/486 1764/1096/486 584/597/486 1241/595/486
f 1763/1094/486 2345/1095/486 1241/595/486 583/591/486
f 244/296/486 1744/295/486 2346/1097/486 1764/1096/486
f 1744/295/486 245/294/486 1765/1098/486 2346/1097/486
f 2346/1097/486 1765/1098/486 585/603/486 1242/601/486
f 1764/1096/486 2346/1097/486 1242/601/486 584/597/486
f 245/294/486 1745/293/486 2347/1099/486 1765/1098/486
f 1745/293/486 246/292/486 1766/1100/486 2347/1099/486
f 2347/1099/486 1766/1100/486 586/609/486 1243/607/486
f 1765/1098/486 2347/1099/486 1243/607/486 585/603/486
f 246/292/486 1746/291/486 2348/1101/486 1766/1100/486
f 1746/291/486 247/290/486 1767/1102/486 2348/1101/486
f 2348/1101/486 1767/1102/486 587/615/486 1244/613/486
f 1766/1100/486 2348/1101/486 1244/613/486 586/609/486
f 247/290/486 1747/289/486 2349/1103/486 1767/1102/486
f 1747/289/486 248/288/486 1768/1104/486 2349/1103/486
f 2349/1103/486 1768/1104/486 588/621/486 1245/619/486
f 1767/1102/486 2349/1103/486 1245/619/486 587/615/486
f 248/288/486 1748/287/486 2350/1105/486 1768/1104/486
f 1748/287/486 249/286/486 1769/1106/486 2350/1105/486
f 2350/1105/486 1769/1106/486 589/627/486 1246/625/486
f 1768/1104/486 2350/1105/486 1246/625/486 588/621/486
f 249/286/486 1749/285/486 2351/1107/486 1769/1106/486
f 1749/285/486 250/284/486 1770/1108/486 2351/1107/486
f 2351/1107/486 1770/1108/486 590/633/486 1247/631/486
f 1769/1106/486 2351/1107/486 1247/631/486 589/627/486
f 250/284/486 1750/283/486 2352/1109/486 1770/1108/486
f 1750/283/486 251/282/486 1771/1110/486 2352/1109/486
f 2352/1109/486 1771/1110/486 591/639/486 1248/637/486
f 1770/1108/486 2352/1109/486 1248/637/486 590/633/486
f 251/282/486 1751/281/486 2353/1111/486 1771/1110/486
f 1751/281/486 252/280/486 1772/1112/486 2353/1111/486
f 2353/1111/486 1772/1112/486 592/645/486 1249/643/486
f 1771/1110/486 2353/1111/486 1249/643/486 591/639/486
f 252/280/486 1752/279/486 2354/1113/486 1772/1112/486
f 1752/279/486 253/278/486 1773/1114/486 2354/1113/486
f 2354/1113/486 1773/1114/486 593/651/486 1250/649/486
f 1772/1112/486 2354/1113/486 1250/649/486 592/645/486
f 253/278/486 1753/277/486 2355/1115/486 1773/1114/486
f 1753/277/486 254/276/486 1774/1116/486 2355/1115/486
f 2355/1115/486 1774/1116/486 594/657/486 1251/655/486
f 1773/1114/486 2355/1115/486 1251/655/486 593/651/486
f 254/276/486 1754/275/486 2356/1117/486 1774/1116/486
f 1754/275/486 255/274/486 1775/1118/486 2356/1117/486
f 2356/1117/486 1775/1118/486 595/663/486 1252/661/486
f 1774/1116/486 2356/1117/486 1252/661/486 594/657/486
f 255/274/486 1755/273/486 2357/1119/486 1775/1118/486
f 1755/273/486 256/272/486 1776/1120/486 2357/1119/486
f 2357/1119/486 1776/1120/486 596/669/486 1253/667/486
f 1775/1118/486 2357/1119/486 1253/667/486 595/663/486
f 256/272/486 1756/271/486 2358/1121/486 1776/1120/486
f 1756/271/486 257/270/486 1777/1122/486 2358/1121/486
f 2358/1121/486 1777/1122/486 597/675/486 1254/673/486
f 1776/1120/486 2358/1121/486 1254/673/486 596/669/486
f 257/270/486 1757/269/486 2359/1123/486 1777/1122/486
f 1757/269/486 258/268/486 1778/1124/486 2359/1123/486
f 2359/1123/486 1778/1124/486 598/681/486 1255/679/486
f 1777/1122/486 2359/1123/486 1255/679/486 597/675/486
f 258/268/486 1758/267/486 2360/1125/486 1778/1124/486
f 1758/267/486 259/266/486 1779/1126/486 2360/1125/486
f 2360/1125/486 1779/1126/486 599/687/486 1256/685/486
f 1778/1124/486 2360/1125/486 1256/685/486 598/681/486
f 259/266/486 1759/265/486 2361/1127/486 1779/1126/486
f 1759/265/486 260/264/486 1780/1128/486 2361/1127/486
f 2361/1127/486 1780/1128/486 600/693/486 1257/691/486
f 1779/1126/486 2361/1127/486 1257/691/486 599/687/486
f 260/264/486 1760/263/486 2362/1129/486 1780/1128/486
f 1760/263/486 241/262/486 1761/1091/486 2362/1129/486
f 2362/1129/486 1761/1091/486 582/580/486 1258/697/486
f 1780/1128/486 2362/1129/486 1258/697/486 600/693/486
o bot.006
v -0.000000 1.206002 -0.604999
v 0.000000 2.382030 -0.604999
v 0.193100 1.206002 -0.574415
v 0.193100 2.382030 -0.574415
v 0.367299 1.206002 -0.485656
v 0.367299 2.382030 -0.485656
v 0.505544 1.206002 -0.347412
v 0.505544 2.382030 -0.347412
v 0.594302 1.206002 -0.173213
v 0.594302 2.382030 -0.173213
v 0.624886 1.206002 0.019887
v 0.624886 2.382030 0.019887
v 0.594302 1.206002 0.212988
v 0.594302 2.382030 0.212988
v 0.505544 1.206002 0.387186
v 0.505544 2.382030 0.387186
v 0.367299 1.206002 0.525431
v 0.367299 2.382030 0.525431
v 0.193100 1.206002 0.614189
v 0.193100 2.382030 0.614189
v 0.000000 1.206002 0.644773
v 0.000000 2.382030 0.644773
v -0.193100 1.206002 0.614189
v -0.193100 2.382030 0.614189
v -0.367299 1.206002 0.525431
v -0.367299 2.382030 0.525431
v -0.505544 1.206002 0.387186
v -0.505544 2.382030 0.387186
v -0.594302 1.206002 0.212988
v -0.594302 2.382030 0.212988
v -0.624886 1.206002 0.019887
v -0.624886 2.382030 0.019887
v -0.594302 1.206002 -0.173213
v -0.594302 2.382030 -0.173213
v -0.505544 1.206002 -0.347412
v -0.505544 2.382030 -0.347412
v -0.367299 1.206002 -0.485656
v -0.367299 2.382030 -0.485656
v -0.193100 1.206002 -0.574415
v -0.193100 2.382030 -0.574415
v 0.000000 1.794016 -0.604999
v 0.193100 1.794016 -0.574415
v 0.367299 1.794016 -0.485656
v 0.505544 1.794016 -0.347412
v 0.594302 1.794016 -0.173213
v 0.624886 1.794016 0.019887
v 0.594302 1.794016 0.212988
v 0.505544 1.794016 0.387186
v 0.367299 1.794016 0.525431
v 0.193100 1.794016 0.614189
v 0.000000 1.794016 0.644773
v -0.193100 1.794016 0.614189
v -0.367299 1.794016 0.525431
v -0.505544 1.794016 0.387186
v -0.594302 1.794016 0.212988
v -0.624886 1.794016 0.019887
v -0.594302 1.794016 -0.173213
v -0.505544 1.794016 -0.347412
v -0.367299 1.794016 -0.485656
v -0.193100 1.794016 -0.574415
v 0.097751 1.206002 -0.597290
v 0.097751 2.382030 -0.597290
v 0.283685 1.206002 -0.536876
v 0.283685 2.382030 -0.536876
v 0.441850 1.206002 -0.421963
v 0.441850 2.382030 -0.421963
v 0.556763 1.206002 -0.263798
v 0.556763 2.382030 -0.263798
v 0.617177 1.206002 -0.077864
v 0.617177 2.382030 -0.077864
v 0.617177 1.206002 0.117638
v 0.617177 2.382030 0.117638
v 0.556763 1.206002 0.303572
v 0.556763 2.382030 0.303572
v 0.441850 1.206002 0.461737
v 0.441850 2.382030 0.461737
v 0.283685 1.206002 0.576650
v 0.283685 2.382030 0.576650
v 0.097751 1.206002 0.637064
v 0.097751 2.382030 0.637064
v -0.097751 1.206002 0.637064
v -0.097751 2.382030 0.637064
v -0.283685 1.206002 0.576651
v -0.283685 2.382030 0.576651
v -0.441850 1.206002 0.461737
v -0.441850 2.382030 0.461737
v -0.556763 1.206002 0.303572
v -0.556763 2.382030 0.303572
v -0.617177 1.206002 0.117638
v -0.617177 2.382030 0.117638
v -0.617177 1.206002 -0.077864
v -0.617177 2.382030 -0.077864
v -0.556763 1.206002 -0.263798
v -0.556763 2.382030 -0.263798
v -0.441850 1.206002 -0.421963
v -0.441850 2.382030 -0.421963
v -0.283685 1.206002 -0.536876
v -0.283685 2.382030 -0.536876
v -0.097751 1.206002 -0.597290
v -0.097751 2.382030 -0.597290
v 0.000000 0.911478 -0.607899
v 0.193997 0.911478 -0.577173
v 0.194003 2.659600 -0.577192
v 0.000000 2.659600 -0.607919
v 0.369004 0.911478 -0.488003
v 0.369015 2.659600 -0.488018
v 0.507890 0.911478 -0.349116
v 0.507906 2.659600 -0.349128
v 0.597060 0.911478 -0.174109
v 0.597079 2.659600 -0.174115
v 0.627786 0.911478 0.019887
v 0.627806 2.659600 0.019887
v 0.597060 0.911478 0.213884
v 0.597079 2.659600 0.213890
v 0.507890 0.911478 0.388891
v 0.507906 2.659600 0.388902
v 0.369004 0.911478 0.527777
v 0.369015 2.659600 0.527793
v 0.193997 0.911478 0.616948
v 0.194003 2.659600 0.616966
v -0.000000 0.911478 0.647674
v 0.000000 2.659600 0.647693
v -0.193997 0.911478 0.616948
v -0.194003 2.659600 0.616966
v -0.369004 0.911478 0.527777
v -0.369015 2.659600 0.527793
v -0.507890 0.911478 0.388891
v -0.507906 2.659600 0.388902
v -0.597060 0.911478 0.213884
v -0.597079 2.659600 0.213890
v -0.627787 0.911478 0.019887
v -0.627806 2.659600 0.019887
v -0.597060 0.911478 -0.174109
v -0.597079 2.659600 -0.174115
v -0.507890 0.911478 -0.349116
v -0.507906 2.659600 -0.349128
v -0.369004 0.911478 -0.488003
v -0.369015 2.659600 -0.488018
v -0.193997 0.911478 -0.577173
v -0.194003 2.659600 -0.577192
v 0.097751 1.794016 -0.597290
v 0.283685 1.794016 -0.536876
v 0.441850 1.794016 -0.421963
v 0.556763 1.794016 -0.263798
v 0.617177 1.794016 -0.077864
v 0.617177 1.794016 0.117638
v 0.556763 1.794016 0.303572
v 0.441850 1.794016 0.461737
v 0.283685 1.794016 0.576651
v 0.097751 1.794016 0.637064
v -0.097751 1.794016 0.637064
v -0.283685 1.794016 0.576651
v -0.441850 1.794016 0.461737
v -0.556763 1.794016 0.303572
v -0.617177 1.794016 0.117638
v -0.617177 1.794016 -0.077864
v -0.556763 1.794016 -0.263798
v -0.441850 1.794016 -0.421963
v -0.283685 1.794016 -0.536876
v -0.097751 1.794016 -0.597290
v 0.098205 0.911478 -0.600154
v 0.098208 2.659600 -0.600173
v 0.285002 0.911478 -0.539460
v 0.285010 2.659600 -0.539477
v 0.443900 0.911478 -0.424013
v 0.443914 2.659600 -0.424027
v 0.559347 0.911478 -0.265114
v 0.559365 2.659600 -0.265123
v 0.620041 0.911478 -0.078318
v 0.620060 2.659600 -0.078321
v 0.620041 0.911478 0.118092
v 0.620060 2.659600 0.118095
v 0.559347 0.911478 0.304889
v 0.559365 2.659600 0.304898
v 0.443900 0.911478 0.463788
v 0.443914 2.659600 0.463801
v 0.285002 0.911478 0.579235
v 0.285010 2.659600 0.579252
v 0.098205 0.911478 0.639928
v 0.098208 2.659600 0.639947
v -0.098205 0.911478 0.639928
v -0.098208 2.659600 0.639947
v -0.285002 0.911478 0.579235
v -0.285010 2.659600 0.579252
v -0.443900 0.911478 0.463788
v -0.443914 2.659600 0.463801
v -0.559347 0.911478 0.304889
v -0.559365 2.659600 0.304898
v -0.620041 0.911478 0.118092
v -0.620060 2.659600 0.118095
v -0.620041 0.911478 -0.078318
v -0.620060 2.659600 -0.078321
v -0.559347 0.911478 -0.265114
v -0.559365 2.659600 -0.265123
v -0.443900 0.911478 -0.424013
v -0.443914 2.659600 -0.424027
v -0.285002 0.911478 -0.539460
v -0.285010 2.659600 -0.539477
v -0.098205 0.911478 -0.600154
v -0.098208 2.659600 -0.600173
vn 0.0786 -0.0000 -0.9969
vn 0.2333 -0.0000 -0.9724
vn 0.3828 -0.0000 -0.9238
vn 0.5224 -0.0000 -0.8527
vn 0.6496 -0.0000 -0.7603
vn 0.7603 -0.0000 -0.6496
vn 0.8527 -0.0000 -0.5224
vn 0.9238 -0.0000 -0.3828
vn 0.9724 -0.0000 -0.2333
vn 0.9969 -0.0000 -0.0786
vn 0.9969 -0.0000 0.0786
vn 0.9724 -0.0000 0.2333
vn 0.9238 -0.0000 0.3828
vn 0.8527 -0.0000 0.5224
vn 0.7603 -0.0000 0.6496
vn 0.6496 -0.0000 0.7603
vn 0.5224 -0.0000 0.8527
vn 0.3828 -0.0000 0.9238
vn 0.2333 -0.0000 0.9724
vn 0.0786 -0.0000 0.9969
vn -0.0786 -0.0000 0.9969
vn -0.2333 -0.0000 0.9724
vn -0.3828 -0.0000 0.9238
vn -0.5224 -0.0000 0.8527
vn -0.6496 -0.0000 0.7603
vn -0.7603 -0.0000 0.6496
vn -0.8527 -0.0000 0.5224
vn -0.9238 -0.0000 0.3828
vn -0.9724 -0.0000 0.2333
vn -0.9969 -0.0000 0.0786
vn -0.9969 -0.0000 -0.0786
vn -0.9724 -0.0000 -0.2333
vn -0.9238 -0.0000 -0.3828
vn -0.8527 -0.0000 -0.5224
vn -0.7603 -0.0000 -0.6496
vn -0.6496 -0.0000 -0.7603
vn -0.5224 -0.0000 -0.8527
vn -0.3828 -0.0000 -0.9238
vn -0.2333 -0.0000 -0.9724
vn -0.0786 -0.0000 -0.9969
vn 0.0786 0.0098 -0.9969
vn 0.2333 0.0098 -0.9724
vn 0.2333 -0.0105 -0.9724
vn 0.0786 -0.0105 -0.9968
vn 0.3828 0.0098 -0.9238
vn 0.5223 0.0098 -0.8527
vn 0.5223 -0.0105 -0.8527
vn 0.3828 -0.0105 -0.9238
vn 0.6495 0.0098 -0.7603
vn 0.7603 0.0098 -0.6495
vn 0.7603 -0.0105 -0.6495
vn 0.6495 -0.0105 -0.7603
vn 0.8527 0.0098 -0.5223
vn 0.9238 0.0098 -0.3828
vn 0.9238 -0.0105 -0.3828
vn 0.8527 -0.0105 -0.5223
vn 0.9724 0.0098 -0.2333
vn 0.9969 0.0098 -0.0786
vn 0.9968 -0.0105 -0.0786
vn 0.9724 -0.0105 -0.2333
vn 0.9969 0.0098 0.0786
vn 0.9724 0.0098 0.2333
vn 0.9724 -0.0105 0.2333
vn 0.9968 -0.0105 0.0786
vn 0.9238 0.0098 0.3828
vn 0.8527 0.0098 0.5223
vn 0.8527 -0.0105 0.5223
vn 0.9238 -0.0105 0.3828
vn 0.7603 0.0098 0.6495
vn 0.6495 0.0098 0.7603
vn 0.6495 -0.0105 0.7603
vn 0.7603 -0.0105 0.6495
vn 0.5223 0.0098 0.8527
vn 0.3828 0.0098 0.9238
vn 0.3828 -0.0105 0.9238
vn 0.5223 -0.0105 0.8527
vn 0.2333 0.0098 0.9724
vn 0.0786 0.0098 0.9969
vn 0.0786 -0.0105 0.9968
vn 0.2333 -0.0105 0.9724
vn -0.0786 0.0098 0.9969
vn -0.2333 0.0098 0.9724
vn -0.2333 -0.0105 0.9724
vn -0.0786 -0.0105 0.9968
vn -0.3828 0.0098 0.9238
vn -0.5223 0.0098 0.8527
vn -0.5223 -0.0105 0.8527
vn -0.3828 -0.0105 0.9238
vn -0.6495 0.0098 0.7603
vn -0.7603 0.0098 0.6495
vn -0.7603 -0.0105 0.6495
vn -0.6495 -0.0105 0.7603
vn -0.8527 0.0098 0.5223
vn -0.9238 0.0098 0.3828
vn -0.9238 -0.0105 0.3828
vn -0.8527 -0.0105 0.5223
vn -0.9724 0.0098 0.2333
vn -0.9969 0.0098 0.0786
vn -0.9968 -0.0105 0.0786
vn -0.9724 -0.0105 0.2333
vn -0.9969 0.0098 -0.0786
vn -0.9724 0.0098 -0.2333
vn -0.9724 -0.0105 -0.2333
vn -0.9968 -0.0105 -0.0786
vn -0.9238 0.0098 -0.3828
vn -0.8527 0.0098 -0.5223
vn -0.8527 -0.0105 -0.5223
vn -0.9238 -0.0105 -0.3828
vn -0.7603 0.0098 -0.6495
vn -0.6495 0.0098 -0.7603
vn -0.6495 -0.0105 -0.7603
vn -0.7603 -0.0105 -0.6495
vn -0.5223 0.0098 -0.8527
vn -0.3828 0.0098 -0.9238
vn -0.3828 -0.0105 -0.9238
vn -0.5223 -0.0105 -0.8527
vn -0.2333 0.0098 -0.9724
vn -0.0786 0.0098 -0.9969
vn -0.0786 -0.0105 -0.9968
vn -0.2333 -0.0105 -0.9724
vt 1.000000 0.500000
vt 1.000000 0.750000
vt 0.975000 0.750000
vt 0.975000 0.576389
vt 1.000000 1.000000
vt 0.975000 0.923611
vt 0.950000 0.916667
vt 0.950000 0.750000
vt 0.950000 0.583333
vt 0.925000 0.750000
vt 0.925000 0.583333
vt 0.925000 0.916667
vt 0.900000 0.916667
vt 0.900000 0.750000
vt 0.900000 0.583333
vt 0.875000 0.750000
vt 0.875000 0.583333
vt 0.875000 0.916667
vt 0.850000 0.916667
vt 0.850000 0.750000
vt 0.850000 0.583333
vt 0.825000 0.750000
vt 0.825000 0.583333
vt 0.825000 0.916667
vt 0.800000 0.916667
vt 0.800000 0.750000
vt 0.800000 0.583333
vt 0.775000 0.750000
vt 0.775000 0.583333
vt 0.775000 0.916667
vt 0.750000 0.916667
vt 0.750000 0.750000
vt 0.750000 0.583333
vt 0.725000 0.750000
vt 0.725000 0.583333
vt 0.725000 0.916667
vt 0.700000 0.916667
vt 0.700000 0.750000
vt 0.700000 0.583333
vt 0.675000 0.750000
vt 0.675000 0.583333
vt 0.675000 0.916667
vt 0.650000 0.916667
vt 0.650000 0.750000
vt 0.650000 0.583333
vt 0.625000 0.750000
vt 0.625000 0.583333
vt 0.625000 0.916667
vt 0.600000 0.916667
vt 0.600000 0.750000
vt 0.600000 0.583333
vt 0.575000 0.750000
vt 0.575000 0.583333
vt 0.575000 0.916667
vt 0.550000 0.916667
vt 0.550000 0.750000
vt 0.550000 0.583333
vt 0.525000 0.750000
vt 0.525000 0.583333
vt 0.525000 0.916667
vt 0.500000 0.916667
vt 0.500000 0.750000
vt 0.500000 0.583333
vt 0.475000 0.750000
vt 0.475000 0.583333
vt 0.475000 0.916667
vt 0.450000 0.916667
vt 0.450000 0.750000
vt 0.450000 0.583333
vt 0.425000 0.750000
vt 0.425000 0.583333
vt 0.425000 0.916667
vt 0.400000 0.916667
vt 0.400000 0.750000
vt 0.400000 0.583333
vt 0.375000 0.750000
vt 0.375000 0.583333
vt 0.375000 0.916667
vt 0.350000 0.916667
vt 0.350000 0.750000
vt 0.350000 0.583333
vt 0.325000 0.750000
vt 0.325000 0.583333
vt 0.325000 0.916667
vt 0.300000 0.916667
vt 0.300000 0.750000
vt 0.300000 0.583333
vt 0.275000 0.750000
vt 0.275000 0.583333
vt 0.275000 0.916667
vt 0.250000 0.916667
vt 0.250000 0.750000
vt 0.250000 0.583333
vt 0.225000 0.750000
vt 0.225000 0.583333
vt 0.225000 0.916667
vt 0.200000 0.916667
vt 0.200000 0.750000
vt 0.200000 0.583333
vt 0.175000 0.750000
vt 0.175000 0.583333
vt 0.175000 0.916667
vt 0.150000 0.916667
vt 0.150000 0.750000
vt 0.150000 0.583333
vt 0.125000 0.750000
vt 0.125000 0.583333
vt 0.125000 0.916667
vt 0.100000 0.916667
vt 0.100000 0.750000
vt 0.100000 0.583333
vt 0.075000 0.750000
vt 0.075000 0.583333
vt 0.075000 0.916667
vt 0.050000 0.916667
vt 0.050000 0.750000
vt 0.050000 0.583333
vt 0.025000 0.750000
vt 0.025000 0.576389
vt 0.025000 0.923611
vt -0.000000 1.000000
vt -0.000000 0.750000
vt -0.000000 0.500000
vt 0.975000 0.508681
vt 1.000000 0.500000
vt 0.950000 0.510417
vt 0.975000 0.991320
vt 0.950000 0.989583
vt 1.000000 1.000000
vt 0.925000 0.510417
vt 0.900000 0.510417
vt 0.925000 0.989583
vt 0.900000 0.989583
vt 0.875000 0.510417
vt 0.850000 0.510417
vt 0.875000 0.989583
vt 0.850000 0.989583
vt 0.825000 0.510417
vt 0.800000 0.510417
vt 0.825000 0.989583
vt 0.800000 0.989583
vt 0.775000 0.510417
vt 0.750000 0.510417
vt 0.775000 0.989583
vt 0.750000 0.989583
vt 0.725000 0.510417
vt 0.700000 0.510417
vt 0.725000 0.989583
vt 0.700000 0.989583
vt 0.675000 0.510417
vt 0.650000 0.510417
vt 0.675000 0.989583
vt 0.650000 0.989583
vt 0.625000 0.510417
vt 0.600000 0.510417
vt 0.625000 0.989583
vt 0.600000 0.989583
vt 0.575000 0.510417
vt 0.550000 0.510417
vt 0.575000 0.989583
vt 0.550000 0.989583
vt 0.525000 0.510417
vt 0.500000 0.510417
vt 0.525000 0.989583
vt 0.500000 0.989583
vt 0.475000 0.510417
vt 0.450000 0.510417
vt 0.475000 0.989583
vt 0.450000 0.989583
vt 0.425000 0.510417
vt 0.400000 0.510417
vt 0.425000 0.989583
vt 0.400000 0.989583
vt 0.375000 0.510417
vt 0.350000 0.510417
vt 0.375000 0.989583
vt 0.350000 0.989583
vt 0.325000 0.510417
vt 0.300000 0.510417
vt 0.325000 0.989583
vt 0.300000 0.989583
vt 0.275000 0.510417
vt 0.250000 0.510417
vt 0.275000 0.989583
vt 0.250000 0.989583
vt 0.225000 0.510417
vt 0.200000 0.510417
vt 0.225000 0.989583
vt 0.200000 0.989583
vt 0.175000 0.510417
vt 0.150000 0.510417
vt 0.175000 0.989583
vt 0.150000 0.989583
vt 0.125000 0.510417
vt 0.100000 0.510417
vt 0.125000 0.989583
vt 0.100000 0.989583
vt 0.075000 0.510417
vt 0.050000 0.510417
vt 0.075000 0.989583
vt 0.050000 0.989583
vt 0.025000 0.508681
vt -0.000000 0.500000
vt 0.025000 0.991320
vt -0.000000 1.000000
s 0
usemtl Material.009
f 2603/1130/1750 2643/1131/1750 2743/1132/1750 2663/1133/1750
f 2643/1131/1750 2604/1134/1750 2664/1135/1750 2743/1132/1750
f 2743/1132/1751 2664/1135/1751 2606/1136/1751 2644/1137/1751
f 2663/1133/1751 2743/1132/1751 2644/1137/1751 2605/1138/1751
f 2605/1138/1752 2644/1137/1752 2744/1139/1752 2665/1140/1752
f 2644/1137/1752 2606/1136/1752 2666/1141/1752 2744/1139/1752
f 2744/1139/1753 2666/1141/1753 2608/1142/1753 2645/1143/1753
f 2665/1140/1753 2744/1139/1753 2645/1143/1753 2607/1144/1753
f 2607/1144/1754 2645/1143/1754 2745/1145/1754 2667/1146/1754
f 2645/1143/1754 2608/1142/1754 2668/1147/1754 2745/1145/1754
f 2745/1145/1755 2668/1147/1755 2610/1148/1755 2646/1149/1755
f 2667/1146/1755 2745/1145/1755 2646/1149/1755 2609/1150/1755
f 2609/1150/1756 2646/1149/1756 2746/1151/1756 2669/1152/1756
f 2646/1149/1756 2610/1148/1756 2670/1153/1756 2746/1151/1756
f 2746/1151/1757 2670/1153/1757 2612/1154/1757 2647/1155/1757
f 2669/1152/1757 2746/1151/1757 2647/1155/1757 2611/1156/1757
f 2611/1156/1758 2647/1155/1758 2747/1157/1758 2671/1158/1758
f 2647/1155/1758 2612/1154/1758 2672/1159/1758 2747/1157/1758
f 2747/1157/1759 2672/1159/1759 2614/1160/1759 2648/1161/1759
f 2671/1158/1759 2747/1157/1759 2648/1161/1759 2613/1162/1759
f 2613/1162/1760 2648/1161/1760 2748/1163/1760 2673/1164/1760
f 2648/1161/1760 2614/1160/1760 2674/1165/1760 2748/1163/1760
f 2748/1163/1761 2674/1165/1761 2616/1166/1761 2649/1167/1761
f 2673/1164/1761 2748/1163/1761 2649/1167/1761 2615/1168/1761
f 2615/1168/1762 2649/1167/1762 2749/1169/1762 2675/1170/1762
f 2649/1167/1762 2616/1166/1762 2676/1171/1762 2749/1169/1762
f 2749/1169/1763 2676/1171/1763 2618/1172/1763 2650/1173/1763
f 2675/1170/1763 2749/1169/1763 2650/1173/1763 2617/1174/1763
f 2617/1174/1764 2650/1173/1764 2750/1175/1764 2677/1176/1764
f 2650/1173/1764 2618/1172/1764 2678/1177/1764 2750/1175/1764
f 2750/1175/1765 2678/1177/1765 2620/1178/1765 2651/1179/1765
f 2677/1176/1765 2750/1175/1765 2651/1179/1765 2619/1180/1765
f 2619/1180/1766 2651/1179/1766 2751/1181/1766 2679/1182/1766
f 2651/1179/1766 2620/1178/1766 2680/1183/1766 2751/1181/1766
f 2751/1181/1767 2680/1183/1767 2622/1184/1767 2652/1185/1767
f 2679/1182/1767 2751/1181/1767 2652/1185/1767 2621/1186/1767
f 2621/1186/1768 2652/1185/1768 2752/1187/1768 2681/1188/1768
f 2652/1185/1768 2622/1184/1768 2682/1189/1768 2752/1187/1768
f 2752/1187/1769 2682/1189/1769 2624/1190/1769 2653/1191/1769
f 2681/1188/1769 2752/1187/1769 2653/1191/1769 2623/1192/1769
f 2623/1192/1770 2653/1191/1770 2753/1193/1770 2683/1194/1770
f 2653/1191/1770 2624/1190/1770 2684/1195/1770 2753/1193/1770
f 2753/1193/1771 2684/1195/1771 2626/1196/1771 2654/1197/1771
f 2683/1194/1771 2753/1193/1771 2654/1197/1771 2625/1198/1771
f 2625/1198/1772 2654/1197/1772 2754/1199/1772 2685/1200/1772
f 2654/1197/1772 2626/1196/1772 2686/1201/1772 2754/1199/1772
f 2754/1199/1773 2686/1201/1773 2628/1202/1773 2655/1203/1773
f 2685/1200/1773 2754/1199/1773 2655/1203/1773 2627/1204/1773
f 2627/1204/1774 2655/1203/1774 2755/1205/1774 2687/1206/1774
f 2655/1203/1774 2628/1202/1774 2688/1207/1774 2755/1205/1774
f 2755/1205/1775 2688/1207/1775 2630/1208/1775 2656/1209/1775
f 2687/1206/1775 2755/1205/1775 2656/1209/1775 2629/1210/1775
f 2629/1210/1776 2656/1209/1776 2756/1211/1776 2689/1212/1776
f 2656/1209/1776 2630/1208/1776 2690/1213/1776 2756/1211/1776
f 2756/1211/1777 2690/1213/1777 2632/1214/1777 2657/1215/1777
f 2689/1212/1777 2756/1211/1777 2657/1215/1777 2631/1216/1777
f 2631/1216/1778 2657/1215/1778 2757/1217/1778 2691/1218/1778
f 2657/1215/1778 2632/1214/1778 2692/1219/1778 2757/1217/1778
f 2757/1217/1779 2692/1219/1779 2634/1220/1779 2658/1221/1779
f 2691/1218/1779 2757/1217/1779 2658/1221/1779 2633/1222/1779
f 2633/1222/1780 2658/1221/1780 2758/1223/1780 2693/1224/1780
f 2658/1221/1780 2634/1220/1780 2694/1225/1780 2758/1223/1780
f 2758/1223/1781 2694/1225/1781 2636/1226/1781 2659/1227/1781
f 2693/1224/1781 2758/1223/1781 2659/1227/1781 2635/1228/1781
f 2635/1228/1782 2659/1227/1782 2759/1229/1782 2695/1230/1782
f 2659/1227/1782 2636/1226/1782 2696/1231/1782 2759/1229/1782
f 2759/1229/1783 2696/1231/1783 2638/1232/1783 2660/1233/1783
f 2695/1230/1783 2759/1229/1783 2660/1233/1783 2637/1234/1783
f 2637/1234/1784 2660/1233/1784 2760/1235/1784 2697/1236/1784
f 2660/1233/1784 2638/1232/1784 2698/1237/1784 2760/1235/1784
f 2760/1235/1785 2698/1237/1785 2640/1238/1785 2661/1239/1785
f 2697/1236/1785 2760/1235/1785 2661/1239/1785 2639/1240/1785
f 2639/1240/1786 2661/1239/1786 2761/1241/1786 2699/1242/1786
f 2661/1239/1786 2640/1238/1786 2700/1243/1786 2761/1241/1786
f 2761/1241/1787 2700/1243/1787 2642/1244/1787 2662/1245/1787
f 2699/1242/1787 2761/1241/1787 2662/1245/1787 2641/1246/1787
f 2641/1246/1788 2662/1245/1788 2762/1247/1788 2701/1248/1788
f 2662/1245/1788 2642/1244/1788 2702/1249/1788 2762/1247/1788
f 2762/1247/1789 2702/1249/1789 2604/1250/1789 2643/1251/1789
f 2701/1248/1789 2762/1247/1789 2643/1251/1789 2603/1252/1789
f 2603/1130/1790 2663/1133/1790 2763/1253/1790 2703/1254/1790
f 2663/1133/1791 2605/1138/1791 2704/1255/1791 2763/1253/1791
f 2606/1136/1792 2664/1135/1792 2764/1256/1792 2705/1257/1792
f 2664/1135/1793 2604/1134/1793 2706/1258/1793 2764/1256/1793
f 2605/1138/1794 2665/1140/1794 2765/1259/1794 2704/1255/1794
f 2665/1140/1795 2607/1144/1795 2707/1260/1795 2765/1259/1795
f 2608/1142/1796 2666/1141/1796 2766/1261/1796 2708/1262/1796
f 2666/1141/1797 2606/1136/1797 2705/1257/1797 2766/1261/1797
f 2607/1144/1798 2667/1146/1798 2767/1263/1798 2707/1260/1798
f 2667/1146/1799 2609/1150/1799 2709/1264/1799 2767/1263/1799
f 2610/1148/1800 2668/1147/1800 2768/1265/1800 2710/1266/1800
f 2668/1147/1801 2608/1142/1801 2708/1262/1801 2768/1265/1801
f 2609/1150/1802 2669/1152/1802 2769/1267/1802 2709/1264/1802
f 2669/1152/1803 2611/1156/1803 2711/1268/1803 2769/1267/1803
f 2612/1154/1804 2670/1153/1804 2770/1269/1804 2712/1270/1804
f 2670/1153/1805 2610/1148/1805 2710/1266/1805 2770/1269/1805
f 2611/1156/1806 2671/1158/1806 2771/1271/1806 2711/1268/1806
f 2671/1158/1807 2613/1162/1807 2713/1272/1807 2771/1271/1807
f 2614/1160/1808 2672/1159/1808 2772/1273/1808 2714/1274/1808
f 2672/1159/1809 2612/1154/1809 2712/1270/1809 2772/1273/1809
f 2613/1162/1810 2673/1164/1810 2773/1275/1810 2713/1272/1810
f 2673/1164/1811 2615/1168/1811 2715/1276/1811 2773/1275/1811
f 2616/1166/1812 2674/1165/1812 2774/1277/1812 2716/1278/1812
f 2674/1165/1813 2614/1160/1813 2714/1274/1813 2774/1277/1813
f 2615/1168/1814 2675/1170/1814 2775/1279/1814 2715/1276/1814
f 2675/1170/1815 2617/1174/1815 2717/1280/1815 2775/1279/1815
f 2618/1172/1816 2676/1171/1816 2776/1281/1816 2718/1282/1816
f 2676/1171/1817 2616/1166/1817 2716/1278/1817 2776/1281/1817
f 2617/1174/1818 2677/1176/1818 2777/1283/1818 2717/1280/1818
f 2677/1176/1819 2619/1180/1819 2719/1284/1819 2777/1283/1819
f 2620/1178/1820 2678/1177/1820 2778/1285/1820 2720/1286/1820
f 2678/1177/1821 2618/1172/1821 2718/1282/1821 2778/1285/1821
f 2619/1180/1822 2679/1182/1822 2779/1287/1822 2719/1284/1822
f 2679/1182/1823 2621/1186/1823 2721/1288/1823 2779/1287/1823
f 2622/1184/1824 2680/1183/1824 2780/1289/1824 2722/1290/1824
f 2680/1183/1825 2620/1178/1825 2720/1286/1825 2780/1289/1825
f 2621/1186/1826 2681/1188/1826 2781/1291/1826 2721/1288/1826
f 2681/1188/1827 2623/1192/1827 2723/1292/1827 2781/1291/1827
f 2624/1190/1828 2682/1189/1828 2782/1293/1828 2724/1294/1828
f 2682/1189/1829 2622/1184/1829 2722/1290/1829 2782/1293/1829
f 2623/1192/1830 2683/1194/1830 2783/1295/1830 2723/1292/1830
f 2683/1194/1831 2625/1198/1831 2725/1296/1831 2783/1295/1831
f 2626/1196/1832 2684/1195/1832 2784/1297/1832 2726/1298/1832
f 2684/1195/1833 2624/1190/1833 2724/1294/1833 2784/1297/1833
f 2625/1198/1834 2685/1200/1834 2785/1299/1834 2725/1296/1834
f 2685/1200/1835 2627/1204/1835 2727/1300/1835 2785/1299/1835
f 2628/1202/1836 2686/1201/1836 2786/1301/1836 2728/1302/1836
f 2686/1201/1837 2626/1196/1837 2726/1298/1837 2786/1301/1837
f 2627/1204/1838 2687/1206/1838 2787/1303/1838 2727/1300/1838
f 2687/1206/1839 2629/1210/1839 2729/1304/1839 2787/1303/1839
f 2630/1208/1840 2688/1207/1840 2788/1305/1840 2730/1306/1840
f 2688/1207/1841 2628/1202/1841 2728/1302/1841 2788/1305/1841
f 2629/1210/1842 2689/1212/1842 2789/1307/1842 2729/1304/1842
f 2689/1212/1843 2631/1216/1843 2731/1308/1843 2789/1307/1843
f 2632/1214/1844 2690/1213/1844 2790/1309/1844 2732/1310/1844
f 2690/1213/1845 2630/1208/1845 2730/1306/1845 2790/1309/1845
f 2631/1216/1846 2691/1218/1846 2791/1311/1846 2731/1308/1846
f 2691/1218/1847 2633/1222/1847 2733/1312/1847 2791/1311/1847
f 2634/1220/1848 2692/1219/1848 2792/1313/1848 2734/1314/1848
f 2692/1219/1849 2632/1214/1849 2732/1310/1849 2792/1313/1849
f 2633/1222/1850 2693/1224/1850 2793/1315/1850 2733/1312/1850
f 2693/1224/1851 2635/1228/1851 2735/1316/1851 2793/1315/1851
f 2636/1226/1852 2694/1225/1852 2794/1317/1852 2736/1318/1852
f 2694/1225/1853 2634/1220/1853 2734/1314/1853 2794/1317/1853
f 2635/1228/1854 2695/1230/1854 2795/1319/1854 2735/1316/1854
f 2695/1230/1855 2637/1234/1855 2737/1320/1855 2795/1319/1855
f 2638/1232/1856 2696/1231/1856 2796/1321/1856 2738/1322/1856
f 2696/1231/1857 2636/1226/1857 2736/1318/1857 2796/1321/1857
f 2637/1234/1858 2697/1236/1858 2797/1323/1858 2737/1320/1858
f 2697/1236/1859 2639/1240/1859 2739/1324/1859 2797/1323/1859
f 2640/1238/1860 2698/1237/1860 2798/1325/1860 2740/1326/1860
f 2698/1237/1861 2638/1232/1861 2738/1322/1861 2798/1325/1861
f 2639/1240/1862 2699/1242/1862 2799/1327/1862 2739/1324/1862
f 2699/1242/1863 2641/1246/1863 2741/1328/1863 2799/1327/1863
f 2642/1244/1864 2700/1243/1864 2800/1329/1864 2742/1330/1864
f 2700/1243/1865 2640/1238/1865 2740/1326/1865 2800/1329/1865
f 2641/1246/1866 2701/1248/1866 2801/1331/1866 2741/1328/1866
f 2701/1248/1867 2603/1252/1867 2703/1332/1867 2801/1331/1867
f 2604/1250/1868 2702/1249/1868 2802/1333/1868 2706/1334/1868
f 2702/1249/1869 2642/1244/1869 2742/1330/1869 2802/1333/1869
